crop,N,temperature,humidity,rainfall,Area(hectares),yield(t/ha)
watermelon,20.92,28.52,69.76,496.5,13.89,18.278617710583152
rice,138.21,24.86,32.24,104.92,2206.36,14.937045631719212
apple,111.89,10.17,83.0,139.42,3863.5,7.846851300634141
coconut,84.9,35.93,44.96,351.02,3229.07,12.850622625090194
watermelon,140.68,21.1,31.0,461.69,4770.1,16.097060858262928
banana,111.32,32.22,75.31,444.82,2596.46,16.555629587977478
mango,111.26,33.95,72.25,275.68,2561.6,13.326362429731418
coffee,90.54,11.08,60.26,310.23,478.97,10.376787690251998
jute,77.07,33.86,47.6,195.33,2586.34,10.229989096561162
cotton,102.73,38.33,86.37,474.75,3083.1,12.238636437352016
rice,125.66,21.23,54.09,493.99,433.34,16.904739927078047
watermelon,21.48,13.34,62.02,457.86,2126.87,16.242412559300757
banana,100.62,36.71,59.62,477.69,1412.01,11.296237278772812
coconut,31.49,34.49,92.92,188.5,4158.54,7.117692747935574
coconut,132.11,21.9,70.44,402.64,2574.81,16.7760766813862
jute,136.58,15.46,52.47,338.39,702.75,12.588402703664176
grapes,133.57,28.84,35.31,409.73,206.17,17.88805354804288
mango,73.11,35.52,78.49,98.01,3973.5,8.498890147225367
lentil,24.75,16.15,42.39,454.12,1057.43,13.907691289257915
coconut,23.52,31.48,72.83,120.27,136.68,10.045507755340942
coconut,93.55,33.39,37.43,488.55,1105.36,17.49458095100239
mango,52.46,30.77,85.2,346.45,4034.74,14.55010236099476
cotton,113.02,18.91,85.43,260.29,26.7,12.470786516853934
apple,127.98,35.13,44.99,230.71,334.28,11.718260141198996
grapes,48.12,34.02,70.94,421.79,4786.78,12.169138752982173
coconut,130.79,24.3,32.88,172.83,1961.94,14.50031091674567
mango,145.08,11.46,64.62,363.07,35.36,12.375848416289593
cotton,63.57,34.77,38.38,63.16,4360.5,9.66499484004128
coffee,81.3,31.45,66.58,440.66,1009.79,14.273759890670338
mango,47.35,10.55,61.35,306.91,522.93,11.527776184192914
watermelon,148.27,26.2,32.22,301.16,4322.44,16.262337938756815
apple,106.69,25.47,61.78,254.63,4340.91,17.29462485976443
jute,87.92,39.3,83.51,229.96,3591.0,8.91818156502367
orange,32.42,22.71,73.39,420.18,1381.28,18.51459515811421
cotton,23.07,16.5,36.22,438.26,3687.0,12.869335503119066
maize,106.04,30.08,94.62,199.85,1628.43,11.906369939143836
jute,49.07,10.69,40.0,195.14,4095.49,9.386630171237142
coconut,145.56,38.89,65.72,110.82,138.8,3.772622478386167
cotton,142.5,39.75,93.1,257.88,1944.1,11.835131937657527
maize,25.45,29.32,64.47,398.59,3078.91,18.435384600394297
apple,21.65,30.28,62.24,467.74,1376.22,18.023622676606937
muskmelon,95.4,29.27,34.22,266.44,2945.13,16.735050744788854
coconut,124.83,11.87,63.31,295.44,3258.36,10.236207785511729
apple,32.22,15.87,42.14,248.48,476.11,13.885929722123038
chickpea,126.98,12.79,31.91,359.09,657.83,13.145219889637138
apple,118.7,32.89,56.54,80.83,1808.29,10.477832648524297
orange,91.06,23.81,86.2,251.17,563.84,16.411694807037456
coconut,80.38,12.47,89.19,362.5,135.46,13.386756238003835
mango,53.07,29.02,34.61,277.82,3720.53,14.294232273358904
orange,45.49,19.94,61.33,487.19,1391.3,17.40771221160066
muskmelon,107.7,30.13,46.78,447.02,3652.0,15.7685295728368
cotton,98.49,17.73,33.87,73.01,3185.64,8.938018734069136
rice,25.69,24.58,67.52,182.77,2115.95,13.456362390415654
banana,30.09,35.56,56.25,224.33,346.25,9.028245487364622
maize,68.25,19.57,67.84,243.94,4584.01,14.183023160944238
mango,64.96,14.28,87.86,243.74,842.63,13.33270830613674
chickpea,145.32,10.83,62.85,268.52,711.36,10.225610098965362
coconut,112.17,20.69,83.74,427.35,1242.07,17.28027405862794
mango,90.59,11.18,60.91,227.81,1014.55,11.23986003646937
coconut,36.23,13.92,81.38,441.49,2671.6,14.003189100164697
watermelon,46.42,21.26,48.58,314.93,4319.1,13.469016693292582
maize,81.99,37.79,31.24,331.97,2557.06,10.671263091206308
orange,24.38,26.47,44.25,429.0,2920.45,16.79475765721036
banana,88.42,26.64,71.41,419.64,2275.19,18.51419881416497
mango,72.19,37.5,76.84,103.98,2820.81,9.392518461009423
watermelon,113.55,26.56,57.03,133.71,4296.19,14.637097055763364
muskmelon,115.82,37.92,38.17,227.63,189.33,12.205355728093805
coconut,142.55,11.74,92.26,263.21,3739.75,11.491762818370212
orange,23.58,36.32,93.33,456.01,4237.89,14.973944580911729
muskmelon,137.85,25.2,55.17,267.13,1566.8,17.33315037018126
orange,49.47,31.43,91.91,482.68,601.28,18.691790846194785
watermelon,101.23,33.9,46.28,352.72,4358.36,13.176639837002911
banana,138.92,19.76,91.18,495.66,3009.5,19.51075261671374
apple,30.01,39.06,69.24,345.54,1444.43,10.508678163704714
muskmelon,52.29,32.16,30.89,444.86,1004.36,16.842785455414393
coconut,30.55,28.2,73.74,379.73,2300.11,17.164722556747286
mango,110.54,22.87,65.16,237.1,2788.82,12.865179538299351
coconut,98.73,25.98,37.5,334.14,4353.93,17.27226207127813
coffee,110.65,36.45,77.54,371.59,1117.28,12.5947479593298
lentil,37.37,26.74,68.0,385.59,3624.48,16.966193771244427
chickpea,20.7,13.98,63.26,189.03,3533.73,7.948640671471787
orange,109.81,15.02,62.52,473.76,1871.88,14.135083445520012
coffee,134.61,29.17,91.98,459.6,3431.65,19.221829149243074
lentil,81.74,22.49,40.93,405.23,2763.87,15.564393404899652
coffee,56.19,39.03,58.58,391.68,4865.65,10.739691510897826
banana,82.2,28.52,40.14,368.0,4148.28,16.28808325378229
chickpea,114.25,22.56,59.8,75.64,4113.68,12.006342253165048
watermelon,110.81,33.99,38.01,102.66,3293.83,9.831105430456338
banana,123.48,37.85,94.77,433.84,1399.57,13.100559457547677
coconut,55.5,37.14,72.09,77.04,35.08,8.005416191562144
watermelon,60.8,36.87,89.1,448.06,2018.01,16.19226862106729
rice,115.54,34.93,37.79,243.48,1717.12,8.812424291837496
coffee,64.71,26.4,88.66,102.46,830.38,12.873696379970616
watermelon,126.44,18.89,90.99,305.59,870.89,14.041222197981376
coconut,99.82,23.74,44.72,361.41,273.3,17.59213318697402
muskmelon,70.0,34.25,83.54,221.45,1113.98,10.343776369414172
rice,48.66,31.94,92.28,276.09,1164.59,13.701439991756756
jute,115.09,30.32,57.85,289.08,3764.47,15.246042603606885
lentil,76.39,33.04,62.53,98.43,1193.35,11.00798592198433
lentil,63.47,24.78,58.74,73.08,3764.82,12.250768961065868
lentil,135.19,29.25,46.89,137.05,3488.85,12.594703125671783
chickpea,62.94,22.34,57.79,328.73,2343.73,17.257230995037826
mango,96.96,21.94,82.39,412.49,3170.72,18.03713352172377
apple,118.32,27.44,46.49,326.52,4189.28,14.720126131459343
chickpea,36.42,35.12,38.28,456.22,3426.28,14.233060345330795
banana,91.35,25.43,35.53,304.59,4788.58,13.538568845043834
orange,146.98,12.43,83.93,112.11,2405.44,5.70999900226154
muskmelon,82.2,38.9,37.02,106.5,989.27,9.607983664722472
apple,115.21,38.25,64.43,201.79,3854.53,8.955436849628878
grapes,84.91,14.98,33.97,84.53,2338.97,9.722651423489827
grapes,53.05,12.96,37.57,213.64,219.4,9.761030082041932
orange,133.09,36.36,66.29,127.44,750.32,6.379344812879838
grapes,87.12,11.21,56.35,374.93,894.0,11.7736129753915
chickpea,44.03,28.77,67.15,149.22,3029.4,12.941942298805044
jute,87.41,13.81,38.01,126.45,395.17,10.886681681301718
grapes,36.99,38.97,55.58,361.25,3831.63,12.112330783504673
mango,105.5,32.96,39.31,195.68,3977.34,10.795441174252138
apple,83.13,12.47,69.0,415.58,1344.4,13.691371615590596
apple,103.94,19.95,62.54,357.14,4725.67,15.947209602024689
cotton,110.61,35.17,73.62,97.43,3549.85,6.492367283124639
banana,132.12,12.13,52.74,196.75,1538.44,11.2403148644081
mango,67.99,26.33,93.43,54.82,704.88,12.804051753489956
maize,148.98,17.46,65.0,389.56,4934.61,13.363554566622286
chickpea,121.81,19.61,40.68,184.13,1495.27,15.14421475720104
watermelon,42.34,35.94,37.71,69.23,3806.82,8.388177008631876
coconut,41.78,14.8,74.93,295.05,1972.67,13.32677031637324
orange,38.36,21.77,91.61,130.59,225.07,12.59812502776914
rice,29.4,15.98,56.8,235.9,2591.29,10.671657745755976
coffee,109.88,12.61,61.68,442.68,1090.73,13.033372145260511
jute,117.32,16.12,48.97,295.56,3749.35,16.483353114539852
maize,141.77,22.55,50.11,435.0,3507.32,18.087140608783915
cotton,25.39,15.89,43.76,335.9,2681.39,14.012049720480794
grapes,21.56,20.09,89.83,263.65,193.2,15.220238095238097
banana,24.48,26.96,31.37,241.48,3847.62,14.548377958322288
coffee,103.56,19.13,93.89,177.24,1942.24,14.130812875854684
chickpea,80.69,25.43,85.69,189.82,3754.15,13.998942503629316
lentil,82.47,12.5,86.09,363.72,4833.86,15.052409461589704
cotton,53.12,11.57,59.27,198.15,2289.09,8.002870136167648
mango,20.88,38.46,76.23,71.56,3739.01,7.874394558987539
coconut,37.39,23.81,44.14,429.72,161.47,17.119464916083484
coffee,88.73,29.39,59.79,309.81,4173.28,14.702780546716252
coffee,38.92,14.9,36.78,407.76,3461.3,12.869144541068383
jute,29.79,34.85,70.69,440.6,3251.28,13.75957776629512
cotton,71.73,38.41,47.89,402.92,2323.47,14.239697521379664
muskmelon,33.33,20.29,73.35,75.69,1541.59,12.047729941164642
chickpea,94.46,32.1,62.57,441.21,2474.96,14.674326049713937
coffee,72.15,36.09,42.31,377.35,3768.06,13.333309448363348
apple,111.43,28.55,80.8,310.44,4066.13,15.53160622016512
muskmelon,138.53,32.77,62.54,114.91,1066.45,9.635116508040696
coffee,78.24,32.64,50.12,317.16,3420.31,12.15338083390102
muskmelon,20.48,36.27,47.64,263.33,3124.33,11.322834015612946
lentil,137.79,25.44,76.08,238.52,2003.17,14.526325773648766
lentil,126.09,39.89,60.84,290.66,1814.09,8.785418584524473
cotton,23.79,27.93,78.03,310.2,355.85,14.851341857524238
banana,59.31,23.76,41.81,468.47,755.69,18.0461829586206
orange,72.9,25.27,31.6,95.21,2069.26,13.914998598532808
chickpea,64.01,38.97,52.2,445.73,108.06,14.623635017582824
orange,138.01,24.52,88.34,397.33,2038.25,18.63337667116399
cotton,36.33,34.54,73.38,371.17,4516.92,15.2237608813085
cotton,29.48,38.87,63.69,120.74,3069.45,7.447861994819919
maize,87.71,32.05,86.32,142.94,4672.76,9.99929377926536
grapes,57.75,30.69,87.03,144.71,2242.28,10.099380987209448
chickpea,36.08,17.03,38.03,283.64,1344.96,14.964013799666905
muskmelon,67.65,34.1,39.97,397.78,1760.04,14.142604713529238
maize,74.53,14.77,53.02,487.44,1925.02,17.853705416047625
jute,128.72,28.59,73.13,297.44,2007.65,15.234627549622692
maize,64.32,11.53,86.13,456.36,2315.58,15.252342825555584
jute,42.79,18.05,94.96,364.04,2076.52,14.248155567969487
orange,95.8,26.46,81.76,248.17,4594.55,13.467699774733106
jute,134.61,31.64,91.18,315.86,1348.75,16.69414643188137
rice,70.24,30.91,66.41,210.29,782.66,14.2217693506759
coconut,133.04,38.1,50.04,291.59,654.03,10.376083665886886
muskmelon,132.45,35.77,35.77,358.57,4482.32,13.836212050902212
maize,93.04,30.31,82.21,148.0,3952.76,10.201401046357482
muskmelon,73.96,34.71,85.71,369.01,1168.07,14.493540626845997
jute,94.76,32.37,32.29,449.98,4435.34,17.495434397362995
rice,115.86,29.18,85.48,405.49,3823.62,15.539729366411931
banana,80.48,15.33,89.49,129.01,4814.83,10.57367134457499
coffee,130.58,38.16,82.33,443.64,3648.91,12.146243672768032
cotton,88.49,19.39,36.37,482.73,1435.04,14.587906957297358
rice,64.23,12.49,70.3,276.38,4790.32,10.350911838875064
jute,118.27,24.31,84.27,279.81,3300.19,16.201397495295726
lentil,119.49,28.87,79.59,436.48,3406.03,16.643963793624835
lentil,72.4,28.47,32.57,304.65,1059.28,16.332914810059666
rice,90.3,34.58,53.39,53.19,2239.39,9.026779614091335
lentil,67.08,13.79,84.77,184.17,3214.13,11.176984129453382
banana,49.66,12.2,88.12,456.14,191.76,14.370098039215687
muskmelon,125.14,10.09,30.61,327.6,3666.17,12.108721090402245
watermelon,54.58,14.61,86.09,498.56,4585.64,15.667501155781965
rice,108.02,38.3,63.81,459.87,4499.07,12.935319966126334
rice,29.68,22.97,70.51,214.27,922.79,14.542637003001769
orange,37.04,34.38,65.21,129.39,2529.61,10.25701590363732
coconut,93.55,14.42,69.76,279.1,1343.38,11.20943441170778
rice,26.12,25.96,48.49,103.89,4528.85,13.767068902701569
coffee,94.55,32.14,42.29,146.55,977.01,11.384264234757064
muskmelon,92.37,30.27,80.53,328.81,623.38,15.161586833071322
muskmelon,70.71,18.09,72.56,155.39,3532.89,10.769907922409134
coffee,33.08,24.08,53.9,237.1,1957.98,14.941276213240176
banana,136.58,16.31,31.5,137.05,2305.91,9.600049438182756
grapes,92.47,20.19,76.02,340.14,679.67,14.598231494695955
chickpea,149.86,28.12,86.64,170.54,2191.37,12.204009364005168
coconut,125.71,17.49,87.05,372.4,414.49,16.171656734782502
mango,98.47,18.15,43.83,126.62,3469.98,10.987587824713687
coconut,52.97,16.76,74.29,406.58,1388.43,15.620564234423052
orange,113.61,32.03,54.12,333.7,2445.64,10.59985116370357
muskmelon,66.25,39.23,33.01,452.29,2789.46,11.801155062270116
banana,84.9,26.67,78.08,310.83,870.51,18.182398823678074
watermelon,26.04,21.32,58.91,495.38,4031.23,17.727247018899938
cotton,131.09,13.21,76.76,101.89,1582.93,8.574377894158301
chickpea,66.08,37.18,66.84,473.24,1274.93,12.85030550696901
lentil,22.39,20.56,56.7,461.69,189.1,19.23670015864622
grapes,107.62,34.63,36.0,78.1,2029.18,7.356247351146768
coffee,112.43,18.14,60.65,412.61,3723.19,15.34578681184683
banana,143.69,25.99,90.52,378.69,2780.25,18.02767736714324
grapes,81.79,27.01,66.47,284.08,171.29,14.992001868176777
jute,120.23,13.33,56.41,468.9,24.18,15.959470636889993
coconut,36.35,26.54,53.37,207.45,4490.0,14.15397995545657
mango,25.28,20.8,73.41,357.95,2271.78,16.634696141351714
orange,90.66,15.54,52.17,97.43,305.52,10.655898140874577
jute,75.73,13.33,41.51,456.63,2797.53,11.844641523057838
mango,130.83,15.12,73.09,281.72,2122.96,11.692245732373664
muskmelon,31.89,31.62,79.77,469.46,4639.68,17.043304710669698
coffee,35.13,30.73,81.15,349.3,4635.67,13.561237102727327
muskmelon,74.39,25.62,72.6,206.5,2652.93,14.600924261099994
coffee,75.06,21.09,51.4,119.67,2445.31,10.447194834192802
grapes,147.2,36.84,65.27,158.04,2341.53,10.282973098785837
jute,141.05,10.25,88.42,488.2,2430.81,14.142898869101243
coconut,20.77,10.36,49.06,405.82,132.16,13.802436440677967
lentil,36.53,34.12,81.48,123.98,4494.21,8.920916023060784
grapes,44.04,10.48,37.61,253.52,2184.88,10.012275273699242
watermelon,87.85,18.46,44.22,388.77,2765.28,14.05337614997396
muskmelon,58.86,33.5,52.9,409.22,1469.28,13.767280572797562
rice,102.94,28.2,70.74,389.95,3904.8,17.609639418152017
apple,97.17,14.73,68.63,422.62,3079.92,11.791069248551912
coffee,96.95,26.7,73.0,55.24,2258.18,12.633829012744778
banana,92.06,12.39,57.92,173.74,2986.41,7.503728557030013
coconut,118.89,14.85,37.69,231.04,2665.34,9.772126632999916
watermelon,140.58,22.97,94.46,282.84,2454.24,12.855177162787664
jute,131.5,37.91,53.7,174.25,4125.16,10.602810557651098
cotton,24.51,11.24,54.63,411.11,4271.54,15.060584707154796
rice,111.57,24.79,47.26,244.76,4000.4,15.225392460753923
rice,60.35,34.55,71.66,335.45,934.92,13.232436999957216
muskmelon,78.68,18.74,83.48,226.64,2668.23,13.013829392518636
orange,115.48,37.84,59.52,105.16,2384.95,8.428780477578147
watermelon,138.94,31.12,62.01,364.39,3480.49,13.597404388462545
banana,122.22,15.36,79.75,198.86,2178.94,10.231915518554894
mango,47.26,29.46,77.15,216.45,4027.04,11.546940184353767
jute,119.55,34.29,75.22,201.97,1048.04,10.883277355826117
chickpea,79.87,10.24,30.6,220.11,3637.63,9.089780983772402
maize,50.2,15.01,56.47,185.41,2803.87,8.943684978262189
orange,66.47,39.37,41.21,259.03,1823.23,7.759542131272522
muskmelon,98.33,28.12,73.6,59.42,1136.22,10.62307475664924
watermelon,127.5,22.49,59.31,227.29,230.02,12.9991305103904
rice,52.79,31.39,40.25,208.6,3439.99,10.009270375785976
coconut,39.83,10.68,45.85,422.52,1797.86,12.763201806592283
coffee,98.39,34.02,89.69,174.0,4567.93,11.861166874273469
watermelon,61.33,34.99,94.17,237.36,819.56,9.991483234906536
lentil,50.8,19.82,38.83,470.32,4346.07,14.135048446067367
banana,123.23,34.05,78.64,495.74,1009.75,14.958415449368657
coffee,31.94,28.42,64.57,322.22,4350.83,14.488279247867649
muskmelon,128.81,15.97,35.18,354.7,4121.66,13.217477909386025
chickpea,143.91,29.95,58.53,310.77,629.94,13.725513540972155
grapes,138.59,32.08,39.89,53.7,4547.43,9.863318401822568
watermelon,67.81,24.08,37.58,330.42,1504.97,16.800760148042816
jute,64.33,25.36,38.9,259.6,3500.73,15.86334850159824
chickpea,49.51,22.5,79.22,372.28,3065.43,17.667097275096808
watermelon,51.36,27.67,76.85,222.27,4141.28,14.53985241278059
lentil,114.59,22.82,70.73,393.19,333.52,15.311345646437996
coffee,90.93,17.81,31.2,484.26,3628.23,16.401887421690468
banana,147.18,30.32,61.46,192.47,46.03,14.078427112752552
watermelon,45.06,18.93,89.33,237.82,3230.14,11.718204164525378
coconut,52.99,22.68,82.03,405.57,410.88,16.273899922118378
coffee,123.41,11.59,45.8,334.85,2961.63,11.28012952326928
orange,128.55,31.87,91.91,497.2,2385.15,14.257614825063412
orange,30.7,17.57,56.96,386.48,3676.19,15.764862534308618
jute,104.1,19.81,58.76,300.23,616.72,16.927276559865092
lentil,97.59,38.59,33.52,391.46,3744.5,12.63099212177861
muskmelon,29.5,13.82,72.22,260.59,2722.53,11.511836416862256
jute,55.3,15.76,44.62,256.93,1723.67,11.49313963809778
watermelon,61.73,24.31,40.47,355.04,59.21,18.16213477453133
mango,47.08,35.14,64.14,344.12,4811.83,11.711521396225551
jute,147.87,24.11,59.82,359.38,1461.05,13.066027856678415
rice,73.75,17.77,34.53,343.17,2119.21,15.647618688096031
coconut,37.71,19.5,78.73,346.72,478.61,14.365245189193708
mango,49.77,14.96,80.52,137.83,1131.5,11.54943879805568
grapes,135.54,33.14,30.14,273.08,4998.18,13.317331508669154
cotton,22.41,30.14,46.41,138.28,3361.61,13.94938734713426
lentil,112.55,30.25,93.64,354.65,670.33,15.037742604388882
cotton,64.14,28.18,91.72,416.33,680.81,15.556307927321868
muskmelon,70.35,21.24,35.25,469.47,510.16,18.371726517171084
banana,46.32,10.17,72.34,153.5,4212.41,12.066484506493907
coffee,47.92,10.76,78.76,196.17,2978.63,9.083662623420834
maize,22.01,24.07,84.02,117.22,2836.67,12.806766384528338
grapes,140.14,28.26,46.55,475.34,3995.87,18.53710456045868
cotton,68.4,22.67,46.42,252.2,2981.44,16.257311902973058
grapes,48.2,26.43,78.31,55.97,3977.49,12.74441419085906
banana,109.52,13.16,79.98,396.25,2356.47,8.838406599702097
watermelon,76.36,14.86,78.07,415.53,3912.63,14.701696812629867
jute,95.9,37.16,81.71,375.71,163.62,13.1681945972375
jute,58.21,18.25,84.27,67.3,911.18,9.793322943874974
maize,61.26,30.05,44.83,204.51,2945.66,14.64743385183626
jute,98.55,19.0,48.31,112.45,577.67,10.597347966832276
rice,37.14,10.34,59.77,69.05,3656.23,9.63949204508469
orange,143.12,23.65,53.15,320.95,3900.25,17.464334337542468
banana,75.75,27.69,80.0,388.02,4611.24,14.425319436854297
banana,78.83,26.36,39.57,195.27,3443.04,15.13845613179051
coffee,35.55,25.18,55.91,311.5,967.46,16.326545800343165
orange,53.82,25.91,75.77,391.04,1884.77,16.19414039909379
coconut,144.77,13.51,49.46,94.49,4504.62,9.37123220160635
muskmelon,56.08,34.79,47.37,226.95,3792.79,9.55264857795976
banana,40.07,22.05,83.95,431.86,3228.71,16.598542451939007
orange,74.04,38.21,49.09,267.14,3807.94,9.746054297074007
coffee,65.51,13.58,80.9,92.86,1008.33,9.827110172265032
mango,59.21,12.19,60.05,95.89,2265.62,11.425300800663836
orange,118.66,24.39,82.76,194.4,4807.72,13.09810679490486
jute,65.69,21.33,81.26,412.54,4750.28,18.020762986602897
mango,64.58,32.82,61.56,82.12,586.63,10.692531919608612
jute,119.85,35.69,75.14,60.12,3498.9,8.653096687530367
jute,68.34,38.51,94.92,323.91,4449.57,12.389176931703512
coconut,41.35,26.02,44.19,327.6,1554.75,15.46143753014954
banana,69.91,26.11,66.47,57.15,992.09,9.852422663266436
coconut,27.79,32.6,79.45,123.93,3842.69,11.563605182827654
watermelon,63.24,38.08,86.4,312.4,3774.81,10.99490570386324
muskmelon,106.08,29.18,59.09,440.83,4084.71,16.967892457481682
coffee,25.52,36.07,42.69,58.22,764.7,9.354923499411534
banana,134.07,17.27,45.82,108.78,4031.71,11.284782387622126
coffee,81.27,31.0,30.4,103.9,700.83,10.468986772826504
coconut,115.85,15.3,36.66,193.15,3434.39,10.128421641106572
grapes,127.41,35.79,90.1,157.82,653.4,9.791414141414142
cotton,145.76,22.18,32.02,368.47,4190.32,16.507221405525115
jute,93.47,11.81,78.69,247.77,4871.47,11.34815979570848
mango,130.64,26.31,45.49,444.58,2724.03,15.90804066034515
mango,91.4,26.99,69.79,332.35,1451.68,16.407279841287334
coconut,113.96,15.58,37.22,241.95,1492.43,13.307699523595748
muskmelon,42.77,38.83,73.56,320.62,4262.66,10.714990170456945
maize,66.22,17.71,85.26,259.98,2333.44,12.263383673889193
banana,116.26,17.26,58.39,334.73,4951.29,11.198758303391642
lentil,81.07,22.31,94.25,242.35,67.05,18.35466070096943
banana,46.13,14.21,68.18,486.21,2164.2,14.480440809537011
chickpea,28.72,38.36,86.21,430.64,1756.49,11.931095537122328
grapes,39.84,11.51,69.56,334.9,1693.27,11.498750937535066
apple,87.29,23.27,66.17,306.75,1332.81,16.545524118216402
banana,25.53,27.3,83.71,119.82,3085.31,12.296767585753132
coffee,31.16,26.79,53.29,406.04,2842.0,18.213099929627024
rice,63.67,34.13,43.46,406.81,1139.09,15.477749782721297
apple,22.15,35.2,82.44,394.47,2715.06,14.009590948266336
banana,80.39,36.72,52.21,334.99,4363.34,11.233610032681383
cotton,59.83,22.45,81.95,183.32,3133.24,12.895823492614674
mango,26.2,27.49,34.52,434.89,1231.06,17.80667879713418
muskmelon,76.56,31.57,86.94,230.61,1244.25,13.115467148884871
orange,91.56,15.03,73.02,121.21,1648.08,10.014774768215135
grapes,85.96,10.62,32.05,127.6,3068.94,7.837829999934831
cotton,62.3,36.24,43.87,217.99,4186.67,13.547953385387432
mango,96.26,14.85,83.49,189.18,1301.17,8.815320058101554
orange,20.33,18.93,33.61,316.62,1443.89,14.63321305639626
banana,47.72,22.72,66.18,331.41,399.47,15.371417127694194
coconut,30.43,12.16,47.44,483.23,3975.7,14.321118293633829
coffee,122.22,27.23,82.85,318.3,4320.7,12.216622306570695
mango,89.38,23.56,83.14,410.31,3163.64,18.26987583922317
watermelon,46.86,33.91,74.31,367.44,4508.31,16.534670419735995
muskmelon,77.69,13.57,50.27,64.09,3020.69,9.153213338674275
jute,147.47,10.3,74.8,215.9,4738.78,9.172584504872562
lentil,105.63,35.03,39.76,128.68,4559.84,13.087621495491067
maize,126.71,18.24,32.11,314.04,220.92,12.663814955640053
grapes,54.94,21.45,62.93,89.42,3868.01,10.990633426490623
rice,59.19,23.85,43.31,198.38,282.07,15.847165597192188
banana,30.78,19.01,58.21,417.41,4623.61,20.45749317092056
maize,85.11,12.99,49.92,311.8,1788.4,12.82484343547305
rice,20.76,13.56,86.6,157.52,3484.19,7.445486612383366
banana,76.29,31.79,43.48,115.56,3019.91,11.675818153521131
orange,136.55,22.94,86.54,495.99,1584.71,19.08160483621609
chickpea,95.55,30.05,76.6,196.46,3736.38,12.662052574952224
grapes,60.71,21.38,84.48,460.21,3265.21,17.334174524762574
apple,104.71,27.14,45.96,198.1,1744.15,15.797368345612474
cotton,109.7,16.6,84.36,470.06,3775.87,15.576253949420927
watermelon,57.83,13.24,90.78,197.87,1319.66,10.109126593213404
rice,119.67,14.0,43.28,119.19,3364.02,8.733925482012591
watermelon,20.18,23.48,45.71,356.81,2603.52,16.638285859144542
banana,140.39,39.94,88.5,391.09,3725.76,12.35739285407541
chickpea,95.57,35.96,57.96,82.84,3781.81,8.833270312363657
banana,60.44,10.03,88.13,471.62,2476.43,11.517494942316157
jute,52.53,37.76,66.3,94.85,3160.13,6.72172030897463
lentil,141.99,26.49,74.2,403.36,3287.47,17.12601483815822
coconut,36.54,24.21,81.88,484.66,68.02,19.20141134960306
maize,37.03,14.83,57.71,175.58,2565.4,12.465058080611213
cotton,123.84,31.71,73.53,448.16,1535.95,17.026706598522086
watermelon,79.29,31.34,39.6,403.7,3328.51,13.100276099516
grapes,26.27,36.86,79.44,375.91,3419.97,11.25296420728837
muskmelon,69.29,32.75,51.75,286.11,551.55,12.74981416009428
grapes,71.58,32.86,36.47,68.09,3045.84,12.674766238541748
chickpea,48.18,18.28,52.8,418.75,754.82,17.498754669987544
cotton,39.01,14.4,84.66,345.53,2331.74,15.539120999768416
coffee,80.73,22.44,58.18,62.96,1407.14,11.318113336270732
mango,86.47,26.12,60.5,367.34,1753.63,16.807753060793896
coffee,120.05,17.43,36.76,54.41,4633.39,10.520974923328277
cotton,48.12,33.33,93.48,463.27,4078.99,15.559268348292102
lentil,22.37,37.89,86.38,154.86,3965.58,9.366385245033516
mango,51.27,13.97,37.42,112.14,770.51,10.672982829554453
jute,75.66,20.56,36.13,172.26,2287.99,12.336837136525949
muskmelon,24.96,33.2,33.38,64.23,4634.3,8.596143969963101
watermelon,76.91,28.38,82.4,68.23,154.9,9.659715945771463
banana,149.46,26.4,35.74,68.06,3537.49,14.45687761661517
coconut,113.25,39.6,89.27,352.52,250.53,10.412685107571948
muskmelon,35.04,23.28,65.85,306.83,4918.47,16.585724829062695
chickpea,95.25,15.45,92.67,279.76,2126.02,11.737184974741536
coconut,28.66,10.62,93.5,208.04,1106.03,11.951140565807435
banana,60.8,17.39,86.14,280.83,1583.13,14.49927043262398
banana,44.8,21.14,83.91,479.4,3808.74,17.234316335586048
cotton,149.29,16.11,71.86,222.34,667.54,13.006082032537376
banana,107.98,13.76,40.44,486.2,4662.81,16.46432944940926
jute,123.26,34.74,83.06,274.25,1103.14,11.88529107819497
grapes,75.6,25.57,82.68,253.4,4020.74,17.79777851838219
rice,123.76,16.91,67.66,211.6,1128.62,11.234791160886749
maize,45.5,31.9,78.7,425.99,2003.01,18.634260438040748
lentil,115.99,22.47,54.98,137.4,2105.34,12.297548139492909
watermelon,139.5,21.88,68.1,199.03,948.98,12.099612215220551
rice,66.29,35.0,74.69,460.7,3263.25,15.79414387497127
mango,89.74,30.22,45.72,415.2,672.08,14.486995595762409
banana,118.23,17.51,87.74,429.1,3360.77,15.960925621211803
coconut,79.18,14.37,51.6,212.44,4260.68,12.74690190298262
orange,132.13,21.89,39.99,408.4,231.57,19.31467806710714
orange,147.97,12.03,41.14,141.42,2524.79,8.349169633910147
mango,128.17,30.65,47.7,136.74,3536.37,13.339783450261145
banana,59.45,27.79,61.93,230.07,2290.44,11.95091772759819
orange,88.4,34.36,44.67,123.4,2007.9,7.334344339857562
coconut,132.34,37.65,57.16,167.73,2350.02,12.43660479485281
coconut,49.48,12.44,74.75,465.14,608.22,12.93518792542172
coffee,72.91,24.7,57.96,384.3,1873.61,17.339835931704037
chickpea,26.16,18.96,40.33,271.94,2252.34,12.831823792145055
apple,75.08,10.32,73.78,281.24,3875.87,10.917370809650478
lentil,65.77,36.75,66.59,403.25,4118.02,13.411515728432594
coconut,128.19,29.25,73.48,410.07,912.07,18.36787746554541
watermelon,71.47,33.85,56.61,382.26,378.4,15.29146405919662
rice,147.29,14.13,73.63,351.35,403.02,13.285370453079253
banana,132.02,35.29,30.69,87.08,690.56,12.692930375347544
rice,57.01,17.52,77.7,469.53,986.92,18.302172415190693
muskmelon,66.66,19.34,58.48,260.52,1710.41,11.802211165743884
maize,134.18,36.22,67.09,253.93,779.24,10.163056311277655
coconut,112.09,29.7,69.67,64.33,564.97,10.16459281023771
watermelon,129.54,23.06,57.83,499.97,3516.17,15.753601219508726
muskmelon,83.3,36.45,37.33,215.2,2496.87,10.029200559099994
cotton,97.64,24.46,48.98,212.32,4037.86,15.04124957279351
rice,104.6,21.76,56.19,471.05,2316.53,19.38352190560882
orange,142.03,30.93,34.73,275.54,69.57,13.618801207416992
cotton,24.46,27.88,63.4,406.9,183.58,15.485238043359844
coconut,131.42,36.42,64.95,154.66,3538.1,8.870803538622425
grapes,94.23,24.25,69.02,222.51,1802.28,15.182052733204609
muskmelon,99.57,31.15,74.13,293.0,906.94,11.785233863320617
jute,106.46,37.28,84.4,222.87,1572.29,9.854982223381183
grapes,103.56,29.43,89.59,490.86,4489.55,15.566535621610184
jute,52.57,29.38,58.37,226.39,1271.65,11.541658475209374
banana,29.48,26.82,46.77,183.97,1373.83,12.43731757204312
maize,94.94,38.24,87.97,272.96,4508.91,10.593520385192877
watermelon,24.56,20.25,51.17,443.5,4627.39,18.08624948405041
grapes,57.43,33.92,54.8,448.38,3147.06,15.024282981576455
apple,72.82,36.65,31.66,197.1,205.27,9.492278462512788
apple,66.99,17.96,73.39,308.22,3958.79,11.997153170539482
jute,20.99,27.15,90.96,484.17,1973.47,19.002898447911548
maize,81.45,39.24,44.43,63.18,2366.59,7.61679462855839
lentil,90.82,39.7,43.51,226.15,1682.27,12.40703929809127
coffee,88.33,32.93,79.24,305.13,767.02,14.804281505045502
rice,94.35,11.9,47.4,91.8,1024.41,8.036206206499351
chickpea,69.47,25.84,87.77,278.02,1891.2,16.071705795262268
grapes,90.89,21.98,68.56,153.93,1324.97,11.65908662082915
lentil,76.24,27.24,41.67,327.86,3495.92,16.412901324973113
grapes,122.02,11.8,73.19,435.74,4810.0,12.00666528066528
grapes,116.52,37.97,47.66,305.07,1738.46,11.59150627566927
lentil,58.16,29.03,68.42,202.86,1935.42,13.4839621374172
banana,61.86,25.17,72.26,190.85,4231.48,13.942034465482529
mango,123.13,18.09,36.35,233.06,4581.08,14.676648301273934
rice,62.92,15.38,30.22,227.17,4361.55,10.461287844917518
lentil,63.95,31.03,30.64,223.66,2058.82,9.620972207380923
watermelon,89.41,23.63,68.41,426.38,3917.51,16.757394365298364
lentil,49.18,15.09,75.33,427.02,225.67,15.23702751805734
muskmelon,91.87,27.17,34.53,466.02,2728.63,14.415237683379573
lentil,88.09,25.82,51.09,431.73,2638.36,18.928436604557376
mango,43.65,27.18,51.83,71.43,1168.32,12.35876301013421
maize,93.67,24.75,77.66,308.28,2421.76,17.403520580073994
lentil,29.89,25.44,83.75,228.03,488.92,13.24543892661376
cotton,149.36,33.8,57.9,140.3,3891.67,9.66779043444074
mango,33.87,27.62,32.04,85.62,2559.87,12.336907733595847
rice,33.17,31.26,52.63,103.09,4463.24,10.38394081429634
coffee,96.83,34.37,78.35,276.84,1278.58,13.009111670759747
banana,21.0,28.34,63.98,153.54,1277.29,12.162061865355556
banana,66.26,14.71,59.19,178.49,4314.32,10.86416399339873
mango,41.68,14.91,32.61,191.72,3112.58,11.69299744906155
lentil,111.08,16.7,50.13,251.85,2924.52,12.760528223434957
coconut,100.49,15.2,43.6,198.94,4056.54,11.978770084850636
maize,117.12,35.84,90.69,185.26,4811.7,10.597585053099737
mango,57.79,21.95,35.43,342.94,4511.57,16.99083467617703
lentil,110.86,38.56,66.61,494.71,1224.85,15.001045025921542
coffee,92.41,13.54,77.13,125.85,90.24,9.79122340425532
rice,82.67,28.95,54.86,148.14,998.4,15.477223557692309
chickpea,82.03,13.85,53.92,416.87,193.58,13.317026552329784
banana,20.46,22.04,55.03,454.0,3046.37,20.30128316652278
apple,121.32,28.67,60.94,397.36,1757.51,17.72190769896046
rice,103.02,39.45,54.67,233.61,3920.53,11.254590578314666
coconut,34.36,18.76,61.83,352.3,3875.87,16.02089337361676
rice,97.98,37.71,94.73,175.49,4949.72,9.467739589310105
rice,111.0,27.73,88.0,115.44,3455.06,11.99684520674026
rice,31.5,28.51,65.98,338.43,4801.34,16.74924500243682
apple,129.28,24.93,68.67,436.18,1260.8,21.473207487309644
jute,79.51,29.19,59.62,257.84,2489.42,15.470896835407444
orange,112.22,35.05,42.51,305.55,1201.3,14.51168733871639
maize,51.58,20.29,51.23,208.09,1452.36,12.254186289900575
coffee,124.31,31.27,67.01,279.1,1721.69,13.450412095092611
mango,93.75,32.28,35.07,209.51,75.54,13.090945194598886
coconut,144.47,17.98,44.71,474.54,4857.67,15.746065500538323
muskmelon,54.99,14.87,34.19,445.66,1343.56,18.028565899550447
lentil,123.52,26.55,47.81,347.9,2572.82,15.842258688909444
coconut,139.58,23.69,31.86,384.48,1887.15,15.046864319211508
mango,50.8,34.27,89.98,260.83,1146.3,10.867373287969992
muskmelon,144.28,21.93,89.13,201.59,450.02,15.150993289187149
cotton,103.94,30.76,83.4,376.56,3805.06,16.32014212653677
lentil,81.88,19.89,34.03,450.18,2633.69,16.821846914405263
watermelon,129.13,24.41,36.92,307.65,4556.81,15.451304750472367
rice,138.53,24.03,74.31,197.69,3391.59,12.50289687137891
mango,25.42,27.41,38.96,84.4,90.76,11.801674746584396
banana,52.23,11.4,63.79,88.35,2535.31,6.839238594096974
lentil,26.89,31.8,49.81,189.19,1714.34,13.763255830232044
lentil,33.71,15.88,90.19,187.37,4540.09,8.962950073676954
watermelon,103.31,11.2,73.96,383.65,3764.2,14.176284469475586
chickpea,102.21,39.21,60.52,378.8,830.35,14.878774010959232
cotton,51.77,26.37,74.95,77.44,1103.21,12.126376664460985
mango,101.89,30.06,30.92,86.82,4519.63,10.452490579981104
orange,82.3,25.12,77.28,344.56,2104.28,16.967376014598816
muskmelon,33.55,27.94,41.17,188.2,1292.27,10.225510148807912
maize,27.59,29.87,72.17,315.04,4156.47,15.00758335799368
grapes,41.47,32.09,77.59,55.92,2627.35,8.498978057738787
mango,97.02,12.47,85.7,217.38,1543.14,12.546956206177017
lentil,100.09,32.92,75.94,144.91,862.21,10.521787035640967
apple,119.18,28.02,71.24,468.35,3797.69,19.86210301525401
mango,46.43,29.99,47.05,498.93,3402.58,19.984106178252976
maize,112.64,23.67,51.52,149.48,231.22,13.236657728570192
coconut,69.52,24.41,47.42,73.02,3211.43,14.78501788922692
rice,42.24,28.98,84.21,196.32,3217.05,12.685475824124584
lentil,39.86,35.12,81.79,122.89,2434.99,7.795444745152959
jute,116.72,32.65,90.25,261.11,3888.67,13.128663527632842
lentil,58.34,11.52,65.98,390.8,851.35,11.452305162389148
lentil,95.32,22.87,47.86,191.78,4880.71,12.898404125629265
mango,120.45,22.08,42.35,298.3,902.38,16.18985349852612
muskmelon,90.6,32.12,74.84,121.49,3278.19,10.171579438653648
rice,140.15,10.01,62.92,255.37,582.04,8.312710466634597
orange,107.03,37.48,62.5,165.45,1226.16,9.658910745742809
rice,75.89,35.81,39.12,343.45,3310.08,14.60784029389018
jute,144.21,24.61,55.54,459.17,472.79,18.393874658939488
jute,105.28,28.24,37.03,347.61,1332.25,16.396284481140928
apple,147.6,20.62,31.88,179.15,2303.46,14.077014578069512
chickpea,129.56,15.4,66.18,174.19,2325.09,7.406203630827194
cotton,117.9,16.18,94.48,121.45,3133.96,7.803338268516509
coconut,44.23,32.0,53.52,128.73,2478.39,10.919899612248274
watermelon,23.37,16.62,72.16,406.9,3685.42,17.40779883975232
watermelon,38.55,28.79,76.73,196.86,3631.4,14.869906922949829
banana,88.09,26.61,74.42,357.91,3252.88,16.47424128772042
watermelon,124.33,32.26,94.78,379.45,4371.49,14.777636458049772
maize,29.83,10.41,65.49,475.38,1129.49,15.009933686885232
lentil,47.92,26.03,48.57,123.34,2048.66,14.924609256782484
coconut,90.03,30.44,90.1,133.14,4521.5,7.179340926683623
muskmelon,138.65,22.98,66.44,411.7,3283.48,16.810362785824793
grapes,68.41,39.98,72.41,325.63,782.94,10.772805068076735
orange,109.97,10.76,44.29,234.31,4718.81,10.37395656955885
chickpea,41.21,22.57,44.51,463.34,2411.09,15.524422564068532
apple,51.76,22.17,44.77,109.65,972.02,12.537581531244214
banana,39.0,35.01,67.96,100.49,4758.23,7.8995340704421615
orange,106.69,27.33,49.91,108.26,1338.08,13.678644027262944
rice,112.3,10.73,94.25,467.12,4400.3,10.25440765402359
jute,66.05,17.15,66.16,278.15,3737.53,13.72482896458356
lentil,105.86,30.41,55.21,452.41,2369.02,14.656739917771906
maize,96.6,16.76,44.11,403.46,2372.75,12.75055947739964
muskmelon,123.48,25.9,47.77,79.07,1212.74,13.152167818328744
coffee,105.9,37.04,33.07,171.45,1568.24,9.760004846197011
apple,98.82,25.11,47.66,106.02,938.59,14.742613920881322
muskmelon,137.39,15.82,74.82,284.94,2515.62,11.264499407700686
watermelon,119.23,26.5,86.48,416.82,1616.33,19.058521465294834
watermelon,118.54,32.5,49.21,290.22,781.15,13.199833578698073
mango,134.02,24.78,88.57,90.28,3799.02,14.17962790403841
coffee,82.67,20.4,73.11,133.03,3652.69,12.683195124688927
cotton,57.17,16.56,73.51,141.6,181.31,8.95174011361756
banana,68.02,10.47,48.83,140.3,2367.28,7.59187337366091
rice,59.02,34.74,94.15,308.92,3839.11,11.70745042470781
mango,135.91,37.23,38.67,234.28,2499.98,10.46079568636549
orange,63.36,34.93,42.45,478.01,4711.2,15.833687807777212
banana,129.87,35.49,72.7,499.65,4388.7,15.32601453733452
coffee,146.53,17.31,55.14,337.84,4465.43,13.9338809476355
rice,147.1,32.77,57.93,323.44,1049.63,13.024694416127588
chickpea,67.71,22.46,87.73,246.37,2727.13,14.811230121043002
orange,89.77,37.04,71.35,288.57,2648.08,11.63637050240174
banana,90.12,14.7,76.07,196.68,4558.63,10.104208939966613
watermelon,99.18,32.77,68.71,105.08,1435.99,10.490692832122786
muskmelon,93.3,34.4,55.23,203.25,19.13,10.759017250392054
apple,30.07,38.23,83.9,51.85,737.07,7.768380208121345
jute,112.2,20.47,91.39,381.54,3119.12,16.128552283977534
maize,85.73,19.25,70.19,221.8,2404.78,9.391536855762274
grapes,26.76,13.48,43.01,222.9,686.83,13.390402282952111
watermelon,30.42,11.22,93.28,97.22,4755.43,10.94523103063235
watermelon,98.87,39.83,72.39,345.75,902.96,8.457838663949676
maize,84.67,33.49,73.73,324.23,4712.48,12.444543000713002
apple,132.73,22.25,45.14,462.83,3426.35,18.18301107592628
banana,130.33,19.3,92.83,147.28,2695.1,9.75894029906126
apple,95.67,38.69,72.94,350.28,2359.59,11.024292355875383
muskmelon,21.43,26.69,74.51,455.57,4390.97,18.20780602008212
grapes,141.83,23.61,76.26,214.86,4964.9,13.41194183165824
jute,90.98,37.37,73.76,99.48,2455.61,6.752859778222112
lentil,58.58,11.14,87.03,312.92,3804.68,9.484505924282727
chickpea,76.37,33.54,72.43,471.0,4304.37,15.75677973780135
maize,83.76,25.47,94.6,316.79,1952.76,17.64294639382208
watermelon,71.62,29.73,39.4,166.6,3302.45,13.86402519341701
grapes,134.0,14.61,36.16,400.5,2280.25,13.52356978401491
jute,64.55,33.91,80.53,491.85,3408.17,15.152204848936526
muskmelon,98.52,33.92,91.05,332.54,1191.72,15.326578390897192
grapes,20.84,29.28,34.79,57.01,4564.33,10.192639445438871
lentil,111.39,39.23,47.62,398.25,1973.63,10.64595187547818
watermelon,24.37,31.0,94.79,303.14,2680.3,13.232817221952764
rice,94.7,27.58,91.4,439.75,1086.16,18.17221219709804
jute,112.09,36.57,75.63,277.39,4339.25,12.107421789479748
banana,54.24,12.93,64.1,443.39,3800.04,13.623564488794852
orange,117.6,36.15,49.64,457.51,4921.04,12.796142685286036
rice,65.81,21.71,30.73,425.86,2000.12,16.447588144711318
cotton,64.72,26.73,51.52,443.73,322.85,16.75065820040266
rice,144.21,22.87,37.12,88.71,2381.34,12.5415774311942
lentil,109.53,17.39,91.64,491.01,4366.71,16.10218448213873
watermelon,115.73,19.76,77.63,455.4,1740.75,16.910544305615396
chickpea,58.91,14.81,80.61,323.34,2430.41,11.212663706946564
lentil,24.2,34.95,74.34,96.88,3646.52,11.29161501925123
cotton,67.65,37.37,31.18,167.36,2879.68,10.759570507834203
watermelon,73.86,36.7,31.23,242.65,1171.95,11.705431119075046
mango,27.72,29.99,53.75,361.17,4424.76,16.706824776937054
maize,128.05,17.93,54.15,400.82,2542.78,15.787862103681794
banana,104.76,15.23,31.25,438.49,2377.37,13.172951623011985
cotton,92.02,11.7,69.6,321.54,925.58,11.302621059227729
banana,47.09,31.31,49.14,53.91,4351.26,10.646948240279826
maize,44.37,27.13,71.19,431.05,978.07,18.921089492572108
mango,21.13,18.13,34.35,97.43,3673.04,10.785382135778535
rice,46.7,36.52,73.4,218.42,2921.65,13.811609877979908
mango,41.84,18.66,63.17,265.82,3109.51,12.275930934455909
maize,103.81,22.0,62.88,395.82,884.39,16.713090378679087
coconut,48.6,19.42,39.58,51.23,527.31,10.332707515503216
banana,108.55,17.82,57.06,495.12,1178.46,17.46665139249529
mango,83.37,17.8,90.75,175.36,528.96,11.405455989110706
coconut,37.34,28.13,88.77,150.55,119.29,14.248218626875682
mango,32.7,30.79,60.45,318.71,919.82,16.02473309995434
maize,131.51,11.77,93.94,478.19,910.73,11.687942639421124
orange,143.07,19.06,67.83,271.46,3743.12,12.915177712710252
muskmelon,139.65,13.8,40.92,214.94,2330.89,11.081042005414242
banana,132.62,20.52,49.82,109.24,4725.31,8.904052855791472
mango,57.25,26.13,47.43,234.67,4553.91,15.712264844935453
grapes,72.95,36.31,54.1,383.79,1708.53,11.627223402574142
cotton,130.39,13.21,79.57,223.1,3926.71,11.99877505596288
lentil,36.19,34.4,58.22,342.86,2755.2,14.340646777003483
grapes,22.98,29.69,46.95,256.96,1978.67,12.922528769324847
cotton,20.75,38.16,30.71,159.28,3307.04,8.77338647249504
chickpea,122.85,12.34,64.22,299.09,3254.36,11.75923683919419
watermelon,86.99,29.33,66.89,497.1,749.22,16.652385147219775
mango,78.91,36.35,69.2,185.98,4980.61,9.94310134702376
banana,47.99,17.63,91.16,383.96,3916.88,13.336612303670268
banana,93.07,15.72,36.7,119.51,1058.43,11.52584488345946
muskmelon,102.54,39.82,57.56,498.16,2872.14,9.86847785971436
maize,119.95,25.53,68.48,263.17,3496.69,16.525139489059654
grapes,23.66,30.76,55.9,333.2,1503.27,16.63517531780718
jute,48.04,30.49,85.24,383.85,2577.92,14.040373634558092
maize,95.39,24.9,32.99,381.84,3689.49,15.909708387880167
jute,51.87,11.64,35.19,460.73,4531.74,15.649459148141776
cotton,143.74,29.31,60.06,278.45,716.11,16.958847104495117
coffee,81.39,17.32,89.65,256.54,4660.29,15.476148480030211
jute,132.67,16.06,75.27,141.34,3720.75,9.347193442182355
watermelon,60.73,20.33,30.74,237.03,1116.1,14.044539019801094
coconut,34.98,38.26,61.72,441.25,770.62,13.846253665879422
mango,60.14,16.78,85.26,160.72,1992.81,10.749895875673046
jute,122.36,38.85,68.33,194.32,1526.81,9.971365133841145
muskmelon,27.85,26.16,84.83,232.16,963.0,16.452502596054
orange,112.78,21.4,79.62,149.57,1392.13,11.10524879142034
grapes,117.5,22.31,34.89,115.89,1367.06,13.888388219975711
watermelon,116.7,22.02,90.44,280.52,2398.01,15.749304631757164
coffee,102.74,36.69,59.73,478.03,3996.89,16.104188506563855
rice,137.17,10.57,60.19,378.98,2571.83,10.872234945544612
mango,117.75,30.09,46.54,256.99,2277.77,15.346962160358595
banana,142.43,20.8,51.02,406.68,1600.92,15.950241111360969
coffee,105.62,19.14,94.84,147.55,2005.17,12.462589206900162
cotton,141.6,16.61,44.55,92.37,1715.07,8.140606505856903
orange,76.34,23.75,76.88,194.22,4021.34,14.948290868218058
cotton,34.49,29.77,93.56,111.11,121.03,13.11063372717508
watermelon,34.53,32.24,69.06,348.01,2938.02,17.079165560479506
watermelon,123.58,12.99,83.1,107.7,4045.67,5.121243205698932
cotton,131.02,27.26,75.65,460.09,4547.03,14.965122288614769
watermelon,51.42,36.91,93.33,194.09,4723.46,9.53723329931872
jute,50.17,10.06,92.92,338.45,1638.99,9.726142319355212
coconut,25.97,27.94,92.57,80.77,2009.14,13.439551250783916
banana,67.96,13.3,54.07,183.84,1015.89,10.544547145852404
banana,79.65,38.14,48.49,311.87,1595.54,13.485052082680472
coffee,142.83,15.55,85.9,148.49,2450.57,7.149512154315119
maize,61.77,15.55,32.21,146.3,112.7,9.026264418811005
coconut,144.48,28.8,90.65,71.87,2063.37,9.617911474917248
grapes,103.72,25.46,77.37,154.81,3751.07,13.988832519787683
watermelon,75.86,20.63,37.55,51.84,1545.89,9.2358382549858
banana,86.13,22.23,83.4,408.0,4769.32,20.499874195902144
cotton,54.54,11.8,45.34,189.18,227.35,9.573740928084453
banana,116.44,16.97,44.44,90.3,1538.37,10.945611263870202
grapes,132.37,21.22,50.44,193.57,696.12,12.213641326208124
banana,43.15,31.74,71.87,57.59,1075.46,10.565553344615328
watermelon,46.9,26.69,84.69,266.41,3629.42,16.199660000771473
chickpea,60.08,33.44,32.55,70.55,1468.55,8.206611964182358
jute,91.81,11.1,79.35,67.62,1746.72,6.024440093432261
coffee,85.27,19.24,62.96,263.84,3943.75,12.79848621236133
watermelon,78.54,22.93,69.89,491.15,4593.37,20.10131341476955
orange,92.78,28.1,89.35,327.62,4622.39,17.87233444170656
orange,55.71,13.6,90.4,440.25,2419.47,18.746051821266644
apple,73.35,16.88,32.05,162.97,4798.72,14.805152207255269
apple,146.87,12.33,84.41,130.23,3994.46,10.362662287267865
banana,38.84,31.06,62.73,341.76,808.05,13.333543716354187
orange,27.99,20.32,62.9,235.8,4437.64,14.535572962205135
watermelon,137.31,11.0,89.5,267.65,3265.71,12.069721438829534
lentil,77.14,35.53,42.51,231.29,2716.9,11.429761860944458
rice,68.54,22.29,66.67,185.2,3815.13,13.946130276032534
jute,20.14,28.88,86.84,487.7,4013.43,16.94215172558136
lentil,33.2,27.11,68.67,387.47,2670.35,14.965285449472916
jute,110.99,27.65,91.65,189.34,231.5,14.751317494600432
grapes,110.4,32.72,81.56,195.1,2246.96,10.17504984512408
apple,72.28,26.66,83.8,184.14,4565.08,13.262516757647182
banana,118.01,23.99,64.49,436.17,1162.82,19.63633236442442
chickpea,142.02,24.89,89.53,314.41,2197.96,18.556652532348178
jute,141.77,38.29,47.33,303.81,2545.06,12.176428060635114
rice,76.17,15.76,36.48,133.3,2277.91,12.128143780921986
coconut,81.44,34.9,47.63,110.92,4508.54,9.423205738443045
mango,115.57,27.0,59.04,174.02,1059.57,13.009447228592732
grapes,43.57,38.53,66.42,428.84,2917.91,14.746818784678076
orange,59.31,17.24,75.89,453.55,1968.52,13.9030134314104
apple,79.25,36.85,59.48,445.51,2594.43,13.920506623805617
apple,96.08,28.82,71.59,289.19,1394.51,13.565804476124232
grapes,87.98,34.16,74.42,171.79,3658.72,12.937606594656057
apple,97.15,35.54,47.68,400.26,4255.49,12.854630136600017
rice,149.91,14.19,80.93,414.61,3243.34,12.576637046994763
cotton,42.86,19.12,54.8,314.24,4819.81,14.52825111363311
mango,115.19,11.33,75.39,117.83,2583.04,6.808779577552032
maize,39.29,16.05,53.01,112.51,1152.4,9.893118708781673
chickpea,121.2,37.85,67.86,427.97,3743.03,15.840498205998882
grapes,48.76,25.08,33.35,484.75,3024.92,17.3695105986274
rice,77.88,18.72,57.21,249.58,3291.98,13.571892903359071
banana,91.46,17.57,37.3,376.37,1600.8,14.180865817091457
mango,74.54,28.34,36.77,499.32,2234.5,17.41194898187514
muskmelon,67.86,21.07,94.07,413.68,1021.56,18.142067034731195
banana,93.12,28.6,64.93,268.74,4300.3,15.821161314326908
mango,102.02,37.46,30.63,312.11,405.04,11.82737507406676
apple,69.01,19.21,62.76,52.02,3767.78,11.995968448263964
watermelon,24.64,14.39,73.85,349.57,1376.4,13.089683231618714
muskmelon,144.41,18.0,34.8,354.31,2260.68,14.94542792434135
orange,60.0,15.31,38.59,108.38,2879.63,10.41423030042054
banana,142.94,19.65,61.83,390.1,3238.7,13.706848426837931
mango,24.86,18.41,56.52,396.93,3503.32,13.382999554708103
orange,48.99,11.26,78.5,240.42,313.69,12.31317542797029
banana,40.94,21.72,87.28,70.13,3492.57,11.50470284060162
muskmelon,37.87,10.1,90.71,452.93,4721.3,12.62003473619554
coconut,76.46,25.49,59.91,470.63,1077.74,18.619676359789928
grapes,62.91,18.28,49.78,232.17,4377.95,12.48731027078884
banana,81.6,10.57,49.33,265.32,1558.03,10.847987522704956
orange,85.11,23.26,71.73,168.45,432.97,14.173453126082638
coffee,142.54,23.43,61.32,329.47,1282.41,11.41605258848574
maize,116.83,32.95,81.4,440.74,352.28,18.264562280004544
maize,130.79,14.51,70.12,343.51,1547.1,14.65434684247948
coconut,60.2,38.72,87.15,260.39,1170.34,8.626587145615805
coffee,109.95,22.31,76.8,432.4,1971.67,19.971349160863635
orange,68.49,24.92,67.3,351.79,151.27,18.031400806504923
apple,46.77,21.77,83.46,126.11,4122.26,14.751915211558709
cotton,71.13,26.26,79.81,268.55,1253.9,16.670396363346356
grapes,33.63,36.72,65.86,64.53,2170.52,5.855665923373201
apple,83.86,11.82,43.21,390.88,3777.15,12.38259799054843
chickpea,144.36,33.4,64.15,185.68,611.4,12.467778868171411
grapes,44.97,33.46,76.08,232.96,3471.31,14.00148935128237
orange,93.59,11.77,83.16,341.65,3388.81,13.409816425234816
apple,34.58,12.03,38.28,163.78,225.98,7.875342950703603
banana,68.97,21.11,73.91,226.09,3482.55,15.760526051312974
cotton,70.71,34.73,57.99,121.36,2439.17,10.815736500530916
apple,126.16,11.62,63.85,182.74,2052.27,10.132852889726983
apple,35.65,38.42,41.07,334.26,1958.83,13.871418142462591
coconut,96.25,21.57,55.06,366.19,4124.01,16.557442877199616
chickpea,100.67,31.12,39.1,124.48,3580.75,10.192409411436152
cotton,115.74,33.18,45.14,88.94,1915.21,10.303789140616432
maize,96.91,19.79,65.05,292.49,3514.07,13.198240217184065
lentil,78.28,23.45,81.49,155.88,2138.05,13.045681812866864
cotton,72.72,39.97,49.18,121.47,1119.99,9.026830596701757
rice,146.24,24.89,77.68,465.08,3222.26,18.53996263492083
apple,111.21,22.16,59.72,480.89,1385.02,18.32796638315692
rice,122.53,33.56,75.46,345.36,1667.21,17.21925252367728
coconut,101.22,15.77,57.47,359.1,118.18,11.686410560162464
maize,134.0,22.41,49.77,241.36,4400.07,12.681584611153914
coffee,74.51,14.35,61.13,449.08,958.75,12.618367666232071
banana,124.97,26.23,85.31,288.06,4531.23,17.007883069277
banana,132.01,16.71,45.59,328.0,4206.18,14.240738627448184
apple,96.08,30.93,34.98,420.19,4016.22,16.50082415803915
lentil,108.23,13.93,71.4,440.07,2246.69,14.369463521892206
watermelon,30.51,19.55,80.63,299.41,2983.28,14.579878522968007
apple,92.65,34.45,56.11,196.61,3929.43,12.567871167064943
apple,90.25,25.75,81.11,209.76,2650.13,13.186473871093115
apple,137.8,37.72,75.69,468.41,2992.77,16.06484962091975
orange,114.26,26.09,73.61,146.04,1450.36,11.57768416117378
coffee,29.65,11.57,55.78,320.99,4525.21,10.939611642332622
cotton,29.59,32.25,48.15,373.29,3854.0,15.854800207576544
coconut,140.27,16.55,33.77,433.74,4496.33,14.717678640135398
coconut,61.27,29.12,31.13,344.59,4057.81,16.11374608471072
jute,71.96,30.47,42.59,234.14,4946.53,13.72869668232074
muskmelon,63.18,35.1,72.68,122.32,3958.02,8.948325172687355
grapes,86.39,35.59,49.59,399.99,3639.27,12.624366974695477
coconut,110.85,36.54,52.01,113.96,2446.96,9.996971752705395
jute,63.71,28.52,76.9,464.57,2440.35,17.454250414899505
muskmelon,68.17,33.43,63.86,63.0,3919.34,6.650009950654957
jute,45.58,18.87,30.6,456.09,2050.26,16.4142206354316
cotton,47.61,35.21,92.5,140.93,3817.62,11.005977546219896
cotton,134.46,28.33,63.55,287.98,4001.29,12.750323020825784
lentil,140.0,20.58,52.02,219.94,4099.12,9.842456429672712
coffee,68.1,30.13,55.19,337.88,3200.9,13.99868162079415
chickpea,69.08,18.25,91.35,247.62,1613.32,13.08509781072571
watermelon,47.08,11.56,47.72,339.24,1193.79,12.533385268765864
banana,106.15,15.72,70.16,174.6,1178.39,8.935547654002495
maize,132.12,14.36,84.0,143.27,408.08,12.106645755734167
apple,20.16,20.82,50.87,363.0,3854.96,18.437452009878182
cotton,104.34,11.67,73.94,179.55,3654.83,9.626499727757516
maize,69.41,38.95,62.96,101.85,2621.61,7.136736585533318
apple,52.12,22.13,83.72,269.02,1317.53,13.436453059892376
banana,34.77,25.16,31.21,334.68,2108.74,15.500237108415456
maize,69.49,38.56,70.8,191.22,1969.89,10.666966175776311
mango,140.13,30.09,75.33,214.52,924.78,15.63196652176734
chickpea,62.39,25.75,34.52,392.24,2500.21,18.53675891225137
grapes,108.67,18.05,90.71,228.72,2829.3,13.37144876824656
rice,84.93,17.11,38.96,376.42,529.98,15.656685157930486
rice,62.94,26.22,59.97,144.36,1435.69,13.6551344649611
banana,65.44,15.96,79.2,450.37,360.88,16.39492352028375
jute,123.85,16.31,65.5,304.37,1891.45,14.513119564355389
coconut,94.69,39.36,90.63,188.95,1772.13,7.665543724218877
lentil,42.68,16.41,52.7,156.45,40.79,11.452316744300074
muskmelon,145.48,12.12,34.22,323.87,3242.96,12.348237412734044
coffee,147.23,32.68,50.42,197.06,2640.2,16.153139913642907
orange,127.99,31.06,51.45,427.32,1543.95,16.32135108002202
grapes,29.94,36.92,45.36,174.26,4031.64,11.855498010735085
mango,102.72,34.06,36.54,240.57,4036.5,11.424389941781246
coffee,106.51,19.91,73.4,361.48,1769.12,14.371303246811976
rice,75.97,12.81,38.04,69.62,4860.82,5.620138165988455
lentil,53.98,29.3,65.2,207.59,2793.33,13.341567233373787
lentil,103.86,29.46,73.58,362.81,1791.02,14.98085448515371
banana,57.85,20.31,55.88,200.86,2870.74,14.2689550429506
rice,113.91,27.95,38.42,327.53,4382.25,15.525321467282788
banana,59.4,26.46,56.07,51.4,3473.0,11.922338036279871
banana,55.34,21.52,60.0,431.77,1801.89,19.80421668359333
rice,120.29,33.97,78.82,296.1,3033.74,12.462027068898458
rice,23.24,23.31,85.75,405.53,1864.96,16.16540837336994
lentil,144.32,39.38,50.3,328.77,2810.05,12.872116154516824
orange,30.58,37.77,43.07,107.95,4067.59,7.473196659446994
chickpea,99.19,32.4,66.02,251.74,1241.1,13.290991862057853
cotton,48.04,34.54,82.82,444.47,2054.96,13.618386732588467
rice,142.02,38.36,55.04,155.12,109.18,8.438999816816267
rice,130.1,38.64,85.38,490.93,4483.2,13.171852694503928
mango,147.4,24.22,76.62,427.56,3305.74,16.180694791483905
muskmelon,58.22,36.2,43.79,116.15,1669.17,8.45661616252389
grapes,37.57,19.18,73.93,70.96,2089.98,8.544828180173972
orange,122.85,32.47,37.32,291.88,1762.61,13.201388849490248
apple,149.02,28.65,82.9,79.04,2790.21,12.346314435114202
orange,57.65,25.86,51.3,435.79,192.1,17.688599687662677
muskmelon,136.97,14.95,37.55,272.03,4397.35,12.095850910207284
banana,149.63,25.45,48.56,289.26,4894.78,16.332999644519266
jute,105.73,10.1,51.68,416.7,1439.69,11.981669664997325
grapes,106.33,23.21,57.48,222.42,1599.39,18.90256285208736
cotton,80.69,31.96,43.72,435.2,3299.07,15.060507961334556
apple,96.53,29.87,92.18,261.96,3112.69,12.637284792253643
jute,123.46,12.96,33.56,307.6,4704.03,10.733447703352232
cotton,55.59,37.0,50.29,197.35,2951.47,11.667301378635054
muskmelon,130.62,15.32,53.54,136.74,3801.38,11.95094939206288
orange,44.09,34.24,72.61,282.73,2188.36,15.212976841104751
apple,137.46,26.45,84.61,217.72,4605.88,16.81419403023961
banana,122.15,26.63,93.55,334.47,2224.27,15.071965184082869
banana,21.62,17.18,72.67,80.52,1791.84,9.467675685329048
lentil,108.43,21.59,37.94,209.87,4985.71,11.668809457429331
orange,127.32,27.64,75.51,148.54,4822.85,12.296357962615463
grapes,22.61,19.46,59.32,343.61,1526.79,15.49158037451123
cotton,29.39,11.49,85.19,450.16,4049.22,11.680064308681674
cotton,130.19,35.63,81.19,423.72,249.83,13.366889484849697
rice,59.86,25.79,46.7,66.08,3098.27,10.627195176663106
lentil,146.58,10.42,70.89,417.79,4075.69,10.341034278858304
muskmelon,63.47,24.48,37.48,452.51,939.4,16.83314881839472
orange,109.33,26.78,79.39,451.9,1687.08,14.757675984541338
lentil,97.83,34.63,83.23,296.21,3181.96,13.868348439326704
cotton,116.33,33.98,34.75,417.39,3436.31,13.299032974324202
grapes,23.75,33.55,42.89,98.48,310.68,11.074707094116132
cotton,47.86,10.31,51.2,393.43,3122.1,11.006143300983313
orange,40.47,31.46,65.89,267.48,3920.96,13.507301783236755
grapes,23.63,24.39,33.18,459.47,1272.17,19.969791773112085
watermelon,126.4,17.01,47.27,118.95,3940.57,10.409027120441966
rice,105.82,34.48,93.78,150.93,1387.03,11.28972697057742
grapes,123.65,17.26,78.22,177.41,1495.55,13.138617899769317
grapes,41.68,27.86,53.62,141.12,1823.05,11.912679301171115
lentil,131.59,12.59,65.15,412.95,1859.19,14.105416875090766
banana,20.66,18.93,65.35,423.17,811.03,13.844296758442969
jute,24.07,10.12,80.45,479.99,430.8,13.551114206128132
coconut,67.89,15.13,73.74,271.27,1139.13,10.416624968177468
jute,63.6,13.19,85.03,481.03,3272.85,13.555717493927313
mango,109.29,17.01,59.98,275.82,2010.06,11.76344487229237
chickpea,121.23,22.48,32.37,294.15,1755.85,15.58516957598884
mango,136.22,13.62,43.03,306.99,526.21,13.851200091218336
muskmelon,45.43,22.42,88.74,200.35,856.77,13.700596426112028
mango,25.85,16.13,85.59,246.8,667.31,12.826946996148717
jute,145.73,15.43,79.89,296.38,683.89,10.124771527584844
muskmelon,55.7,34.16,63.09,189.85,3833.28,12.75800098088321
jute,36.04,31.74,38.33,420.03,2693.87,13.973729244544096
apple,106.03,12.09,51.63,160.15,4767.21,7.887951233530723
chickpea,75.56,16.96,48.98,233.16,2545.11,11.261061407954864
apple,74.69,14.59,39.58,80.43,389.15,6.23682384684569
watermelon,122.29,26.32,39.72,411.24,3718.67,19.30498807369301
banana,110.81,11.61,35.43,457.51,1493.89,12.914391287176432
apple,118.64,30.94,42.0,61.55,836.32,9.265496460684904
grapes,25.51,25.21,87.51,83.51,530.97,13.662862308605003
rice,70.05,25.71,93.94,439.92,66.44,19.66315472606864
coconut,82.06,10.28,49.24,146.8,2485.11,6.397338548394236
grapes,113.92,28.78,91.69,483.68,2204.83,19.5634221232476
coffee,101.1,18.01,44.99,499.4,1270.8,17.04551463644948
watermelon,67.49,28.44,94.59,138.45,2035.9,13.154924112186256
orange,49.14,10.61,58.54,211.25,3334.32,9.070152234938458
cotton,68.62,29.41,89.75,296.25,4954.48,12.548998078506727
grapes,39.26,25.45,39.49,480.61,1223.72,20.19623770143497
grapes,69.83,39.17,92.73,60.22,2491.04,5.732585586742887
grapes,59.62,21.5,57.31,163.82,3876.83,14.388933742258494
coconut,133.4,22.17,51.47,367.65,1127.54,17.023999148588967
cotton,77.04,36.52,61.66,96.63,2331.08,12.446381076582528
coffee,105.2,18.21,72.38,125.63,3435.93,11.177390109810156
watermelon,141.52,15.68,67.06,364.62,4504.57,13.652033379434664
apple,121.5,15.24,70.31,189.26,313.3,10.6955952760932
banana,132.47,29.67,36.51,438.23,2474.22,14.744622547712009
maize,108.68,25.58,53.85,419.61,4947.19,16.78141935118724
watermelon,71.03,34.94,88.72,335.08,2852.61,14.294221782858504
chickpea,98.75,33.12,63.66,291.23,2598.23,10.324663328496706
watermelon,21.26,10.4,51.03,172.5,4300.39,9.531858738393494
coffee,33.8,22.09,62.23,225.45,454.39,14.13979180879861
watermelon,80.79,13.23,66.19,455.14,4566.31,14.64952883181387
banana,130.03,21.4,54.73,155.72,3572.53,12.869966102454
chickpea,34.68,25.49,51.33,67.65,3832.33,12.349852439638548
jute,74.46,38.99,49.37,328.48,3144.13,9.058295935600627
cotton,108.72,13.31,75.75,50.53,1269.2,9.65705168610148
jute,112.82,28.54,55.27,455.25,3517.1,21.08681015609451
rice,30.59,30.58,61.06,203.45,1415.92,14.795277981806882
coffee,96.85,15.01,36.4,388.03,3835.44,15.22477994702042
orange,134.58,29.36,55.79,228.69,4327.02,13.200819501643162
banana,115.27,19.53,84.37,356.25,844.89,16.51087123767591
coffee,121.71,30.73,66.48,320.39,4919.65,16.126470378990376
jute,30.16,19.57,73.3,167.29,4662.45,11.255524456026338
rice,39.09,19.49,93.96,58.92,1464.23,12.507550043367504
orange,61.02,11.72,62.17,90.1,3819.45,7.621251750906545
lentil,46.93,37.04,71.27,80.75,1600.26,7.959844025345881
cotton,107.48,38.2,37.4,230.3,1054.69,9.299377068143244
mango,37.25,20.37,88.13,108.78,1521.24,11.84932686492598
banana,79.73,29.49,88.34,360.34,2591.9,12.897650372313745
watermelon,61.2,12.41,73.69,136.1,2132.69,7.963820339571152
coffee,129.18,21.44,51.91,174.6,4413.01,15.19802583724034
grapes,81.94,25.12,46.42,72.56,2463.13,11.052258711476862
watermelon,91.9,32.44,90.28,446.51,4503.83,18.95133919353084
chickpea,123.0,27.48,60.01,478.3,3317.11,15.3819107596673
orange,69.17,37.05,34.15,472.48,2737.35,14.732562514840996
lentil,21.66,14.88,59.12,350.58,2176.02,11.300796867675848
grapes,36.02,17.59,89.93,226.65,4380.8,12.629439828341855
rice,34.25,12.24,83.57,116.69,3878.62,9.252553743341704
coffee,22.06,15.94,77.32,401.39,71.02,13.22303576457336
mango,141.82,32.69,71.68,208.32,2009.55,10.70842228359583
chickpea,97.33,15.13,30.1,494.94,1864.76,15.602511851391062
coconut,64.08,36.64,86.16,219.31,4912.88,9.356609565061634
muskmelon,102.3,39.09,49.08,131.61,4635.06,8.794885071606407
chickpea,85.3,23.44,50.07,418.92,4336.45,15.97054041900633
cotton,67.72,32.11,52.59,139.75,4590.86,10.353924972663076
coconut,71.15,25.36,39.09,479.1,2923.65,18.42048466813743
cotton,102.68,31.7,48.95,388.46,3615.05,15.01377850928756
grapes,95.24,12.63,85.55,131.54,992.24,10.097677981133597
muskmelon,73.29,17.98,38.71,124.92,2735.97,8.76208072456935
mango,61.32,14.12,34.85,113.15,1436.33,10.914483440434998
orange,30.15,20.47,91.69,127.83,96.26,8.112923332640765
rice,84.06,31.48,64.71,381.48,2712.55,15.51445687637094
coconut,45.05,22.06,70.9,267.31,1094.96,18.79629392854533
orange,115.49,17.85,45.89,189.68,1726.42,10.18938612852029
banana,124.92,39.35,87.75,478.39,3012.67,16.584133011581088
rice,42.18,11.69,82.86,457.13,2541.18,14.294260933896853
jute,124.56,32.85,71.44,308.02,1390.69,14.06349366141987
cotton,36.39,29.62,90.63,195.66,2155.84,13.066113440700608
maize,124.77,34.99,76.87,139.17,537.62,7.160726907481121
watermelon,81.99,19.42,71.47,321.01,3855.7,14.899221931166844
muskmelon,34.21,30.21,74.15,340.18,3239.18,13.92811143561025
jute,32.51,26.29,30.53,265.33,2952.88,14.988404540651835
banana,60.95,10.01,81.51,62.16,2058.68,5.852313132686965
jute,78.89,14.13,79.56,144.78,1852.16,11.151137050794746
coconut,51.17,22.67,64.83,375.73,3242.67,17.50030992978009
orange,31.68,13.47,43.85,476.48,4255.79,13.210304079853564
jute,75.36,28.51,32.91,99.06,21.87,10.474622770919067
banana,149.45,13.36,45.06,352.49,1453.57,11.152603589782398
maize,123.59,19.83,39.71,479.12,4270.56,17.27293610205687
rice,110.94,33.78,35.02,451.17,1871.17,13.257197368491372
chickpea,20.39,15.99,85.58,270.86,419.04,12.881204658266514
rice,126.39,27.79,42.14,471.87,4521.27,17.3862587281892
grapes,89.6,17.22,79.61,453.06,4064.67,14.249968632139876
maize,29.34,23.84,70.61,110.51,2513.83,14.099843664846071
rice,30.66,15.85,87.36,275.26,3470.47,12.304782925655603
lentil,127.49,35.83,86.21,158.51,4092.24,7.49840918421207
rice,42.34,25.53,76.66,293.54,3790.07,16.227721387731624
coconut,109.89,24.52,59.87,155.14,2611.62,15.252207442124046
chickpea,53.62,17.99,70.41,444.87,4257.67,17.817418916919348
cotton,43.96,30.11,31.99,371.07,4229.35,17.605539858370673
watermelon,59.55,12.39,47.96,68.08,152.61,7.196776095930803
jute,83.66,33.55,72.08,94.73,3288.59,8.048534478302251
rice,105.49,23.7,41.74,408.42,1075.34,17.674865623895702
cotton,149.55,34.74,84.91,229.65,4182.86,10.600969193327057
grapes,41.79,37.05,84.79,148.65,229.9,9.94284471509352
mango,39.52,17.78,54.29,328.87,4278.94,12.509053644126816
chickpea,31.92,29.56,80.41,297.03,4186.34,16.508334249009874
muskmelon,139.5,30.62,94.53,66.65,940.91,11.79576154998884
cotton,115.31,38.87,44.19,429.48,3971.48,10.811264314562834
cotton,138.75,26.34,48.62,490.91,1668.05,18.3275920985582
apple,20.88,27.14,57.56,473.25,2520.39,14.826213403481209
maize,137.61,20.61,62.76,494.09,4987.3,16.200409038958956
orange,44.35,36.54,30.62,396.96,4455.46,12.766636890466977
maize,45.95,32.25,93.27,158.51,1591.08,11.540029413982955
jute,55.89,11.71,36.94,225.84,4313.69,10.979377284876753
coffee,74.47,20.45,58.01,439.79,4362.42,18.37594958761421
lentil,88.64,39.61,48.43,270.43,2762.91,11.920829849687468
jute,107.19,15.4,60.22,401.46,1280.91,15.440265124013395
mango,58.01,15.39,55.96,371.93,1117.8,12.74447128287708
apple,106.93,12.9,89.7,270.95,3881.98,13.805885141087796
lentil,130.62,39.89,77.91,264.96,4328.62,9.850966358793332
muskmelon,26.65,16.91,61.16,326.57,659.54,11.997680201352455
grapes,105.56,14.85,31.95,80.12,88.99,9.022474435329812
cotton,21.32,24.33,44.0,301.0,387.87,17.08510583442906
coconut,122.73,36.94,75.46,137.71,287.74,10.167581844720928
orange,113.26,23.11,88.05,291.04,779.32,16.79433352153159
chickpea,131.04,39.88,54.96,266.49,2579.0,13.635207444746024
cotton,82.06,14.11,41.48,410.98,221.75,14.069447576099211
apple,138.25,29.37,62.35,326.94,4131.8,16.46125901544121
maize,122.59,22.55,45.01,468.57,704.17,19.174687930471336
grapes,79.7,30.08,83.27,298.61,824.01,15.28594313175811
maize,39.33,29.18,38.54,138.1,2659.57,15.293389532894412
apple,29.95,34.22,93.46,67.04,1259.83,9.316963399823788
chickpea,99.38,38.19,87.82,129.37,880.94,8.796785252117056
chickpea,136.01,30.68,58.58,242.49,741.16,12.637500674618169
orange,147.6,32.42,47.85,148.89,656.14,10.634178681378977
lentil,125.48,12.8,49.07,70.95,709.83,7.378583604525026
lentil,113.07,23.06,35.16,148.8,144.28,12.724147490989742
chickpea,87.52,38.33,66.39,401.99,1948.32,14.76237989652624
lentil,63.02,11.23,90.36,414.34,2956.86,16.193228627665835
mango,84.19,25.43,44.18,387.13,1165.52,17.678744251492898
mango,45.57,35.68,46.38,488.08,3061.4,13.614967008558176
chickpea,51.04,13.56,75.0,353.87,1232.52,13.841957939830593
lentil,147.52,11.24,78.43,132.86,835.43,9.067210897382187
banana,114.47,17.21,32.22,204.92,2758.81,12.159025086903412
apple,61.73,13.12,46.35,445.18,3117.4,13.580711490344518
grapes,77.94,30.61,70.46,240.51,30.61,10.98235870630513
watermelon,100.78,16.56,57.52,331.43,821.76,13.240532515576325
jute,55.14,20.97,56.14,85.34,1515.45,10.5693292421393
jute,65.49,26.9,79.62,257.56,885.44,16.31283881460065
grapes,86.89,15.49,43.69,210.23,4278.36,12.834775474714611
chickpea,80.11,22.96,66.69,176.54,4227.06,14.316418503640827
coffee,105.79,26.76,74.69,448.52,3228.48,16.333488204975716
rice,82.36,26.81,51.12,429.65,943.42,18.20840134828602
maize,107.03,33.53,76.99,416.17,1735.26,15.31436211288222
lentil,49.11,13.59,55.95,484.11,3478.1,13.760613553376844
chickpea,22.72,21.89,68.41,176.31,3309.6,13.669240995890744
cotton,27.75,34.66,31.71,395.54,4987.66,16.640280211562136
cotton,48.92,24.81,77.88,125.66,1188.66,16.025103898507563
grapes,33.87,16.39,35.12,67.23,2943.02,10.023268615231972
rice,87.99,34.57,72.9,158.2,4514.23,10.014441001012354
cotton,60.02,25.0,94.41,76.02,3476.52,14.106045700873286
jute,75.04,26.28,93.66,420.97,695.86,17.174172965826457
muskmelon,141.98,23.66,35.57,472.22,4040.34,18.773246805961875
chickpea,55.68,36.05,74.1,198.84,4802.93,12.182580216659414
watermelon,73.65,39.15,75.71,428.25,101.58,9.306753297893286
lentil,139.47,32.33,92.11,228.88,1471.98,13.404923979945378
mango,46.34,17.72,80.91,336.73,4460.5,12.883318013675597
rice,135.6,27.8,46.34,403.51,3451.1,17.145588363130596
orange,107.87,28.2,52.26,176.81,3189.72,11.45133742146646
grapes,89.2,10.36,92.99,226.3,1369.23,10.330674904873542
coconut,41.54,18.93,87.17,374.55,1926.4,14.722041112956813
jute,21.12,32.36,78.88,328.61,1365.37,13.056043416802774
cotton,33.07,11.37,42.16,72.62,867.55,6.428517088352257
rice,131.82,22.51,42.45,107.75,3913.09,12.848347469646749
rice,24.32,26.91,92.58,281.29,517.08,14.692910187978647
muskmelon,109.57,28.8,60.76,152.04,2590.09,11.815987089251724
maize,88.86,38.92,49.5,457.44,3621.84,13.0575094427142
jute,142.12,19.06,70.37,245.31,3537.39,11.74424081031495
mango,52.15,23.55,91.59,130.08,4599.16,11.50887770810322
muskmelon,126.67,29.35,73.3,280.05,4087.37,13.510433359348433
banana,115.05,26.07,88.54,381.17,674.01,17.197103900535602
chickpea,144.47,10.35,82.38,198.48,1512.05,8.684706193578254
mango,29.69,31.76,31.07,257.87,4000.19,14.053504958514472
orange,107.83,26.08,54.07,363.94,167.94,15.556567821841137
maize,148.68,21.79,93.16,259.28,699.66,11.184846925649602
banana,93.38,12.64,62.83,176.53,3160.01,10.799924683782644
cotton,94.75,37.78,50.02,112.23,3561.56,5.795620458450792
lentil,112.41,12.95,64.88,372.57,4958.4,14.917017586318169
maize,93.0,33.11,67.86,459.98,4571.4,17.43665397908737
jute,98.63,36.94,34.38,468.61,75.73,15.126766142876006
coconut,108.83,16.93,63.44,278.58,1489.05,13.110392532151373
grapes,87.4,20.06,87.51,109.78,3961.9,11.70136298240743
banana,51.62,15.41,66.11,221.14,126.19,10.70615738172597
maize,30.78,15.2,47.73,284.87,4673.02,15.082867182250448
lentil,146.05,19.48,44.53,407.26,864.94,14.590329965084283
orange,91.65,13.26,91.42,386.68,3291.43,13.41229799813455
muskmelon,124.29,23.73,60.43,107.32,3222.05,13.91009450505113
mango,57.26,22.78,76.98,445.92,2800.54,16.862912152656275
chickpea,69.67,20.81,46.6,70.27,1330.91,13.801466665664844
grapes,21.57,13.79,57.64,56.34,3488.63,6.282168071707232
orange,90.25,29.75,31.68,325.98,913.25,12.381067615658363
coconut,58.7,14.14,31.47,181.41,4423.77,9.184218438119522
maize,119.41,32.94,66.03,253.15,1977.43,10.339835038408438
watermelon,146.96,24.27,86.04,65.69,2605.28,15.20232374255358
apple,40.73,26.92,50.79,250.23,3992.19,16.569612167757544
jute,121.57,15.98,52.46,481.98,2548.66,13.292796999207429
rice,142.18,36.58,86.35,282.51,1171.42,10.265822676751291
lentil,148.0,39.87,48.84,445.67,1321.11,14.865590299066696
grapes,28.93,27.85,30.56,418.0,1694.31,18.12549651480544
chickpea,95.17,13.49,80.57,467.24,4255.37,15.747293419843633
orange,106.78,23.26,77.07,144.82,2388.56,14.589082962119438
mango,75.6,37.41,53.17,338.22,3325.94,12.138306764403444
apple,121.39,15.52,78.47,155.18,453.08,8.432042906330008
mango,93.38,28.34,49.14,462.1,2080.53,17.740234459488686
apple,77.73,23.97,88.95,442.29,4491.88,18.07505988583845
banana,37.21,33.57,54.28,448.3,1762.43,14.618850110358991
muskmelon,145.36,14.74,58.02,343.64,3110.59,13.03091374948161
chickpea,45.2,25.51,67.15,192.6,999.83,14.087464869027734
jute,107.99,34.03,78.96,373.0,1942.67,14.27648030802967
coconut,63.66,37.28,52.75,280.93,1684.14,11.737076490078024
muskmelon,116.38,32.71,90.62,122.78,4291.96,11.157548066617585
banana,109.05,13.33,90.77,122.62,3906.61,4.3617663396141415
mango,33.62,25.05,88.23,475.55,3307.57,20.03119813034947
muskmelon,115.03,11.21,53.05,263.3,820.25,15.168936299908564
cotton,94.33,34.74,56.73,311.63,1092.66,12.464407958559844
mango,78.39,39.23,71.01,296.73,785.14,9.490804187788164
cotton,39.34,19.53,66.89,465.38,1150.66,16.097231154294054
watermelon,66.31,28.01,63.88,457.77,2981.03,21.446560417037063
orange,65.31,12.94,90.7,424.21,384.26,13.755582157913912
orange,57.61,13.33,55.11,367.15,4866.47,14.183477962465606
banana,52.97,35.66,53.39,346.49,1406.25,15.624967111111111
lentil,78.96,23.12,73.7,226.14,1677.92,14.180050300371889
apple,27.37,35.34,39.14,470.24,613.53,13.501458771372224
lentil,66.52,20.68,43.01,77.1,4081.06,13.024692114303638
orange,132.19,21.67,36.75,51.84,482.95,12.240563205300756
muskmelon,125.7,22.07,88.13,473.63,3166.21,19.19174028254601
cotton,30.54,22.3,70.68,248.03,4620.91,15.5465979644702
mango,28.03,39.95,46.74,409.98,4156.65,15.03989751362275
maize,140.16,15.01,58.93,288.0,3950.31,13.90776673223114
apple,99.03,27.92,65.62,91.64,1127.3,13.424341346580324
rice,44.11,36.53,33.0,376.94,1461.04,11.565597108908722
grapes,69.03,35.1,94.96,156.09,2422.11,12.614794538646056
watermelon,108.21,19.31,39.75,134.15,984.39,13.10930627088857
chickpea,139.26,38.43,53.52,66.68,3295.28,7.0827243815396566
maize,55.96,34.79,79.99,366.83,4492.97,13.082326389893543
rice,54.67,16.89,63.08,215.09,3524.29,11.626943299217714
coffee,101.45,33.02,73.27,328.34,2415.05,13.4131136001325
coconut,123.02,16.54,84.68,206.61,2109.71,11.537964933569068
grapes,53.84,37.77,82.03,266.72,3910.41,11.326114141483886
coconut,97.15,29.43,91.52,218.68,1558.34,12.550990156191846
rice,112.62,32.76,68.25,129.44,1873.54,8.91244916041291
chickpea,122.24,25.47,94.65,244.1,3913.78,15.373178870554808
lentil,53.49,17.23,62.69,348.41,2272.84,14.935943577198572
grapes,99.27,12.92,66.74,437.12,2736.72,15.940373878219182
orange,35.56,13.34,80.54,219.83,109.11,8.959215470625974
muskmelon,21.03,28.6,61.66,331.74,3941.01,13.72987888891426
muskmelon,44.72,16.35,34.06,217.66,2697.37,11.541972365674711
muskmelon,96.72,36.68,62.27,314.38,1447.41,12.945240118556594
rice,87.44,21.54,69.1,266.28,546.99,14.043126931022504
jute,90.42,16.53,80.69,84.34,1156.03,7.854277138136554
orange,80.15,21.2,32.06,230.26,4466.37,11.057294850180348
banana,146.22,11.53,41.37,478.17,1718.06,13.759245893624204
banana,22.55,11.47,72.67,450.68,1192.89,16.321697725691386
grapes,101.59,22.46,82.66,495.8,4249.14,17.39312425573175
coffee,55.52,10.55,57.82,86.19,563.46,7.610655592233699
jute,89.72,12.58,84.75,429.68,4964.49,14.85746370724888
apple,92.15,10.76,59.18,50.45,185.07,7.284919219754688
chickpea,100.02,39.12,83.58,53.59,1374.38,6.899940336733653
coconut,138.02,37.15,65.83,469.66,3502.12,13.949787557251035
orange,22.41,29.74,72.18,324.75,1554.59,14.723110273448306
coffee,92.46,25.61,51.41,103.07,3468.26,8.930270510284695
watermelon,134.37,30.4,37.23,183.71,2460.76,11.061281880394674
apple,122.02,25.6,55.41,475.67,3787.38,19.019768283087515
grapes,105.15,38.67,82.11,163.59,1880.91,11.007512321163691
coconut,114.98,32.7,69.35,186.71,702.81,12.449082966946971
apple,109.93,27.33,63.39,407.64,3444.67,17.667344041664368
cotton,72.53,23.51,70.32,308.97,2091.39,15.537106900195566
mango,54.5,20.67,52.31,282.6,1589.31,13.830379221171452
banana,32.7,13.6,81.93,377.62,497.42,14.630613968075268
cotton,148.51,37.48,64.84,363.23,103.19,12.298575443356912
banana,139.84,36.72,72.87,476.23,2205.14,13.257765946833308
banana,98.14,20.12,48.8,123.4,1265.04,11.638209068487951
rice,148.43,34.68,83.83,196.08,2002.95,14.59786814448688
lentil,137.6,11.16,37.53,371.89,3598.32,11.52608439493986
mango,54.24,27.69,59.61,364.65,889.73,17.137322558528993
mango,103.92,18.11,48.06,480.72,603.53,16.408181863370505
muskmelon,107.36,18.17,37.97,250.4,4682.79,11.045641594006993
banana,131.52,22.28,74.67,447.28,482.86,18.17903740214555
maize,121.83,30.47,93.46,278.43,4473.74,12.268299007094736
banana,91.43,18.88,73.38,293.07,480.68,11.87586336023966
cotton,20.82,34.35,48.23,229.2,4557.47,11.49448707287157
rice,132.4,20.65,68.7,417.15,4923.24,18.23967752943184
watermelon,48.34,12.7,31.71,230.94,3724.77,8.845083052107915
apple,63.4,25.01,76.21,325.97,1605.46,16.731148705044035
jute,94.66,24.89,42.92,197.45,2979.59,12.813605227564866
cotton,29.6,19.49,45.03,286.23,2763.36,15.176488043541196
apple,50.95,26.58,63.15,165.26,4000.06,13.55915161272581
coffee,106.66,35.92,65.7,230.94,4986.51,12.658781392196143
jute,127.85,22.78,63.33,322.5,4646.13,14.79492179512842
grapes,36.95,11.96,32.57,357.92,3931.81,13.82411408486168
mango,104.95,35.49,59.88,122.67,1476.92,9.413055548032393
muskmelon,59.08,18.19,32.65,216.32,2100.71,10.992159793593595
jute,33.66,20.26,83.51,325.62,3556.52,16.56959893378921
mango,45.75,35.64,75.88,129.03,526.67,11.325042246568062
chickpea,147.33,33.45,91.26,454.93,4272.59,13.477614280799234
lentil,79.33,17.37,68.44,55.89,3140.01,8.61915726383037
apple,109.12,10.43,88.68,189.34,1270.42,8.668645015034397
muskmelon,106.09,19.03,58.08,261.58,744.87,12.458804892128828
orange,43.31,31.21,51.28,469.05,2107.96,14.324066870339095
banana,80.42,22.09,71.39,436.51,4728.72,19.40906630124008
jute,86.73,29.02,89.5,348.03,4594.04,16.27236811172737
orange,122.79,21.45,75.49,433.89,1330.84,17.132547864506627
orange,73.01,17.64,57.11,426.28,1008.67,13.526029325745784
coconut,64.1,13.66,84.56,123.5,3660.09,10.970156471562175
rice,122.78,33.25,38.62,70.46,4666.15,10.060098796652488
jute,48.38,22.14,83.07,235.46,1839.26,13.228961647619151
muskmelon,109.98,13.89,70.06,450.08,1102.63,14.798010211947796
apple,99.16,14.02,61.07,221.89,447.92,9.729974102518309
maize,59.05,12.32,89.5,169.49,3280.33,8.677986665975679
coffee,34.99,29.53,45.8,59.5,2269.34,12.06979121682956
chickpea,94.67,22.62,57.43,336.07,4623.78,15.026123647751408
muskmelon,68.65,15.54,47.96,298.09,1943.26,12.697395098957422
watermelon,29.05,36.94,59.62,269.56,451.71,10.411923579287595
chickpea,106.76,17.08,89.26,353.74,405.2,12.934526159921026
watermelon,72.25,13.71,35.38,403.35,2527.84,14.984377966959933
rice,127.57,13.11,57.95,203.08,913.31,10.10925096626556
cotton,122.16,11.14,58.7,360.91,2860.13,12.760898980116288
grapes,145.0,34.34,89.04,253.93,3537.43,10.824830456009025
cotton,121.77,27.94,37.09,353.81,1733.93,16.876286816653497
grapes,136.53,23.4,40.31,480.84,3887.81,17.162312458684966
watermelon,94.93,13.88,36.21,85.91,552.62,7.535829322138178
jute,111.23,33.67,33.15,121.93,4527.38,10.612890899372262
banana,114.61,13.08,63.7,122.93,2396.93,10.071579061549564
mango,88.59,20.72,49.14,167.71,2074.85,12.963366026459743
cotton,25.29,28.46,43.53,338.33,222.04,15.456539362277066
watermelon,80.0,22.38,42.86,280.51,2248.42,14.38614671636082
lentil,50.0,15.99,43.89,162.81,686.89,11.499192010365562
banana,82.13,12.13,69.37,444.62,1172.21,15.339393112155673
apple,34.15,38.01,35.41,288.97,1730.17,12.226365039273595
maize,109.2,16.08,55.58,307.17,2054.49,16.169847504733536
lentil,62.86,34.16,50.76,291.39,3336.59,11.196877650535429
chickpea,40.06,32.77,52.17,463.69,2282.48,14.973287827275596
lentil,37.26,21.61,49.38,470.51,3102.93,15.769601634584088
coconut,136.71,29.59,85.62,489.33,1286.13,17.159618390053883
chickpea,30.97,26.38,51.42,416.27,936.65,15.602327443548818
watermelon,29.61,22.75,85.32,489.03,291.54,17.224497496055427
apple,30.87,12.75,59.75,109.85,3231.66,9.790643198851363
grapes,100.84,24.47,80.4,485.09,465.21,18.854366845080715
lentil,47.56,19.0,85.54,483.66,1664.25,15.229286465374791
banana,76.59,37.39,39.88,51.82,156.77,6.401288511832621
maize,135.53,15.48,90.02,317.11,639.64,13.69629791757864
banana,29.6,39.86,73.44,160.85,1903.06,7.015769339905206
lentil,132.84,34.68,31.92,242.3,2479.71,9.339067874872464
muskmelon,44.37,16.79,56.49,375.76,3041.0,14.717859256823417
grapes,82.28,16.14,52.53,397.68,768.12,13.966281310211947
watermelon,28.79,13.69,52.53,488.58,671.27,16.535730778971207
chickpea,39.94,38.11,33.19,342.62,2030.12,12.060001379228815
banana,40.24,22.16,91.22,197.28,2747.97,16.328016681404822
muskmelon,122.26,37.14,37.53,298.81,3970.81,13.79256877060348
lentil,69.25,21.74,69.92,149.17,2513.68,11.64074186053913
jute,118.84,20.58,46.37,86.99,3580.48,11.093833787648585
maize,89.2,30.13,93.71,271.25,2960.24,14.8997851525552
rice,22.0,15.58,53.03,264.23,4911.66,11.875282491051903
cotton,35.78,27.17,49.3,429.92,3383.06,16.949885606521907
coffee,124.09,38.88,95.0,265.93,4077.71,13.852713900694262
banana,58.53,15.72,71.36,457.44,4829.87,14.682765788727234
apple,137.83,33.1,90.9,163.78,4505.62,10.49382548905589
cotton,112.09,25.56,38.63,348.77,3507.87,16.683734003825684
apple,111.62,18.64,78.13,111.67,4416.76,14.998877004863294
coconut,71.16,22.93,64.47,451.46,4991.81,17.38537524465074
lentil,51.3,38.23,85.52,367.87,2798.83,10.577998663727344
mango,116.86,14.24,71.35,67.16,1465.79,9.757741559159223
cotton,115.36,24.23,68.09,214.24,2362.56,15.400358086143845
rice,106.06,17.35,84.17,460.17,586.62,14.165490436739288
coconut,53.19,30.87,48.3,344.49,1398.18,15.537606030697049
apple,95.73,27.32,90.65,235.73,3732.79,12.898620067027611
lentil,130.75,21.48,50.91,308.95,2618.28,17.667659684984034
maize,59.68,23.35,84.89,390.1,247.08,15.095475149749069
apple,100.45,34.07,82.29,90.74,1595.95,11.765074093799932
lentil,131.61,28.86,63.99,329.07,1686.87,17.59869462377065
cotton,142.2,22.11,81.78,104.28,2878.07,14.61526995521304
watermelon,49.63,32.6,79.58,189.5,4220.44,11.068201419757182
coffee,48.87,11.08,92.24,385.82,2715.21,12.982458078748971
maize,126.02,37.53,93.81,291.24,2486.56,10.751805707483433
grapes,51.07,12.26,61.25,115.14,2307.73,7.445745386158693
lentil,117.87,38.45,91.68,457.29,1743.37,15.651760670425672
coffee,143.3,15.65,33.67,422.78,2326.29,13.585662148743278
watermelon,117.63,24.49,56.01,439.19,4219.63,17.669042072409194
coconut,121.56,31.92,61.59,347.26,238.31,12.56363560068818
lentil,121.77,17.5,41.86,188.0,2147.25,10.601136337175458
apple,124.51,39.72,78.6,88.36,275.33,6.303454036973814
maize,94.21,31.86,91.45,149.44,4764.63,12.044616266110904
muskmelon,122.33,15.62,89.79,395.96,3423.01,13.386212719214958
jute,121.11,13.66,32.65,250.45,4151.45,13.994447723084706
apple,93.04,35.69,87.13,350.7,3470.79,11.558385842992518
jute,58.82,27.72,92.04,346.07,2762.36,14.452591262543622
cotton,29.29,25.27,81.43,152.8,782.95,13.48658279583626
muskmelon,101.85,38.71,69.08,329.32,1356.56,14.315953588488531
maize,73.48,35.11,84.66,453.32,533.36,14.276773661316934
chickpea,46.11,38.37,75.78,285.89,3907.12,13.069747025942382
apple,84.81,38.69,58.85,239.93,3095.46,11.57799486990625
watermelon,121.16,18.14,60.26,468.85,2143.93,15.235856581138378
chickpea,101.55,34.64,65.91,59.42,2766.14,7.79142776576746
rice,22.91,18.92,43.29,406.84,1872.54,17.159916477084604
cotton,56.23,19.85,65.03,193.01,3892.35,11.02503371998921
apple,35.72,34.23,89.48,493.55,4508.29,18.103964030707875
mango,118.27,12.91,63.85,299.46,1992.73,13.263191701836174
watermelon,146.55,24.02,67.17,152.95,101.53,13.75869201221314
lentil,70.16,31.79,64.32,107.73,3948.15,12.27752238390132
muskmelon,110.02,34.41,87.29,482.43,4736.18,17.540904273063948
maize,139.83,38.75,85.1,236.06,2803.83,9.034181815587964
rice,61.64,26.56,66.05,439.88,221.89,14.423543197079637
mango,143.24,15.82,76.71,209.44,245.57,11.476238954269656
rice,46.92,38.93,48.13,431.81,1146.63,12.563189520595134
watermelon,36.45,29.93,36.4,125.99,4007.42,12.402091620044816
coffee,120.33,16.41,36.65,221.25,4552.88,11.66016016235877
apple,121.96,18.39,40.37,302.03,3174.01,15.332579292440792
chickpea,118.06,33.65,78.56,101.02,1943.79,9.451921246636726
muskmelon,43.87,23.88,88.86,265.82,1410.38,16.087749400870685
apple,93.02,31.96,44.22,114.45,339.12,13.167492333097428
watermelon,73.46,12.24,42.33,442.76,1026.47,16.420314280982396
banana,35.04,30.87,35.35,250.02,1420.81,15.108191806082443
mango,71.62,39.97,82.58,259.7,2773.48,10.398946449947358
maize,26.42,19.39,32.59,175.38,2506.37,10.542653319342316
maize,136.31,38.93,56.22,164.67,2054.14,9.228129533527412
grapes,67.91,29.34,45.68,190.42,4870.14,13.684584016065244
chickpea,66.73,29.09,50.41,350.94,1838.3,17.155431648805962
apple,39.07,26.99,42.13,261.67,4088.73,15.22580116564312
maize,139.28,38.18,58.07,407.94,1155.87,12.711308365127568
coffee,112.38,30.71,35.49,244.12,1571.48,11.428455977804363
lentil,93.28,33.45,33.22,337.11,3886.94,14.017015955996234
coconut,48.15,23.23,71.22,241.17,2773.71,13.782720616070172
watermelon,141.59,18.85,81.05,144.95,4349.43,11.48391858243494
rice,118.58,14.26,62.65,377.56,3781.53,12.82135273288854
banana,105.44,18.33,91.17,205.97,3836.17,13.575381174452644
coconut,147.88,16.33,55.31,152.29,4659.71,11.433778067733828
banana,135.85,10.81,40.33,345.43,896.78,11.454046700417049
maize,40.47,13.3,89.43,62.62,611.65,6.950772500613096
lentil,39.48,32.76,37.87,151.87,2890.09,11.129335072610196
orange,118.77,24.75,89.01,149.6,4091.42,15.558703335272352
cotton,54.09,18.99,69.98,417.83,2458.37,15.63216684225727
banana,89.24,22.68,78.13,127.45,4028.91,14.401858070793342
rice,31.19,13.96,78.07,284.26,3489.63,10.889759086206848
maize,96.43,21.64,87.9,204.93,2875.42,12.103011038387434
orange,57.34,36.59,68.76,191.3,276.3,11.028954035468692
apple,118.14,39.92,42.07,393.28,2344.74,12.41165758250382
maize,101.72,25.26,88.43,150.52,22.79,13.893813075910488
watermelon,118.97,39.26,53.59,147.55,1484.3,9.288034763861752
banana,78.65,24.76,58.87,200.21,3109.42,18.78334223102701
orange,85.79,16.34,81.09,417.51,4754.11,16.23673200662164
jute,77.24,38.54,84.06,306.25,3819.02,11.884703405585723
orange,65.04,14.29,52.75,431.33,1343.34,17.587081453690057
muskmelon,64.26,26.27,88.4,107.07,2545.73,14.000361389463926
mango,62.97,10.85,60.35,132.09,3050.35,6.818115953906929
apple,84.54,12.43,68.85,81.29,4373.52,9.451258940167186
maize,90.36,30.84,77.22,53.39,3188.36,12.383256595867469
grapes,35.53,32.63,50.59,116.32,4448.54,11.542926443282514
cotton,55.32,24.36,40.18,139.65,1521.94,12.855046848101765
orange,85.33,13.62,66.35,443.44,1067.12,15.455281505360222
maize,57.69,37.28,33.09,465.69,2702.13,13.40713067098918
coconut,40.4,18.01,94.45,286.83,97.29,11.671805941001129
watermelon,58.24,24.83,72.45,211.48,571.71,15.298507984817476
apple,84.46,39.57,33.0,198.22,4517.64,8.24608866576354
lentil,28.23,29.91,86.21,450.35,3750.86,17.64960302437308
chickpea,41.01,14.75,92.01,274.83,1626.72,11.066133077604013
mango,47.17,34.34,52.81,337.61,4265.12,11.340836834602545
lentil,68.57,17.28,39.0,494.62,2489.27,17.19085515030511
coffee,137.98,39.11,65.66,166.37,3376.27,8.342371907460008
coconut,36.69,22.09,61.77,151.22,2734.11,13.520432608783112
coconut,126.39,23.17,84.76,492.68,2923.97,20.750178695403854
coffee,131.36,27.38,67.77,276.22,917.26,13.18531277936463
maize,110.61,36.24,79.05,480.16,3609.5,12.302177586923396
banana,106.01,22.81,71.81,100.48,1548.35,13.377879678367297
muskmelon,141.38,19.73,73.08,200.32,3805.64,13.36842160582714
apple,61.99,12.12,69.8,208.8,3610.23,10.993798179063385
orange,80.25,34.28,44.94,326.36,2995.0,13.161419031719532
rice,97.05,32.09,48.73,156.59,3726.74,10.816909685140365
mango,31.37,12.27,63.69,309.27,1238.12,9.135770361515847
grapes,89.56,16.43,68.2,446.23,4749.61,16.58030027728593
mango,32.57,28.57,60.84,372.08,1510.72,14.026431105697943
muskmelon,115.22,11.4,31.11,405.4,518.38,9.431459547050428
maize,146.72,33.73,61.4,379.7,3247.7,13.287822151060752
coffee,77.35,29.05,43.15,104.58,4549.01,12.450889314378292
rice,94.15,18.12,48.58,363.65,1646.88,12.695223695715534
apple,106.91,37.62,54.26,78.11,2349.76,9.030330757183712
cotton,110.82,36.64,51.69,58.73,4276.02,9.214744084452365
coconut,38.4,34.25,32.4,267.92,1183.5,10.450730882974227
coconut,87.69,24.02,83.3,187.64,2884.93,15.424942719580718
banana,112.48,22.29,40.65,50.14,2761.87,12.40682581004899
muskmelon,54.43,32.28,77.3,489.83,3144.55,16.11011432478415
chickpea,129.56,31.5,39.48,330.51,1025.51,15.10554748369104
lentil,65.0,10.19,48.85,233.18,3652.08,9.390235153665856
jute,134.54,20.43,84.69,272.77,646.29,17.36697148338981
banana,70.36,23.59,58.55,213.26,3321.02,13.551562471770724
muskmelon,106.48,13.27,52.86,258.67,3207.42,11.423807920384608
chickpea,88.53,33.61,70.18,214.63,239.37,11.536700505493586
rice,126.37,36.13,31.33,430.63,3352.69,12.511460946284924
jute,92.14,29.59,94.42,238.03,4495.51,13.136173648818488
apple,61.36,16.97,57.27,391.89,2243.89,13.765206850603194
apple,104.97,25.1,94.75,257.92,2670.82,13.813510457462504
orange,102.87,30.59,67.62,384.72,1713.54,15.353274507744205
mango,119.35,22.99,45.37,241.87,194.62,17.07280854999486
coconut,125.75,28.37,71.77,357.0,401.53,14.936667247777256
orange,86.01,24.67,78.74,93.88,3842.73,14.012941320363389
apple,94.91,24.01,34.22,117.0,2447.71,14.426353612151766
muskmelon,85.98,32.88,52.59,249.45,2177.49,15.887884674556489
banana,72.05,22.88,30.07,373.58,2117.24,18.394726152916064
maize,84.37,32.65,47.22,377.85,627.62,13.35626653070329
mango,136.52,10.98,32.66,366.15,2361.3,8.90349807309533
coffee,117.36,30.39,35.77,90.07,4417.73,9.59276370443644
mango,125.52,26.45,48.83,159.14,1203.06,16.71054643991156
cotton,123.04,32.77,63.17,182.14,642.38,12.774697219714186
cotton,105.28,36.07,34.64,267.27,2850.66,11.60660689103576
banana,51.45,37.32,50.24,433.59,1842.35,15.772866176350856
cotton,121.79,25.17,48.66,477.08,1516.06,17.630964473701567
chickpea,70.87,21.67,43.41,410.45,4624.41,19.036179750497904
coffee,100.76,37.76,75.17,81.52,2330.69,8.737043536463451
muskmelon,93.09,36.43,76.62,239.39,3698.32,11.846954833546045
cotton,92.54,26.57,55.0,137.61,3220.05,13.78234499464294
banana,138.15,24.1,78.19,400.16,1635.47,18.24297602524045
cotton,138.03,25.48,40.69,333.0,1418.06,17.245708926279566
lentil,53.35,39.22,49.41,243.74,3590.16,9.803320743365198
mango,120.96,13.77,39.45,191.07,898.41,11.104751728052896
mango,92.7,14.43,90.97,379.6,451.14,13.31564481092344
lentil,139.19,22.76,79.32,444.96,176.74,15.49705782505375
coffee,96.57,11.23,62.26,439.76,3072.9,15.04006964105568
chickpea,112.87,28.7,47.5,130.79,1209.48,12.250355524688295
maize,75.95,19.02,85.6,297.42,3490.03,17.30689134477354
apple,54.71,32.1,75.86,486.54,1083.17,17.89214066120738
muskmelon,85.02,13.49,66.7,122.18,4395.33,12.204441987291055
watermelon,64.06,24.9,91.58,95.26,1941.22,12.8744449366893
orange,20.69,18.96,36.99,143.04,3046.09,15.111808909126124
watermelon,70.99,24.43,41.84,396.6,1369.34,16.546774358450058
watermelon,120.31,37.84,41.16,315.87,2968.85,11.521612745675936
grapes,88.97,38.19,56.46,166.5,1238.63,8.504347545271791
cotton,34.3,14.79,79.85,439.58,2140.22,14.402122211735245
apple,109.82,36.66,90.84,288.28,3424.94,10.715957067861044
watermelon,33.64,18.91,57.61,428.16,3328.81,13.82773423535738
maize,127.48,18.98,31.77,70.85,1279.9,10.400757871708729
maize,82.35,31.03,37.76,227.07,1067.44,13.998950760698492
jute,27.56,14.49,65.85,472.91,2536.08,15.175424276836692
apple,104.95,19.2,75.38,372.25,155.69,15.130001926906033
apple,94.78,17.35,56.53,190.59,3692.7,13.41075364909145
apple,141.64,30.44,53.28,69.24,2697.04,5.721324118292647
lentil,54.81,12.46,33.65,84.32,141.77,8.864005078648516
chickpea,23.89,10.02,58.46,464.87,868.55,14.634240976339877
watermelon,120.74,19.68,93.24,224.78,171.92,15.424906933457423
muskmelon,81.89,18.72,46.05,317.62,3283.59,14.083691934742156
orange,66.97,27.01,66.24,227.35,1723.04,10.719321664035656
apple,130.14,25.63,86.01,387.05,1138.71,16.742322452599872
watermelon,21.87,29.47,53.85,401.0,1145.5,17.01711916193802
banana,22.89,21.72,30.92,321.28,1138.35,15.315623490139238
chickpea,35.29,39.97,69.52,276.36,4777.09,12.473378144435207
coffee,88.07,31.49,84.74,318.44,4550.16,14.97524922200538
coffee,141.13,30.4,63.25,447.69,3051.7,15.570737621653508
orange,74.57,18.97,44.71,58.53,1022.38,9.401034840274654
jute,135.05,24.08,67.9,287.09,1580.43,17.68497813886094
grapes,31.81,15.92,33.32,322.88,1642.38,13.380362644454998
grapes,33.37,16.73,78.93,455.33,4460.62,17.235561424196636
muskmelon,52.35,19.68,50.39,456.38,2986.1,16.975131442349554
mango,96.1,30.09,63.67,363.43,2315.75,18.39553060563532
watermelon,122.49,16.42,52.13,123.21,4131.37,10.219537344754889
apple,94.34,17.07,80.41,230.7,1513.26,13.691910180669549
lentil,125.2,24.33,72.16,481.38,4842.17,18.878542058622475
chickpea,117.2,30.17,40.18,115.07,2799.41,9.933564572534928
jute,29.34,21.87,80.73,260.68,3405.15,15.51474678061172
chickpea,107.94,14.33,89.18,490.36,1560.51,14.380945972790949
watermelon,137.04,20.37,37.1,337.95,4207.03,15.779761494450954
banana,47.84,38.3,66.26,483.61,467.73,16.79037051290274
lentil,129.4,37.75,52.98,261.6,3741.27,11.55601974730506
chickpea,26.93,37.74,77.91,144.42,3402.94,9.26736586598647
maize,58.74,11.16,69.99,455.25,159.4,14.047427854454202
chickpea,95.83,26.13,80.47,494.78,4678.65,18.14501619056779
chickpea,75.43,12.41,67.12,210.63,679.25,12.038218623481782
banana,95.51,34.31,42.2,166.69,1090.03,11.100712824417675
jute,90.87,36.5,51.55,162.6,1245.37,8.52769056585593
orange,70.79,23.46,75.09,174.3,4189.33,14.829228062721247
maize,112.76,22.5,50.4,395.08,36.85,17.428493894165534
coffee,113.2,24.73,86.53,329.92,4858.15,18.418120066280377
banana,48.41,32.16,77.77,381.47,3927.51,16.05237160440075
coconut,107.35,13.17,90.93,368.92,4289.22,10.11535896969612
coffee,127.01,27.31,34.22,442.56,2735.33,17.31069011782856
banana,132.61,26.87,43.15,402.52,941.22,17.897558487919934
maize,144.17,19.26,38.25,233.56,4645.05,14.905387455463345
rice,31.78,36.1,73.07,241.68,3263.01,8.479201718658539
watermelon,84.44,18.55,33.26,489.73,1146.06,17.91274453344502
coconut,50.71,20.8,64.52,479.62,4990.18,16.34831208493481
coffee,90.14,16.46,35.1,300.42,1974.93,11.20205273098287
cotton,62.08,33.16,46.38,460.06,4694.92,18.82595656582008
lentil,68.71,32.17,75.25,399.99,1745.99,15.777106398089336
jute,120.09,36.33,76.36,324.19,3984.44,11.2949498549357
chickpea,128.33,14.1,50.34,111.63,345.56,9.184743604583865
muskmelon,47.76,22.36,36.88,464.54,3816.79,16.379101286683312
apple,64.91,21.73,60.0,289.88,3142.26,14.935317255733134
jute,74.13,36.03,35.69,206.46,3230.22,11.097807579669498
cotton,47.59,26.29,73.69,479.88,490.16,22.18138975028562
coffee,25.75,31.33,87.72,499.89,4942.05,17.05183678837729
chickpea,43.62,27.96,86.83,201.29,1335.43,13.092853987105276
apple,40.18,21.9,76.89,387.93,4414.76,15.62930034701773
banana,129.79,34.53,70.28,71.81,10.64,11.596804511278195
muskmelon,85.82,13.42,63.79,388.68,3241.87,13.987939059863598
apple,121.25,27.02,52.64,497.08,4460.09,19.188462564656767
grapes,117.66,12.62,92.32,215.88,632.04,8.94848427314727
muskmelon,128.87,27.27,88.97,468.27,3454.24,17.491016837278245
cotton,86.98,37.5,36.55,229.44,4698.07,10.290225560708972
mango,52.84,37.41,59.36,79.91,2838.37,6.992249072531066
watermelon,51.72,27.21,30.41,462.39,1828.83,19.815105832690847
coconut,45.5,30.98,57.65,452.98,1126.9,19.035779572277928
coffee,83.13,33.61,44.31,459.09,3820.19,14.865171627589204
grapes,73.62,17.4,93.84,292.63,2733.48,14.72807556667691
jute,147.54,13.85,67.11,71.01,141.51,8.970885449791535
lentil,143.87,21.94,43.64,261.17,2812.21,16.26653059337674
lentil,102.0,37.02,32.17,223.83,839.38,9.627058066668257
muskmelon,67.57,12.33,65.0,176.32,1295.16,9.315968683405911
maize,76.83,38.69,85.74,453.01,414.36,11.867289313640311
apple,142.06,10.94,31.24,288.37,4607.65,8.126200991828808
coconut,80.49,32.49,52.45,358.56,267.15,15.105745835672844
mango,76.46,11.07,43.88,301.05,4902.08,8.914987107513547
chickpea,46.98,27.55,44.93,252.48,2657.98,14.052411982031469
maize,68.59,30.56,92.32,88.56,4920.3,9.088490539194764
jute,57.13,13.42,74.86,426.09,227.27,13.407796893562722
lentil,104.7,10.76,64.62,76.21,2858.67,7.360153497955342
coconut,112.27,25.99,93.33,69.37,773.92,12.550121459582387
watermelon,114.76,32.37,82.58,274.35,841.34,12.835405424679678
banana,26.66,10.47,31.03,97.65,3121.18,9.005946468963662
apple,113.51,34.4,60.07,322.85,4737.82,11.369771329429993
grapes,25.6,35.35,61.07,98.9,2626.19,11.43125211808742
muskmelon,27.03,33.33,60.67,355.81,3704.8,13.757366119628587
muskmelon,31.24,31.86,85.43,269.01,1272.5,13.296770137524556
grapes,57.21,31.91,88.57,327.97,4001.24,15.596445102018375
muskmelon,93.51,25.02,33.28,203.44,3863.66,14.553705553801318
cotton,100.69,31.77,77.27,365.58,2826.03,13.95339398378644
grapes,117.55,25.19,91.05,465.03,2217.43,17.241441668959112
apple,80.91,33.31,48.72,469.88,758.01,16.244376723262224
rice,131.26,24.9,89.71,400.53,4743.83,16.686211352430423
coconut,112.61,20.73,57.89,146.03,4682.03,13.556662387895848
coffee,26.87,10.7,56.1,312.59,3675.01,11.728011624458164
coffee,58.02,33.25,70.56,417.74,4533.68,13.69002002788022
rice,86.93,14.24,91.12,195.02,2922.64,11.342594366736924
mango,74.11,11.92,86.3,477.0,3609.41,11.616283547726637
muskmelon,103.73,13.17,37.36,360.07,1455.44,14.54516160061562
watermelon,69.42,28.96,68.41,489.62,2810.87,16.650111887066995
rice,93.84,28.64,74.01,125.92,1575.96,14.593930048986016
watermelon,131.95,36.6,31.91,283.85,4724.73,9.45095486937878
cotton,147.7,26.04,82.96,198.5,2127.78,15.356230437357244
coconut,128.51,35.37,66.11,244.2,3660.15,10.256216275289264
cotton,121.2,19.75,72.51,223.12,4395.59,14.476113559271903
cotton,45.04,19.29,49.22,402.88,1439.6,17.793449569324814
lentil,64.8,38.57,39.63,296.47,4529.39,8.62371754253884
maize,48.98,28.52,93.51,446.96,3209.39,18.06152882635018
muskmelon,124.65,15.14,73.24,242.82,1059.68,11.498688283255325
maize,25.59,21.4,33.78,205.05,712.24,13.917359317084127
coffee,70.33,10.47,41.4,168.81,2239.35,8.714631477884208
mango,139.13,27.03,78.48,396.28,4976.12,17.173404178355828
apple,136.76,25.17,54.7,392.29,1338.89,20.43122287865321
lentil,93.05,28.52,60.92,322.28,3158.35,14.645276805927146
coffee,52.05,21.14,37.6,218.35,979.69,13.91517724994641
jute,79.99,10.37,62.4,94.21,3220.31,6.06235735068984
coconut,132.17,25.55,94.11,479.41,2007.45,17.952501930309598
lentil,26.13,16.69,57.55,60.8,4155.97,9.4846714485427
muskmelon,50.72,12.63,77.57,106.02,825.53,7.107906435865444
banana,128.06,34.71,75.54,403.31,2235.04,15.800706027632614
rice,103.12,13.44,38.07,424.05,3566.35,13.871958725307389
muskmelon,23.56,19.83,69.31,345.19,4764.29,15.25873949738576
rice,125.34,24.36,51.15,234.25,2850.42,14.598483732221917
muskmelon,94.63,23.24,72.41,232.06,2019.32,15.334429411881228
coconut,24.82,33.4,86.33,195.21,1359.41,12.89630060099602
apple,26.52,31.63,69.12,155.63,4114.68,12.13036007660377
coconut,69.55,31.38,58.53,396.94,2089.95,16.371200267948993
grapes,40.16,37.85,46.03,400.13,80.89,13.959945605142789
banana,101.11,30.91,69.57,159.46,793.37,12.277424152665214
muskmelon,62.1,33.52,86.29,483.8,2763.61,14.349788863117444
lentil,24.46,13.99,89.71,422.91,3188.79,13.547292233104091
mango,68.89,28.49,94.64,157.83,4631.35,12.931128072808145
chickpea,107.75,35.74,60.45,264.84,4059.78,13.401046362118144
coconut,129.35,13.36,51.25,340.85,550.55,10.995222958859324
lentil,82.82,39.04,32.22,110.91,2581.85,8.58036291806263
apple,106.65,22.66,78.68,249.63,987.78,16.005122598149388
banana,82.62,35.06,41.0,120.75,4491.25,11.408215975507932
lentil,75.89,21.86,45.28,323.54,1842.75,14.179644552977887
watermelon,119.33,36.12,34.73,402.14,797.81,13.23232348554167
mango,109.42,39.13,54.58,443.72,3689.13,12.235657187466964
muskmelon,22.0,30.42,42.08,474.22,3088.78,16.292325772635152
banana,98.64,33.28,64.1,487.84,3679.95,16.511936303482386
coffee,133.72,26.04,68.38,52.51,2682.89,12.57856266936028
muskmelon,26.47,18.02,81.42,418.73,4906.78,16.12443802249133
orange,72.53,28.83,87.71,222.09,4764.78,14.09769601114847
watermelon,99.54,17.34,50.69,219.68,3956.63,14.883511978628276
coconut,121.45,30.36,68.34,477.18,4311.24,18.033827854631152
maize,128.94,25.55,33.11,379.58,1161.08,20.021350811313606
watermelon,87.03,19.7,54.24,396.99,2028.66,15.782373586505376
orange,129.09,34.81,88.55,341.23,4863.3,13.257238911849978
coffee,97.63,11.13,58.91,143.48,3034.56,10.472341954022989
coconut,134.67,14.82,94.36,99.99,4906.95,8.402258021785427
watermelon,72.77,27.95,54.88,75.13,538.48,11.115231763482395
muskmelon,80.04,25.69,76.49,478.9,1283.66,20.71087359581197
coffee,105.29,30.4,34.71,57.98,3153.76,9.927175815534472
watermelon,76.67,27.49,92.62,367.59,1631.89,14.278523675002605
chickpea,118.29,24.95,80.39,274.64,4731.97,16.032785499485414
maize,92.98,32.97,89.58,381.1,476.41,15.493398543271551
jute,21.82,30.31,85.64,407.94,4837.16,20.190547759429087
coffee,68.21,27.22,49.53,371.31,495.05,15.113261286738712
orange,73.08,34.51,60.77,332.1,2179.86,14.161207600488105
mango,35.06,34.3,59.41,223.71,795.14,12.30722891566265
rice,144.36,36.72,31.63,247.2,22.34,10.0550581915846
muskmelon,46.12,24.19,39.89,366.72,1702.49,16.634182873320842
lentil,49.0,37.11,47.65,101.3,4598.72,7.322285331570524
cotton,66.51,17.04,69.14,350.76,1190.54,13.934995884220603
coconut,26.66,31.49,68.84,317.41,3671.59,15.059028922074631
orange,50.82,14.78,31.99,55.6,1099.2,11.25856077147016
mango,42.46,18.06,58.54,408.76,2589.82,13.020113366952142
coconut,65.19,33.45,82.56,357.19,1955.52,14.921161634756997
apple,63.58,12.61,70.13,385.76,3663.43,12.94456561200842
rice,39.9,22.34,81.81,333.49,4775.85,15.554856203607734
jute,119.03,11.68,37.05,217.44,1350.13,9.54019983260871
rice,44.95,36.27,67.07,347.95,3714.2,14.301052716601154
cotton,43.56,33.64,49.98,73.32,4520.36,8.502063994903061
grapes,55.77,16.48,85.77,177.31,3645.48,12.866873498140162
banana,88.11,13.83,88.63,456.07,4523.0,14.751819588768516
muskmelon,74.36,24.09,49.44,129.91,507.58,14.167815910792388
coconut,52.45,32.57,58.58,333.42,3854.3,11.319897257608384
mango,91.68,17.36,47.98,73.91,3575.48,9.294243010728628
grapes,78.89,27.93,59.64,393.88,1555.96,14.389296640016452
lentil,48.48,25.56,32.65,255.98,2039.33,15.266719952141145
jute,121.65,38.7,48.94,419.96,925.43,10.51893714273365
orange,133.96,13.51,88.96,56.78,2489.94,6.383370683630931
watermelon,84.75,38.53,77.0,67.28,725.59,4.158698438512108
maize,99.36,25.07,67.87,191.12,4643.7,14.418196696599695
grapes,29.75,14.5,53.88,219.37,2517.28,12.69150829466726
mango,21.3,29.51,37.65,176.34,3565.89,12.035685340826554
jute,44.66,26.96,43.54,211.13,1741.91,16.827976187059033
maize,34.59,30.1,58.13,481.92,753.92,17.143914473684212
apple,101.0,26.79,54.24,225.68,887.67,15.574199871573896
banana,90.19,21.57,83.22,369.42,3023.33,16.617478078807146
apple,60.88,26.68,82.16,52.97,3038.38,14.476655322902335
rice,145.43,23.39,64.79,434.15,1260.99,18.41989230683828
grapes,149.17,32.25,69.52,315.07,980.97,12.964973444651722
banana,56.75,34.75,83.52,426.84,1532.45,16.51822897973833
cotton,132.26,21.81,38.28,75.08,3832.97,10.68879745993316
coffee,42.14,37.58,40.32,329.52,3235.84,14.525192840189872
watermelon,129.27,37.79,62.03,374.6,2330.4,13.008024373498111
rice,80.54,35.17,74.59,452.67,3795.57,14.475441106342394
jute,126.24,10.93,53.55,206.18,4723.41,8.376596569004173
cotton,76.57,22.24,52.64,408.64,4165.74,17.0377940053868
chickpea,44.59,36.25,47.5,276.32,2086.48,12.79645143974541
orange,57.91,19.92,62.05,436.43,145.41,16.463654494188845
maize,78.08,34.69,57.68,245.53,4538.49,12.257781773232947
mango,55.71,27.3,50.32,60.35,3523.15,13.105959155869035
watermelon,38.98,13.51,72.69,360.07,2828.51,12.24424520330492
mango,66.2,33.09,93.19,200.92,1814.97,10.753037240284964
lentil,51.99,30.94,88.79,239.94,4985.95,13.733491110019154
muskmelon,63.62,27.41,76.88,315.63,3495.67,16.137495816252677
muskmelon,87.12,18.76,49.53,290.66,2957.63,12.171688142194933
lentil,70.96,29.96,42.62,86.69,3155.75,12.62249227600412
watermelon,88.16,24.66,30.42,418.36,3703.3,18.46933005697621
mango,56.99,25.15,53.52,372.75,159.78,16.774001752409564
rice,110.36,19.65,50.09,294.9,3641.46,16.159551388728698
muskmelon,67.96,32.28,46.12,276.87,639.25,10.953867813844347
apple,104.49,24.84,78.08,456.78,1922.36,21.29759254249985
cotton,107.82,21.89,93.23,226.99,1286.53,16.398202917926515
grapes,133.01,27.18,48.72,474.56,567.71,19.281605044829227
cotton,133.98,17.39,30.43,177.49,150.58,12.414729711781112
watermelon,30.99,27.91,87.32,464.67,4191.89,18.140678786895645
rice,63.85,34.32,31.33,121.13,1748.25,10.052441012441012
banana,61.65,13.55,35.37,451.55,3640.83,12.24730899272968
chickpea,76.5,37.29,30.57,119.29,3770.85,9.378882745269635
lentil,74.75,18.36,43.99,262.35,1394.38,12.165155839871485
orange,21.95,22.37,50.35,313.93,4589.99,17.608602633121205
grapes,67.53,20.81,63.56,362.92,697.2,16.159523809523808
lentil,144.56,28.88,47.11,128.03,2088.76,13.434382121450046
banana,62.53,29.6,64.59,448.42,1785.38,14.1966976217948
banana,100.78,15.25,54.7,69.02,4812.66,8.905894037808613
rice,140.12,27.09,33.89,278.71,1995.85,14.60093694415913
muskmelon,87.27,13.47,66.84,147.34,4485.02,9.672407257938648
muskmelon,49.9,12.3,94.07,423.24,4439.78,11.246602309123428
maize,100.7,21.73,34.69,302.2,3063.11,14.074616974251658
banana,118.13,15.99,56.87,279.26,4120.75,15.014689073590972
maize,25.44,22.49,38.23,474.51,682.11,16.910703552212986
chickpea,136.36,16.41,39.12,418.08,3846.87,17.296687956702463
muskmelon,28.88,28.8,40.36,272.46,41.19,14.023792182568585
grapes,122.78,32.91,89.88,492.07,4681.6,17.217233424470265
maize,67.79,27.37,52.56,382.81,60.67,16.26388659963738
chickpea,57.12,25.83,41.02,393.88,3821.54,17.23512248988628
coffee,28.92,15.72,33.52,186.13,2348.72,11.52721482339317
rice,20.01,25.54,85.28,336.77,655.86,17.597429329430064
grapes,107.53,10.8,94.34,65.58,4342.35,6.072474581735696
lentil,97.07,22.35,50.71,429.17,3529.21,16.235950821855315
grapes,92.36,32.53,41.17,280.13,4400.4,11.12355922188892
jute,96.81,13.69,89.32,331.16,4899.2,11.527431009144353
watermelon,147.81,15.21,84.33,379.08,1895.31,16.66562198268357
apple,147.61,18.17,39.59,475.38,4010.84,17.340786468669904
muskmelon,63.71,24.1,36.22,219.28,2409.98,14.868447041054283
apple,140.5,30.56,49.66,163.25,1836.52,12.993160978372138
muskmelon,148.5,27.85,85.86,254.78,595.45,15.534268200520613
rice,60.05,31.43,76.5,216.52,850.5,12.989559082892416
mango,75.85,23.93,69.47,417.31,1327.09,15.955715136124905
muskmelon,83.69,29.91,49.43,460.25,4439.56,18.5622494121039
coconut,105.43,25.4,57.32,358.86,3683.54,15.13736785809303
watermelon,38.85,22.67,36.27,266.81,2139.05,15.59648442065403
rice,26.33,23.06,42.23,393.78,4245.85,16.240910536170613
mango,75.88,27.24,59.06,66.37,3686.02,12.348467995290312
chickpea,28.04,20.59,33.12,193.66,1583.07,10.6604445792037
grapes,74.3,13.27,32.22,126.88,1205.1,8.274043647830055
apple,124.68,15.88,89.22,443.87,1299.25,15.730105830286703
mango,144.67,24.69,37.92,357.41,1411.09,16.255426655989343
coffee,50.88,22.93,69.34,384.09,863.79,17.70277498002987
watermelon,93.04,27.88,45.1,436.57,1088.41,14.79706176900249
lentil,62.65,38.75,92.53,293.04,1765.56,9.702275765196312
jute,131.61,16.11,87.65,206.69,1012.04,12.01925813208964
lentil,130.48,13.65,34.36,457.02,3885.51,13.262881835331784
chickpea,91.25,39.12,78.08,365.46,2725.01,8.040113614261966
chickpea,48.09,20.62,55.99,449.17,894.74,18.60819902988578
mango,30.92,30.71,87.58,99.76,4633.48,14.113549643032885
orange,136.92,19.61,56.23,185.45,1908.63,10.450364921435794
banana,49.53,10.03,62.46,244.71,4798.75,10.10483771815577
watermelon,144.1,31.83,64.95,438.17,1835.31,17.008347363660636
coffee,31.48,24.35,70.96,267.87,4145.89,13.931833695539437
muskmelon,103.57,24.5,32.32,156.77,1320.84,17.93012022652252
orange,95.96,18.81,72.88,192.38,2794.73,10.63553187606674
lentil,20.66,29.75,86.17,391.84,1677.71,16.803505969446448
rice,115.7,13.74,58.33,366.63,416.62,15.37753828428784
lentil,148.56,34.19,54.98,136.39,1883.26,12.882549409003536
maize,61.73,18.56,30.63,461.94,3423.92,17.179008271221292
rice,82.59,39.42,41.48,113.48,2236.93,5.949524571622716
grapes,68.35,26.41,84.29,416.91,4807.72,18.43349862304793
orange,145.6,39.11,80.65,185.44,2340.89,10.059938741247986
maize,93.78,19.57,75.3,180.13,2321.27,8.779241535883376
apple,42.24,20.38,82.74,335.15,1119.92,13.614740338595611
chickpea,50.78,35.95,51.82,284.75,515.78,10.25055256116949
grapes,78.59,19.75,52.26,289.68,428.86,13.774028820594133
muskmelon,54.56,31.24,37.44,320.0,4162.71,14.378952653439708
jute,69.4,35.66,67.37,439.58,2588.24,15.760277254041355
mango,85.75,17.78,76.54,163.97,230.3,11.391228831958315
grapes,131.5,34.11,83.77,236.5,4088.58,11.2184254680109
watermelon,139.21,31.02,45.14,227.76,3971.51,11.076074339482966
maize,72.87,10.16,46.62,447.42,1006.02,13.526639629430829
watermelon,103.14,38.54,86.1,341.27,2181.29,12.277707228291517
banana,133.8,14.19,55.15,499.86,1915.3,15.19901320941889
cotton,43.03,27.3,50.15,203.78,2373.84,14.283494254035656
rice,127.59,20.25,68.25,449.11,1489.33,19.83539578199593
grapes,59.45,13.66,34.69,231.42,402.31,10.839452163754318
chickpea,72.78,33.92,53.71,149.67,1481.1,9.537006279116872
muskmelon,111.84,27.68,61.04,444.07,99.47,20.17231326027948
coconut,136.96,20.14,68.32,187.15,4670.89,13.28562436709064
mango,120.38,31.74,76.77,149.24,3353.01,10.80879866150116
coconut,25.32,30.25,77.95,57.18,2001.81,11.19595266284013
cotton,98.7,23.23,34.42,238.85,4475.48,17.040496214931135
jute,64.9,20.06,54.3,101.79,2343.31,8.928357750361668
maize,28.51,28.51,36.72,148.02,999.42,12.143163034560049
coconut,128.22,22.48,71.89,415.36,1604.89,15.729395784134738
lentil,35.46,16.93,90.16,452.55,858.34,15.231504998019432
coconut,103.65,21.72,77.63,430.17,957.67,17.280545490617857
mango,122.76,33.29,77.17,394.06,1284.76,14.820978237180489
banana,104.9,20.41,86.14,59.69,3619.27,11.125942524321204
maize,100.25,39.71,34.23,154.9,3073.32,7.125567789881952
maize,114.37,20.54,42.14,409.75,934.95,18.603176640462056
jute,118.0,31.06,55.2,494.07,1183.8,14.932623754012504
coconut,43.22,21.33,48.31,358.52,545.41,15.500742560642454
cotton,110.31,10.2,56.09,105.37,3886.76,7.3936131893916786
cotton,62.21,23.98,91.96,176.96,1405.7,12.452408052927366
cotton,75.5,16.13,64.54,369.86,2965.37,11.567827960760376
grapes,97.86,36.3,46.22,447.89,1401.3,16.375151644901162
jute,91.69,20.72,91.31,113.82,2543.59,12.91788770989035
apple,54.02,10.17,51.83,492.64,1070.31,13.473965486634714
rice,136.83,13.31,58.12,169.29,4318.36,11.52433099602627
grapes,32.21,11.37,81.67,121.1,578.01,6.094427432051348
coconut,125.81,31.96,65.58,369.09,3006.48,15.420242276682366
watermelon,121.7,19.37,36.44,324.19,2507.98,15.854436638250704
muskmelon,141.79,15.9,83.26,396.66,1178.83,15.754078196177568
chickpea,132.68,19.88,71.95,73.71,680.43,14.553355966080275
lentil,108.58,17.83,58.26,288.48,1657.25,13.099423744154471
watermelon,135.21,10.52,47.81,464.4,1433.69,12.236250514406882
banana,149.19,21.61,78.82,151.42,2207.83,15.647567973983504
rice,42.91,36.16,88.43,131.77,399.7,9.2485614210658
muskmelon,136.06,19.73,65.78,438.71,3709.63,16.79194960144273
jute,116.01,26.22,67.7,243.64,380.31,14.090820646314848
orange,33.91,22.11,39.63,397.69,1236.56,17.804433266481208
rice,25.84,36.5,52.42,260.68,1694.96,7.62350733940624
orange,74.33,30.5,36.62,460.52,2730.69,17.24933991042557
muskmelon,75.86,16.65,70.12,182.32,1648.33,12.82090964794671
cotton,100.91,29.67,37.94,494.9,492.83,19.08980784448999
apple,88.61,15.42,73.54,213.98,1403.16,9.778036717124204
grapes,134.93,18.15,47.08,157.48,1247.9,11.713310361407164
watermelon,26.9,18.41,88.71,253.7,532.98,12.484258321137752
jute,99.13,12.69,63.76,428.89,118.28,12.5069327020629
mango,50.36,25.32,62.02,238.14,173.11,15.604124545086938
maize,136.06,10.58,76.52,479.01,1428.84,14.983119173595364
apple,133.44,13.73,92.13,93.66,4877.53,9.534465190372996
maize,57.11,15.71,62.44,99.29,549.27,9.99224425146103
cotton,110.44,26.4,90.55,387.78,2764.87,17.93683247313617
jute,83.46,27.65,61.95,311.58,2879.69,16.04823088596342
chickpea,47.01,22.12,49.69,423.74,2371.2,17.236652327935225
cotton,125.08,15.83,60.33,306.17,101.7,14.293411996066864
muskmelon,22.91,18.07,46.93,362.52,2273.81,12.820094906786409
watermelon,135.77,19.59,93.69,481.81,4044.54,17.59548922745232
watermelon,22.1,24.93,48.52,374.09,3303.06,17.43864174432193
banana,83.44,39.08,47.09,244.44,2268.26,8.988118646010598
lentil,59.39,34.08,46.37,175.54,3226.44,9.15513073232417
chickpea,20.92,21.18,57.0,97.74,1260.19,11.12807592505892
chickpea,22.17,13.48,75.81,95.08,3947.97,9.148534563332548
chickpea,134.71,24.33,92.81,325.02,1733.11,19.52857002729198
rice,131.99,26.89,75.24,467.69,4209.26,16.06267372412253
orange,106.7,34.12,49.19,375.77,2697.86,14.1131934199699
banana,63.44,36.48,83.29,473.98,1445.22,16.770145721758624
mango,121.55,17.2,55.39,395.07,3785.87,13.884499467757742
banana,48.31,16.45,62.61,116.59,2765.63,11.083402335091824
jute,64.73,36.72,94.75,411.4,70.78,10.480079118395029
mango,28.67,25.79,35.05,206.21,497.54,14.110222293684927
apple,51.58,15.33,75.62,214.02,3325.45,13.555599993985778
chickpea,113.01,18.56,30.75,94.74,1107.98,9.575551905269048
coffee,82.29,22.34,93.46,198.79,4710.04,11.86705208448336
muskmelon,34.49,10.52,30.57,340.74,2873.17,13.592363138971937
banana,85.71,16.01,84.73,261.74,4784.11,13.87229181603266
watermelon,29.33,14.11,79.7,260.9,3308.41,12.854667347759197
apple,100.74,38.67,55.56,299.33,2843.36,10.84190886838107
muskmelon,45.8,26.52,56.51,435.22,3335.76,19.72836475046166
coconut,48.05,24.62,82.99,444.28,2265.69,17.432676138394925
lentil,119.07,26.26,83.14,51.59,2563.23,12.07849861307803
chickpea,139.47,30.64,37.8,374.59,3928.43,15.712422010828757
orange,61.78,11.76,66.97,72.99,583.33,9.056606037748786
cotton,142.22,33.82,59.07,344.16,2298.35,14.49568603563426
muskmelon,109.13,15.7,58.44,339.56,275.23,12.226428804999454
mango,128.78,33.44,51.38,309.19,1397.84,14.263070165398045
banana,90.67,37.9,82.71,311.32,699.17,12.628645393824106
grapes,69.81,16.96,47.76,82.79,4477.83,8.573617131512362
coffee,105.19,17.15,77.57,130.75,1133.9,10.542869741599787
chickpea,115.69,13.27,47.31,433.67,4174.78,12.504512812651203
lentil,42.78,30.96,88.2,468.03,4135.16,15.636800027084805
apple,57.0,21.95,90.6,209.98,980.65,15.39724672411156
cotton,96.67,32.38,34.79,361.98,3925.44,14.382377516915302
rice,142.77,35.39,36.55,241.64,326.6,11.239252908756889
orange,27.29,35.6,35.44,278.36,4387.84,8.842539837368728
orange,20.96,16.61,37.02,81.09,1398.83,9.470814895305365
mango,25.55,28.55,62.34,455.44,2901.39,17.544983611303547
maize,48.51,11.46,46.8,455.81,2551.76,12.56747499764868
lentil,29.95,38.38,91.23,132.22,1309.7,7.345002672367718
lentil,93.05,28.54,80.63,160.78,3752.85,12.191672995190322
cotton,44.59,20.71,94.63,137.36,4707.51,10.987821587208524
muskmelon,125.13,32.49,41.18,80.07,3450.97,9.569355862264812
mango,34.11,16.8,81.57,459.86,4012.33,15.434081942412512
orange,53.72,20.71,31.11,91.43,2409.57,12.053735728781485
coconut,146.56,33.81,65.91,421.5,4297.02,14.324904235958872
banana,79.72,39.17,41.11,391.3,1386.48,13.158869944030926
rice,134.27,23.69,31.13,196.07,3195.12,16.676052855604798
chickpea,135.8,16.58,43.34,128.17,4421.64,11.325953718529776
coffee,77.57,12.06,65.72,68.56,4060.81,7.011972980759997
coconut,82.29,13.43,33.6,52.02,4246.68,8.465735586387483
cotton,41.14,33.4,58.07,184.53,3469.82,10.00799465101936
grapes,73.85,26.53,40.36,301.12,4087.19,16.65698927625092
coffee,112.83,22.53,77.93,391.6,1658.56,17.53850930928034
apple,72.06,16.35,83.13,116.71,4652.81,11.674891087321424
lentil,92.46,12.06,36.35,126.81,4271.85,8.78700328897316
coconut,141.47,35.96,90.33,450.8,4050.1,13.07665489740994
maize,97.97,28.83,91.2,428.0,246.26,13.778973442702837
maize,104.51,22.25,54.17,277.4,3136.74,15.783826520527684
watermelon,125.94,18.12,47.08,463.87,776.8,17.8884526261586
apple,102.33,29.91,66.1,107.07,3708.47,12.395556658136645
coffee,25.79,26.92,83.28,287.26,4027.21,17.633090899158475
apple,144.4,10.95,82.27,318.61,4013.58,10.620102252851568
cotton,74.28,30.6,90.59,266.16,3556.71,13.046405245296915
apple,143.69,36.53,59.88,214.49,1220.54,13.154267783112394
apple,133.77,12.83,83.62,357.33,4138.67,12.901560163047549
muskmelon,51.57,20.75,78.46,328.08,4243.45,14.42542271029469
maize,85.58,39.25,43.58,408.79,3690.47,12.000498581481493
orange,135.49,16.19,81.42,299.84,2185.62,12.263435546892874
banana,88.15,11.83,67.08,332.34,4510.32,11.40366315472073
cotton,85.48,27.49,36.61,251.15,2510.16,16.980319979602896
rice,84.58,26.74,56.11,250.41,2505.19,16.78043980696075
coffee,106.51,18.34,55.84,107.29,4255.56,8.271961856958896
chickpea,47.77,28.09,88.71,166.1,1331.74,13.9034346043522
grapes,102.1,26.72,58.1,493.87,4078.62,18.16120893831737
jute,70.72,38.41,55.26,177.54,3205.74,8.866333514258798
mango,31.96,12.11,52.74,115.12,1760.26,10.97225409882631
coconut,70.75,36.15,79.65,94.69,1672.78,9.339004531378905
grapes,62.22,18.0,36.67,392.38,4552.99,12.496713148941684
apple,105.2,15.47,67.02,176.22,686.35,10.083004298098638
chickpea,95.08,24.39,82.24,492.14,4441.65,19.4095550077111
maize,119.83,30.14,94.33,261.89,322.09,15.693719146822318
orange,71.88,35.1,44.47,270.37,1594.03,12.508691806302265
apple,64.09,15.61,87.3,414.2,1995.19,16.959703085921642
watermelon,129.73,30.63,36.7,84.85,3882.75,11.65540403064838
orange,24.95,31.54,35.88,341.23,1757.07,11.877711189650954
jute,135.66,36.12,64.2,96.58,2199.05,7.905672904208635
coconut,46.63,10.89,68.61,61.07,4467.09,9.874307435041604
grapes,36.13,23.66,79.54,300.27,4232.86,13.237851003813024
cotton,71.7,27.67,72.62,305.49,4868.11,14.44545419064072
mango,81.43,32.69,84.55,357.44,4169.38,11.66354469969156
muskmelon,145.16,12.75,41.55,449.52,108.73,12.638738158741836
lentil,46.39,39.25,85.12,79.13,4595.8,7.421750293746463
muskmelon,67.3,32.5,82.11,113.5,523.49,9.024126535368392
watermelon,69.59,28.08,65.51,366.84,3552.18,16.25917042492216
orange,29.23,25.0,69.81,224.98,4344.8,14.86076459215614
grapes,74.51,34.11,84.55,126.98,873.18,10.49555647174695
grapes,109.3,11.18,88.52,409.08,840.53,12.811714037571532
rice,21.1,16.83,62.86,201.04,3963.23,10.311190619772256
muskmelon,122.56,37.38,83.17,445.33,4182.77,11.903006859090985
grapes,137.31,14.01,79.66,468.87,1593.59,13.703129412207655
rice,27.87,20.58,41.97,116.1,469.36,9.293165161070394
apple,54.7,14.96,85.2,346.37,2232.59,13.383975562015417
apple,39.62,17.2,45.86,230.23,2980.95,12.058860430399706
grapes,95.36,35.4,63.4,68.54,3828.45,8.646731706042916
chickpea,68.84,32.05,85.93,218.85,1789.1,12.411972500139736
banana,57.95,26.49,57.43,245.31,2821.09,17.057367896805843
cotton,133.49,20.75,75.36,113.88,4478.61,11.51490306144094
chickpea,77.55,12.22,34.04,429.11,1661.37,12.008053594322758
orange,43.26,12.52,74.76,317.91,1586.49,12.789900976369218
mango,55.69,36.34,42.49,446.24,3416.02,15.364391894661038
coconut,141.47,25.08,64.27,129.35,3874.73,15.986073868372763
grapes,136.38,13.38,54.29,456.71,4457.32,14.577719347051591
orange,146.9,13.25,53.62,291.74,2225.96,9.22008481733724
grapes,86.01,23.56,53.13,397.05,3648.26,16.632852373460224
orange,44.24,25.85,35.16,451.16,2477.68,17.66844790287689
coconut,99.23,38.83,37.82,373.88,740.9,12.12541503576731
coconut,149.01,28.99,87.61,369.44,2737.76,19.02364706913681
muskmelon,105.64,35.09,91.87,429.24,2862.22,14.74055453459203
mango,58.31,38.59,67.6,80.14,4733.61,8.25171697710627
coffee,149.33,19.56,45.66,318.71,1579.13,15.862823200116518
rice,131.83,17.66,92.86,250.39,4542.19,12.20826517604944
cotton,82.7,25.36,88.74,265.6,3871.89,15.742384210295231
rice,76.57,16.14,34.69,378.51,903.12,13.817742935601029
orange,88.5,28.2,88.43,351.64,494.49,18.589941151489416
coffee,123.69,15.41,64.02,394.41,1412.38,14.52295416247752
mango,56.17,38.67,31.11,152.07,150.91,8.614538466635743
apple,95.79,32.0,31.05,221.13,4577.44,11.546399297423887
watermelon,42.79,11.26,46.72,282.96,1179.51,10.456825291858484
grapes,127.39,32.06,43.6,355.99,1320.09,15.574309327394346
coconut,61.49,38.16,47.79,287.18,3026.16,10.174878393739922
watermelon,27.26,35.83,91.72,181.35,3080.6,9.461510744660131
coffee,59.43,21.98,61.1,296.31,134.0,16.01097014925373
banana,57.38,39.76,79.68,263.42,249.32,7.396759184983154
coconut,104.06,28.41,77.23,189.39,4848.06,13.338937636910432
grapes,104.99,34.47,49.91,409.0,811.0,14.826226880394572
rice,132.72,30.95,66.51,463.84,2802.64,15.094603659406843
coffee,53.86,37.1,63.09,219.51,2783.8,10.713797686615417
apple,116.22,23.54,88.69,270.21,3292.18,17.773918801523614
lentil,148.06,21.02,67.61,295.25,1952.18,16.433208003360345
banana,135.42,16.48,82.56,205.32,3873.77,12.199709843382545
jute,66.7,17.76,66.24,103.36,2271.69,11.745084056363323
lentil,58.65,27.44,32.2,403.59,1049.88,17.219615575113345
orange,52.22,36.94,54.75,326.17,2773.3,12.881408430389788
grapes,101.32,21.38,51.94,437.82,743.65,19.327654138371543
grapes,78.27,19.79,68.39,294.33,686.3,15.136368934868134
watermelon,66.0,20.58,34.55,445.59,3126.17,15.615171279872817
jute,120.23,16.53,35.04,474.05,2611.09,15.976090444986577
cotton,137.49,23.11,75.77,440.19,2703.02,18.33868783804781
coffee,139.69,27.32,38.77,143.29,841.47,11.435321520672156
maize,38.0,11.29,86.02,450.84,4959.01,13.345443949497984
apple,69.31,27.75,36.59,271.48,4207.74,14.979711198885864
mango,54.5,32.91,33.34,65.66,3388.29,9.783342039789984
rice,36.65,21.34,37.18,292.43,836.93,14.902548600241358
lentil,99.24,20.38,66.19,103.06,249.88,14.195013606531136
orange,20.52,23.65,88.86,77.49,1065.24,11.832694979535129
grapes,138.4,39.69,80.61,348.44,4155.1,10.03152030035378
apple,56.48,27.24,61.39,107.23,2717.22,12.82899065957118
coffee,107.29,31.4,45.43,473.39,418.74,15.999211921478722
chickpea,148.58,36.05,33.86,262.15,403.4,13.777664848785324
coffee,55.84,16.44,87.41,285.84,3231.51,12.860761687260752
jute,100.11,15.29,30.23,452.4,4809.41,13.763166375917214
muskmelon,40.86,16.07,40.32,277.58,767.76,14.827576325935189
chickpea,95.94,18.99,36.32,186.81,725.93,9.069951648230546
mango,95.56,21.26,34.96,437.32,4524.24,15.023276837656711
grapes,103.98,19.64,36.11,454.8,4534.05,18.34120708858526
chickpea,135.07,15.63,35.75,219.71,1949.33,11.356260869119131
chickpea,81.26,29.85,53.7,167.13,4675.63,13.424663628216946
watermelon,102.61,26.73,39.37,433.21,4194.3,19.72033235581623
jute,57.52,17.61,92.18,59.95,3299.13,10.128106500804758
coconut,70.32,21.67,38.38,382.52,380.75,14.731661195009847
rice,102.64,21.64,84.39,359.82,4031.61,15.85480490424421
watermelon,77.51,36.72,40.92,274.61,3796.84,10.666683347204518
banana,94.01,17.17,79.32,437.1,4960.01,14.971465783335113
banana,121.68,11.37,75.63,105.53,782.68,9.319530331680893
banana,125.28,32.38,31.23,447.04,2923.94,15.733270860551174
chickpea,149.68,12.42,42.55,309.0,33.05,10.77428139183056
orange,31.51,32.38,81.68,324.84,191.99,16.0516172717329
lentil,49.5,18.47,49.39,440.83,114.3,14.381977252843392
cotton,105.74,38.42,90.79,175.5,3750.82,12.611975514687456
rice,38.61,26.08,79.6,463.93,3461.54,18.685030362208728
watermelon,108.16,29.34,34.79,357.95,2569.52,15.082599084653944
coconut,125.14,16.49,67.07,436.32,2421.58,16.00491001742664
maize,62.14,17.78,51.22,473.4,4557.67,15.752542417507192
lentil,59.09,29.57,52.54,415.22,900.77,15.484874052199784
apple,99.34,30.61,64.34,197.77,551.04,10.770143728222996
grapes,86.29,34.56,39.32,448.66,2611.39,15.818709576126125
banana,134.9,16.35,85.08,294.32,2997.26,14.477239211813457
jute,75.19,25.58,37.0,69.84,2237.01,14.03515406725942
muskmelon,77.69,25.9,90.2,403.87,2807.34,15.39493613171187
orange,42.03,36.44,57.17,295.85,4113.34,10.895902113610838
orange,99.26,37.02,41.01,363.03,1837.9,12.86669024430056
apple,111.94,38.27,40.31,487.63,786.91,13.935253078496908
jute,126.28,15.03,71.47,488.11,3678.94,15.611205945190736
orange,83.39,38.77,40.93,200.21,770.44,7.730219095581745
maize,107.77,16.97,49.91,157.31,2739.93,11.53211943370816
watermelon,127.72,18.88,70.35,491.05,1080.05,19.8482292486459
rice,127.0,35.11,37.62,67.4,1097.22,7.976349319188494
chickpea,43.97,16.34,89.22,178.05,1969.54,11.169207022959675
lentil,89.53,33.56,70.0,88.78,859.66,8.917304515738781
maize,100.44,30.78,71.53,290.3,831.47,16.637256906442804
coconut,66.53,22.42,75.36,443.73,1278.01,17.829703992926504
coconut,114.69,34.44,68.48,129.72,1674.63,11.480040367125872
chickpea,58.96,11.9,61.6,103.64,3871.34,8.184749983209947
maize,52.58,17.29,30.1,172.97,1933.24,11.73349920340982
lentil,72.15,12.91,43.26,344.89,4535.85,11.992982572175006
rice,115.93,30.77,63.6,67.68,872.64,10.661968280161348
coconut,139.72,27.83,91.53,153.98,3026.34,11.91881943205324
muskmelon,127.69,17.9,32.2,276.69,3792.92,11.849930923931955
lentil,54.1,16.22,40.63,360.87,1845.9,12.957825450999511
cotton,105.02,24.34,73.69,227.64,476.99,14.777773118933313
cotton,57.9,13.03,33.93,450.92,2389.69,13.672066251271085
grapes,65.22,16.01,41.49,71.73,582.59,11.484543160713365
apple,41.51,20.97,30.13,55.4,3036.97,11.918813817719636
coffee,115.87,32.06,66.31,425.15,922.14,16.0808770902466
mango,47.57,18.3,79.93,287.37,3390.01,14.98932746511072
mango,113.12,23.13,88.93,252.33,3565.74,14.417161655084218
grapes,20.31,35.24,83.23,271.1,2234.2,13.544942261212068
maize,46.41,28.56,84.65,379.66,3630.28,13.204394702337009
apple,110.6,10.52,73.75,489.05,3001.34,12.173988951601617
grapes,56.6,27.93,30.35,185.0,3715.3,13.014679837429007
orange,89.34,17.38,59.32,384.39,1310.79,14.78590010604292
maize,23.89,33.19,89.41,114.24,1596.18,12.942356125249033
chickpea,64.94,11.11,48.48,186.83,4827.87,8.705671445171474
watermelon,94.35,17.06,75.46,225.5,1732.81,10.508347712674787
chickpea,47.43,38.72,35.45,252.42,4426.68,9.802843214327668
rice,34.65,32.11,89.08,483.08,3570.53,16.16071843675869
mango,48.53,38.6,68.33,401.9,1935.05,13.392299940570012
lentil,86.02,15.57,35.27,111.71,1546.26,13.062473322727095
banana,57.93,31.37,33.66,451.5,4321.13,18.596862394790254
lentil,132.41,15.02,45.57,290.71,4769.62,13.19263589132887
apple,36.63,37.02,33.42,467.93,2012.41,16.91879388395009
banana,29.63,25.54,55.96,77.1,3938.2,9.94754456350617
chickpea,121.04,29.02,64.21,403.49,3448.25,17.964367432755743
jute,139.96,21.97,85.51,363.84,4131.54,14.93757533510507
rice,58.18,25.24,41.08,72.14,156.28,13.25825441515229
coffee,119.4,39.19,45.56,162.81,2738.81,8.302543805521376
orange,134.4,26.06,49.78,329.14,2696.15,16.0446711050943
watermelon,37.46,37.07,91.1,276.08,3027.03,7.707981090375714
grapes,56.75,15.4,81.71,449.13,1125.47,11.839533705918416
cotton,78.24,11.93,53.05,73.81,1817.04,9.554594285211111
chickpea,40.87,21.07,45.48,223.02,3910.94,14.1147524636021
cotton,30.01,36.37,42.67,392.33,1384.33,13.271019193400418
muskmelon,47.18,23.1,75.92,431.86,4501.05,16.723524510947446
mango,92.9,31.19,69.04,476.3,667.23,19.42541552388232
coffee,27.14,25.38,73.6,451.85,1307.26,15.289406850970732
coffee,69.72,29.43,46.88,241.02,3221.3,13.544435476360476
apple,42.01,14.8,66.95,132.27,217.74,8.028933590520804
apple,81.05,25.2,59.4,392.06,2419.61,18.0069515335116
lentil,149.79,36.17,85.72,410.0,3802.13,13.884554184102068
mango,131.21,37.61,79.66,384.48,3744.59,11.416563629128955
grapes,82.48,36.72,62.96,259.83,2648.39,12.31976785896337
cotton,79.52,28.78,77.29,72.79,2321.8,12.709285898871563
muskmelon,127.18,13.45,41.75,497.29,167.68,13.002743320610689
orange,25.29,37.58,81.16,273.64,344.24,10.083313966999768
cotton,52.84,12.44,77.86,391.04,4706.65,12.89918944472183
watermelon,74.87,12.01,64.05,422.92,956.81,14.129670467490934
mango,64.53,17.37,39.49,488.22,3308.76,19.46199482585621
rice,92.95,25.03,35.02,123.92,3921.03,15.911933854114862
mango,80.91,27.86,57.33,357.31,4078.15,15.693861187057855
grapes,38.3,15.83,72.47,172.82,848.3,7.282859837321703
mango,141.69,20.91,34.84,170.16,4834.96,12.623800403726197
muskmelon,34.02,29.95,59.17,222.28,1916.32,14.144276530015864
cotton,104.96,39.47,56.06,284.31,4178.09,11.239240897156357
lentil,138.18,20.34,54.29,464.37,516.78,20.00015480475251
rice,136.3,27.51,59.97,409.05,4086.03,16.08713102938549
cotton,34.04,11.03,80.92,97.6,1328.44,7.198330372466953
grapes,56.35,20.19,94.08,442.79,3964.85,15.794067871420104
banana,108.69,19.43,87.07,224.64,3076.03,10.445762882676696
apple,32.55,25.74,86.93,468.72,2151.57,15.948237798444856
coffee,109.68,10.71,66.93,433.83,3175.04,11.833907604313646
lentil,26.91,27.28,64.09,449.33,1983.37,16.956150390496983
lentil,77.86,14.57,51.4,270.51,2139.8,10.275628563417142
maize,82.25,28.19,63.65,273.13,4625.87,14.310890708126257
coconut,63.0,35.16,42.5,52.1,3841.67,5.954282903008327
watermelon,118.31,34.27,74.05,156.82,3614.19,9.7822112285187
banana,37.88,20.85,31.6,272.19,1417.31,12.93692981775335
maize,60.48,18.98,44.86,292.59,2635.43,14.25762778749578
watermelon,91.97,27.95,68.85,167.69,558.47,14.830375848299818
maize,62.29,23.03,91.91,450.06,595.66,17.174864855790215
lentil,63.18,21.71,51.62,125.96,4943.02,12.35829310826175
cotton,88.34,36.41,36.74,381.69,3647.33,11.629589316020212
rice,29.48,28.45,79.02,115.82,4477.97,11.543170231153848
banana,20.39,26.39,58.49,220.79,3286.88,15.101354475977216
grapes,85.5,23.6,56.94,285.66,35.31,16.803171905975645
rice,69.56,32.15,47.4,97.13,4107.05,11.67740592396002
muskmelon,126.73,16.55,58.49,85.76,4621.72,12.04951836112962
orange,65.92,33.42,50.38,309.33,3068.36,12.37375340572814
cotton,142.89,22.93,43.12,72.95,3790.72,12.37673054195509
watermelon,142.03,34.5,75.68,254.73,4078.6,12.223012798509291
mango,43.5,12.04,84.31,255.7,3341.87,10.34275719881384
coconut,99.62,36.67,91.87,61.52,3254.82,8.199802139596045
muskmelon,120.57,24.68,86.47,420.13,2320.81,18.78123586161728
orange,111.5,13.4,88.93,340.67,538.52,13.749052959964349
muskmelon,72.83,33.98,46.64,481.42,2566.47,16.458205239102735
watermelon,90.49,29.26,55.68,166.61,1957.34,13.292642055033872
muskmelon,138.25,20.38,44.78,191.99,3470.06,11.291807634450125
coconut,42.52,17.6,79.53,272.84,77.03,13.834869531351424
watermelon,42.21,29.31,34.12,457.64,1953.78,17.45004555272344
orange,27.43,20.1,87.36,322.6,303.81,16.54827030051677
muskmelon,133.12,39.85,67.29,121.51,3269.44,8.196195678770676
chickpea,115.76,30.62,68.32,202.26,4761.42,12.81417098260603
chickpea,120.1,31.8,86.87,448.33,875.9,16.270852837081858
orange,138.34,17.26,36.02,146.59,4294.08,9.988828806170355
maize,127.37,38.91,66.62,90.37,692.14,8.8705319733002
maize,36.63,30.17,43.81,50.3,2804.85,10.442241118063354
grapes,121.84,13.68,88.66,340.6,2448.01,14.357061449912376
chickpea,102.24,20.33,33.58,412.85,1800.77,14.924582262032354
watermelon,71.29,13.43,92.81,405.66,3321.29,11.85044064203969
coconut,132.54,14.93,69.37,226.39,4937.27,12.082661065730656
muskmelon,125.41,15.22,84.25,177.93,4903.98,10.369112435205691
rice,55.15,12.2,43.58,362.29,3058.01,13.265640073119446
apple,97.49,34.41,82.89,453.81,4924.74,15.352193212230494
watermelon,48.09,10.33,46.72,423.42,3267.41,11.89758860993876
cotton,149.45,32.47,56.14,322.1,3839.65,12.930931204667091
muskmelon,106.37,21.05,81.82,143.82,4266.0,12.7920323488045
apple,106.84,16.06,70.33,309.96,2961.45,13.87211669958973
grapes,92.89,34.39,57.53,76.8,4120.34,9.615614245426348
apple,49.57,36.83,94.55,369.98,2475.42,14.730142763652228
cotton,134.29,20.22,64.18,189.47,2964.63,14.116618262649975
apple,36.31,29.04,43.08,170.57,3310.09,13.980897800361925
maize,95.4,31.45,34.16,466.61,1297.66,13.560270024505646
watermelon,108.5,11.19,54.69,135.79,1556.91,8.369687393619413
grapes,110.94,27.53,49.59,417.72,1555.71,17.853282424102176
coffee,140.8,22.93,53.36,460.7,4472.13,19.26560050803532
coffee,56.05,25.7,34.02,311.52,4768.92,15.13051592394085
watermelon,60.32,23.73,65.44,490.64,2497.97,19.330420301284644
rice,80.47,15.44,46.14,230.55,4486.24,11.112147366168552
coffee,144.14,10.18,37.97,146.13,3308.89,9.215869974523178
grapes,72.91,25.86,50.68,82.46,1976.38,13.25584148797296
rice,122.88,20.03,51.86,452.4,370.52,17.339117996329485
lentil,84.23,12.15,77.9,252.45,3844.87,8.04999648882797
watermelon,86.26,37.52,68.47,183.45,4239.58,11.552632572094405
coconut,28.36,26.32,31.37,180.28,957.87,15.472934740622422
mango,98.03,14.63,71.2,188.65,2074.74,10.87302987362272
chickpea,41.78,11.48,42.7,197.31,890.03,6.997550644360302
jute,117.14,27.72,33.08,364.28,3481.77,17.55039534489642
coconut,49.72,13.4,53.97,71.37,3193.17,7.462371248633802
grapes,122.53,29.44,31.16,187.02,1805.06,13.69068064219472
jute,22.38,19.31,37.92,301.71,2091.03,14.416952411012751
watermelon,48.73,30.35,52.58,150.79,2897.83,11.60019393822274
watermelon,74.15,33.82,47.49,372.15,3545.17,13.970339927281344
mango,132.81,40.0,46.62,369.2,4038.19,12.259923381514986
lentil,141.87,24.09,41.88,237.48,4158.92,14.707702961345737
coconut,140.76,19.65,63.58,55.2,3959.74,8.67707475743357
coffee,37.86,34.07,37.99,69.92,619.46,9.053853356148904
coconut,131.52,34.14,47.14,378.84,3493.97,14.457287841624286
cotton,92.69,35.18,55.23,473.05,4431.28,14.52298207289993
chickpea,96.12,15.97,31.29,153.14,2585.23,9.920517710223075
coconut,136.5,19.91,32.77,291.71,210.33,14.300290020444065
muskmelon,79.77,11.68,60.17,332.12,976.3,12.01970705725699
banana,130.68,10.75,41.03,294.04,1659.81,10.14452859062182
banana,83.08,35.68,49.72,212.65,2823.0,11.312837407013816
mango,124.71,39.23,68.39,333.95,4585.4,10.045974178915689
watermelon,108.02,24.56,45.3,203.2,3050.81,14.875675640239804
lentil,87.75,27.73,62.07,456.09,644.88,18.715714551544472
chickpea,94.46,22.12,86.75,403.34,28.53,19.964949176305645
rice,120.97,12.16,46.56,462.44,3595.83,13.084842720595802
banana,135.36,12.67,78.19,59.88,2954.08,8.711764745707631
muskmelon,140.79,20.02,62.87,297.27,3018.12,14.367043059918094
apple,109.85,19.17,54.09,467.08,2168.98,15.4867264797278
mango,21.79,31.89,64.76,249.98,1263.38,14.536576485301334
cotton,71.08,20.22,51.05,188.61,1742.61,11.107597224852377
coconut,117.21,12.82,87.11,311.25,4653.11,13.300650532654505
lentil,84.83,26.56,41.78,112.01,371.97,13.702529773906498
chickpea,127.6,35.13,36.92,281.83,734.97,11.221247125733024
chickpea,126.11,29.73,88.17,328.74,2558.97,16.475351410919238
lentil,28.99,18.96,52.73,298.69,1323.71,14.834495471062391
cotton,132.0,26.16,50.1,335.25,4845.94,15.023128639644732
chickpea,119.63,39.64,60.67,63.37,4811.58,8.503867752380716
banana,148.99,38.43,82.94,391.05,973.6,12.387520542317173
jute,69.87,21.02,65.84,179.27,3498.28,14.57446516573859
watermelon,34.63,10.26,83.04,202.15,523.21,9.820091359110108
coffee,129.95,29.05,48.0,132.25,1798.33,13.218663982695055
jute,108.58,30.53,33.93,303.86,920.07,13.358603149760343
muskmelon,42.56,24.71,83.22,298.15,2987.89,15.346498699751333
rice,22.23,25.12,77.62,245.14,2544.25,14.730061904293995
jute,92.85,21.25,62.11,465.67,1459.31,16.476348411235445
apple,46.68,16.99,55.42,96.13,3488.02,11.14639824312934
coconut,78.08,20.44,41.23,190.8,4139.97,14.460674835807987
jute,27.74,10.14,84.71,302.34,3098.62,9.856552271656415
jute,118.78,38.39,34.68,97.18,2881.33,8.257460964207501
cotton,110.83,35.75,47.26,123.19,1397.47,10.099393904699207
chickpea,122.4,13.47,35.38,437.3,3771.84,10.251824043437685
lentil,37.45,24.51,51.92,289.26,4542.99,15.855359575962089
grapes,39.98,25.45,37.85,335.49,1145.8,16.144676208762437
mango,135.18,26.28,80.82,446.74,2928.06,17.844835829866874
orange,66.36,17.67,45.81,401.15,4532.45,15.33771359860561
cotton,74.69,24.5,79.08,308.77,2332.22,18.02959840838343
coffee,53.04,10.94,56.15,126.01,4256.28,9.459365925174096
lentil,68.43,32.48,52.59,323.81,1941.88,15.237512101674664
muskmelon,83.66,20.61,32.1,217.21,3638.84,13.544756021149595
mango,95.01,10.37,53.03,175.96,4751.32,10.095558707895911
muskmelon,112.84,20.14,35.73,466.11,3880.85,18.4085805944574
chickpea,36.89,32.48,86.06,186.51,362.32,10.674624641201149
maize,36.6,19.01,63.14,292.45,4727.17,13.208689342672256
banana,105.26,12.6,46.09,386.51,3922.24,10.694748409072368
watermelon,129.89,11.44,38.86,87.9,3890.62,7.710498583773281
chickpea,131.75,17.61,49.98,99.99,3070.82,9.30921708208231
banana,96.37,30.26,88.96,280.81,3199.29,14.68066039652548
grapes,114.94,31.1,70.63,461.65,1748.3,18.227598238288625
mango,58.28,35.45,49.35,166.96,4530.94,9.57477256375057
banana,70.22,33.29,68.77,129.95,4462.59,10.54414140667191
maize,67.48,39.61,53.24,403.91,860.27,13.052971741430015
grapes,135.65,35.64,66.8,207.73,3066.01,11.550650519730857
banana,46.44,39.46,42.15,354.53,4876.56,11.06093024591105
watermelon,135.59,18.69,52.32,120.89,490.73,10.472703930878488
coconut,78.9,21.03,34.97,101.33,2620.22,11.21868011083039
maize,74.04,37.96,56.27,117.82,972.42,6.947018777894326
cotton,64.57,20.65,92.16,469.29,4353.1,17.91344329328524
apple,109.14,20.09,41.22,445.66,3893.01,13.996909846108794
rice,50.8,16.36,35.09,112.1,1132.97,10.465599265646928
watermelon,147.35,26.67,74.57,168.66,883.75,14.895592644978784
apple,43.16,35.51,71.67,340.04,1623.01,11.644315192142994
grapes,52.52,24.95,71.72,137.58,2828.44,13.104789212428052
apple,134.28,11.42,47.71,436.26,2216.37,10.677707242021864
cotton,93.12,19.26,72.85,198.17,1207.5,14.70295652173913
banana,129.09,26.53,83.91,190.75,3249.18,14.084725992404238
mango,91.91,39.51,36.97,486.65,4133.72,12.897593450935236
rice,81.29,10.47,75.02,61.75,2141.21,5.241835224008855
apple,73.72,31.76,78.32,438.57,4520.95,15.302766011568364
maize,143.69,30.26,82.71,405.33,3873.58,15.452599404168753
lentil,52.6,31.32,39.04,454.95,2371.53,18.593536661986143
maize,54.42,33.51,64.25,441.73,4078.43,14.20605232895992
lentil,129.56,33.81,50.46,369.08,1880.39,13.219853328298916
orange,76.39,39.54,38.57,439.23,3860.79,14.198485284099888
cotton,25.11,38.58,34.64,270.3,4895.33,11.700481887840043
mango,72.26,37.14,30.25,226.56,2830.23,12.62655331898821
lentil,82.19,33.52,86.28,162.3,3407.91,9.328541540122831
banana,69.21,28.45,70.54,451.35,4127.57,17.495385905024023
lentil,124.53,38.34,62.35,63.04,2146.1,6.903974651693771
mango,106.73,36.16,93.91,253.86,4613.9,10.452987711047054
maize,131.17,37.7,44.73,140.12,3870.81,8.684259883590258
watermelon,114.27,35.33,86.38,115.55,895.52,7.93666249776666
coffee,132.2,25.23,75.53,450.89,3904.5,20.06640286848508
orange,35.24,13.86,76.42,180.42,3188.21,8.914359468165522
cotton,67.6,33.38,33.79,180.71,376.61,8.924271793101616
apple,31.39,27.93,48.92,398.77,3555.98,17.644536808418497
mango,73.01,29.43,70.52,129.63,3005.2,11.912188872620792
muskmelon,132.57,29.4,92.14,359.63,2943.08,13.296570259727906
banana,37.74,39.96,33.14,141.28,3537.61,6.934232433761777
lentil,82.89,11.74,84.97,428.36,4865.2,15.412764120693907
grapes,44.78,10.01,51.69,148.55,3391.22,8.582238840299361
apple,125.06,18.41,68.98,335.96,4638.0,13.639931004743424
watermelon,136.28,34.38,79.84,100.7,906.89,8.803162456306719
mango,144.17,28.31,33.53,198.41,3172.22,16.060238571095322
lentil,73.79,29.4,53.18,485.52,4362.36,17.099494310419132
lentil,91.05,14.78,76.28,171.52,4519.85,10.028096065134903
apple,110.24,25.12,30.82,382.84,530.52,18.50629570986956
orange,95.27,27.6,42.69,193.86,2017.82,12.847414536479963
cotton,84.35,29.28,67.81,391.67,3513.07,16.408881690373377
maize,35.04,34.67,78.94,426.42,979.34,15.254753201135458
banana,134.5,23.09,42.65,189.72,3313.14,13.452724605661096
apple,107.75,36.55,59.13,371.38,1968.7,12.879631228729618
mango,140.52,38.14,66.53,216.94,1205.78,8.933080661480535
muskmelon,145.68,24.1,82.48,126.5,3754.43,14.049850443342931
cotton,146.26,18.25,53.39,278.28,1754.44,11.047017851850164
apple,62.28,22.6,47.71,198.27,4768.88,12.099295851436814
mango,111.3,10.96,68.1,94.52,1619.06,7.154132644868009
cotton,140.0,14.05,49.07,114.91,2900.84,9.4016043628742
mango,31.06,29.52,43.9,263.83,2713.46,14.360473343996226
jute,119.63,20.79,41.79,263.47,2116.04,14.776733899170148
chickpea,55.3,33.16,35.92,83.03,1404.33,9.474952468436904
apple,26.47,20.86,40.8,150.22,4840.12,12.508700197515765
chickpea,125.7,37.95,71.37,183.07,4418.84,10.019172452498848
rice,26.76,26.31,85.79,397.26,4525.12,18.93984689908776
jute,109.41,18.58,84.09,144.26,2579.16,14.31103149862746
watermelon,113.3,31.67,52.76,429.66,1898.77,16.53042759259942
coconut,149.62,29.52,56.63,232.85,358.13,13.760450115879708
jute,146.46,27.01,59.92,393.25,1954.42,14.060565282794895
lentil,75.35,20.93,88.58,440.91,4734.11,15.997433519711205
rice,48.41,28.21,52.03,355.34,1171.91,19.091798858274096
orange,40.23,33.33,69.13,417.4,2646.83,14.289587922155938
muskmelon,88.68,13.99,63.25,456.95,845.61,13.633909248944548
watermelon,121.74,16.89,67.48,334.17,323.78,12.67632342948916
chickpea,114.03,19.76,50.63,467.26,2766.17,18.25726546090804
rice,100.93,16.53,83.72,482.23,1745.98,15.076489994158008
jute,64.68,17.52,39.99,229.57,2400.36,14.03085370527754
mango,133.32,38.75,44.39,201.04,3941.59,11.524093069040664
cotton,72.47,14.45,85.44,397.9,2813.63,14.809289067858955
grapes,55.8,10.63,77.31,276.19,3217.22,10.835659358079337
lentil,81.42,26.55,86.03,309.5,1930.9,15.420891812108342
watermelon,120.97,31.04,85.18,154.06,4379.05,13.025153857571848
coffee,118.18,18.97,89.83,125.35,4141.79,12.323917919546863
rice,118.59,13.91,63.12,241.06,4481.79,11.3947953830947
muskmelon,100.44,28.76,69.72,123.63,2702.63,11.324987142154123
grapes,57.21,23.88,91.45,199.9,2374.12,13.628830893130928
banana,128.04,30.27,64.18,442.59,811.11,18.426625241952387
maize,45.46,26.12,41.99,61.07,2526.16,12.782080311619218
grapes,23.7,26.18,81.95,145.46,4868.57,13.220097482422972
lentil,98.95,13.97,84.14,316.7,3470.0,11.4285878962536
mango,110.57,32.61,84.07,399.57,1300.1,12.212675948004
maize,117.81,19.17,52.0,394.67,1738.0,16.33229574223245
maize,129.52,33.69,33.41,374.55,376.07,15.851729731167069
mango,148.5,16.31,39.95,464.41,713.37,17.107658017578537
coconut,66.73,24.26,39.67,66.51,2013.4,13.830624813747889
coconut,114.06,14.61,33.75,264.14,1970.45,9.587926615747673
mango,32.91,17.05,30.53,326.27,2858.36,11.73575756727634
maize,29.84,38.29,82.32,216.82,4317.23,10.25828598430012
apple,96.21,39.75,70.54,274.27,3086.81,9.1182904033614
orange,27.49,37.13,90.97,204.37,785.72,9.212569363131903
coffee,105.56,36.43,52.55,214.07,4327.86,8.337587167791936
jute,120.65,23.75,64.16,107.68,1682.97,14.679162433079616
muskmelon,96.78,37.8,37.0,354.8,1566.65,11.928146044106851
lentil,25.5,17.78,47.63,248.76,3401.49,11.679193529894254
coffee,123.55,12.92,52.79,314.3,2833.0,10.411821390751852
watermelon,66.54,36.43,45.03,50.59,1722.88,7.531093285661218
orange,104.25,13.96,88.24,487.58,4475.87,14.854736621036803
coconut,60.42,28.72,87.67,306.07,1793.69,17.800054635973886
mango,69.94,38.07,84.45,263.56,4469.56,11.565594823651544
maize,131.51,29.03,80.65,77.06,907.24,9.447544199991183
jute,82.08,32.44,87.9,225.97,179.52,13.112466577540106
coffee,22.39,35.75,79.04,221.24,3089.73,9.839879212746744
chickpea,61.74,30.31,70.83,157.33,3478.84,11.060833496222878
muskmelon,122.66,10.29,60.94,281.8,4778.68,10.52442515506374
jute,147.67,15.6,37.83,170.73,1651.43,12.749913711147308
coffee,42.94,32.85,57.34,461.75,3885.17,14.812589925279974
mango,70.93,17.72,44.66,220.46,1340.52,14.10223644555844
watermelon,30.52,13.56,39.47,302.27,791.1,14.037226646441663
coconut,90.26,39.88,65.94,86.39,4421.1,7.761050417316956
coconut,77.6,26.05,68.24,123.05,1519.2,12.41854923644023
orange,70.82,34.65,88.56,186.73,2028.25,10.615895476395908
jute,72.48,28.87,83.04,489.26,3681.39,17.882367801292446
apple,46.4,36.09,94.81,205.16,1974.88,11.3631511788058
muskmelon,88.38,33.06,64.89,303.93,2489.31,12.950199051142686
orange,36.6,17.42,72.82,326.4,1869.46,13.964321247846971
muskmelon,20.42,26.39,79.96,469.59,4579.76,19.51100057644942
orange,108.2,16.03,71.85,88.06,4786.52,11.696460058664748
orange,29.05,19.7,34.39,88.79,2505.94,10.372159748437712
jute,131.62,11.41,32.63,493.62,1621.76,14.54460586029992
mango,108.3,22.0,66.0,416.38,4011.14,17.417589513205723
lentil,78.52,17.87,57.05,375.68,283.17,16.546703393721085
rice,94.88,37.45,83.79,322.6,3255.19,8.010690620209573
cotton,135.68,32.29,47.32,449.91,4976.8,16.446552001285966
watermelon,55.14,14.13,91.41,491.39,4859.86,14.634156127954304
banana,53.91,31.08,76.97,252.81,4499.43,14.352562435686297
orange,81.62,13.18,74.36,349.77,2949.8,10.208953149366058
maize,64.68,27.47,77.25,428.37,364.27,17.00230598182667
lentil,75.18,19.92,53.36,271.36,1120.05,14.266247042542744
cotton,136.28,30.74,67.36,243.52,3957.75,14.700003790032216
chickpea,73.24,18.95,81.18,404.5,1323.14,14.562601085297096
maize,55.89,23.52,38.35,247.35,1064.94,18.212331211148047
lentil,38.86,36.6,80.9,282.25,3865.85,11.1916137460067
cotton,51.88,16.23,83.57,63.7,4597.73,10.439031870075016
apple,139.62,31.55,45.63,130.16,72.0,11.563611111111111
grapes,86.66,38.59,31.97,314.44,1076.21,12.12885960918408
banana,105.28,15.89,76.29,272.49,4007.08,11.728695209479222
grapes,127.31,36.64,59.1,287.34,2132.56,11.048106501106652
cotton,38.37,21.77,63.34,220.83,1545.81,14.58508484225099
jute,144.2,13.4,89.97,330.94,635.93,13.469721510229114
cotton,35.36,17.28,75.46,494.12,4198.66,16.3072956609966
coffee,60.84,29.0,45.58,341.32,4666.46,15.523791053603802
coffee,132.19,35.92,60.31,425.79,3513.31,14.473598970771151
banana,124.29,34.84,90.25,113.9,2240.74,11.750283388523435
lentil,77.54,38.96,73.3,56.54,2938.62,7.538780107669587
muskmelon,135.86,29.51,86.36,116.06,3008.87,13.308873430889337
cotton,82.73,37.98,89.43,238.06,3362.58,12.040507586436606
rice,87.82,33.14,73.3,392.94,343.82,12.213890989471237
banana,61.13,17.66,79.94,402.04,2114.98,13.943800887006024
rice,132.2,31.14,59.5,453.45,1703.96,16.741114814901756
grapes,45.33,32.3,30.3,117.46,3831.37,12.650688918063253
cotton,146.43,21.73,43.82,66.14,4998.52,10.501110328657282
grapes,76.42,31.36,65.6,70.62,3133.2,9.471840291076216
grapes,141.88,23.74,36.95,342.36,2842.78,16.143328009905794
jute,141.04,11.92,51.72,58.93,3590.16,7.900218931746775
orange,87.68,17.37,54.64,146.68,1592.95,11.99214664615964
lentil,109.72,14.35,46.69,277.68,3224.38,15.35469454592821
rice,60.16,14.09,60.0,296.47,208.19,11.56458043133676
maize,35.93,36.2,91.11,205.43,3521.02,10.622853604921302
coconut,50.32,23.41,79.53,160.83,1602.66,12.800413063282292
apple,114.42,33.97,94.09,333.54,3247.23,12.584941627171466
mango,72.79,33.39,66.45,107.78,705.09,14.17864386106738
watermelon,68.05,28.53,63.08,355.57,3848.94,16.326643179680637
rice,146.49,30.36,43.25,106.03,3648.29,10.273440433737449
maize,90.66,27.32,78.68,73.24,1922.03,11.97756018376404
grapes,54.73,38.07,32.75,288.03,1750.95,9.363288500528284
mango,141.78,22.82,69.85,368.49,4373.81,14.85521547575226
jute,77.74,33.63,91.36,166.33,2130.38,11.306241140078296
chickpea,40.15,34.82,54.36,251.03,3131.22,10.824362389100736
banana,76.22,29.53,33.72,229.67,2087.45,17.307154662387124
rice,87.61,33.88,69.5,305.01,2175.37,11.377563357038111
apple,82.05,18.1,82.74,216.43,3012.17,12.17785184767128
jute,128.67,17.66,81.52,94.38,613.57,13.961585475169906
muskmelon,139.62,33.0,45.22,281.63,2730.15,10.928344596450744
grapes,49.36,20.22,90.18,270.42,117.73,13.558990911407458
chickpea,85.14,13.03,75.1,300.55,4204.2,9.817658531944248
banana,143.22,22.15,65.76,106.57,1995.03,12.862799055653298
chickpea,112.88,20.4,43.13,244.75,2978.09,12.075148837006267
cotton,143.22,39.17,79.37,172.51,4363.43,7.912814001828837
orange,60.31,23.57,50.03,422.91,1252.29,17.67731116594399
muskmelon,127.53,30.95,53.6,437.89,4436.97,16.952332334904224
jute,112.55,23.73,49.35,186.01,720.84,14.599370179235336
chickpea,61.36,22.24,85.56,199.02,1297.74,15.03923744355572
rice,93.42,32.37,76.44,470.84,2109.3,16.177200967145495
mango,135.56,29.5,59.64,393.11,1782.97,16.45561619096227
jute,82.33,38.56,34.04,267.74,3709.78,13.171126050601384
mango,115.05,32.74,30.3,441.33,2273.93,18.147234083722896
apple,133.14,10.88,36.89,472.76,1889.71,11.578734303147044
watermelon,136.5,30.87,49.16,326.67,599.12,14.773384296968889
orange,65.95,37.37,34.26,420.88,4378.91,14.655539848957847
jute,137.38,30.74,58.64,212.1,4417.37,15.055890722307618
coconut,103.24,21.02,57.58,407.53,1020.88,16.633365331870543
muskmelon,80.62,30.05,42.06,369.63,2852.65,12.383737927891609
cotton,126.78,28.59,84.37,121.82,1513.38,12.07017404749633
watermelon,123.79,22.52,63.47,492.25,2329.16,17.799335382713082
rice,115.47,27.82,78.28,440.43,2868.51,18.69568870249711
jute,103.29,10.31,82.02,95.45,4391.9,7.386538855620574
watermelon,123.14,22.37,57.59,149.15,201.57,11.788609416083744
jute,127.32,36.76,46.28,356.23,1598.6,12.600231452520957
mango,91.04,27.5,46.65,146.61,1411.09,13.04570934525792
watermelon,133.85,37.14,94.52,241.87,3756.47,12.914824289825289
banana,143.57,26.84,49.46,106.1,3512.49,11.753012819965324
cotton,21.46,24.84,81.21,454.34,3647.32,19.19329535110712
lentil,63.23,14.53,66.45,165.14,279.28,12.006946433686624
mango,122.44,31.42,55.36,260.54,2974.48,14.518389768968024
grapes,79.96,14.18,42.28,353.17,365.0,13.583698630136986
maize,100.52,27.53,68.61,449.21,4358.96,17.678274175491403
apple,121.31,37.16,70.43,299.94,489.64,10.549709991013808
muskmelon,91.46,10.56,70.71,364.83,3112.2,11.367273954116062
rice,27.37,29.64,32.76,70.14,2629.14,12.412827008071082
rice,91.47,21.85,32.77,410.29,4389.85,16.881763613790902
maize,71.09,33.33,76.39,329.37,2649.51,13.920309793131558
muskmelon,146.01,33.28,47.23,229.51,4297.11,11.730886572603447
jute,96.73,36.02,63.44,263.09,4356.52,10.562827669791483
banana,120.75,36.23,50.98,436.82,685.72,15.1321093157557
muskmelon,101.45,16.11,43.09,300.67,901.14,14.856603857336262
watermelon,119.75,24.71,58.96,141.36,4651.55,11.21549161032344
cotton,104.24,17.79,93.85,238.85,1145.11,10.763393909755395
muskmelon,56.18,10.41,60.15,375.39,3041.45,11.234125170560096
jute,100.55,10.46,88.26,191.67,4320.15,8.99587977269308
cotton,120.29,13.28,59.19,402.02,3027.81,12.051836145596983
chickpea,27.89,24.93,89.8,177.3,2817.56,14.131603231164554
jute,88.15,11.88,62.3,308.19,3634.9,12.821896063165424
coffee,27.65,21.6,94.48,383.51,4411.64,14.182220217424812
coffee,106.49,19.19,77.8,56.13,364.82,9.074557315936628
grapes,78.62,38.92,83.13,200.04,2730.98,8.540058879962505
coconut,111.47,19.84,68.41,422.27,369.66,14.374776821944488
rice,142.39,17.15,50.66,295.35,2051.06,11.928354119333418
orange,120.56,27.34,92.74,85.79,891.05,12.055821783289378
grapes,129.6,29.56,41.32,496.68,1873.02,18.80719906888341
maize,57.05,27.32,78.47,452.96,1935.71,16.777683640627988
lentil,92.45,17.5,56.84,310.89,117.26,11.998550230257548
coffee,100.56,24.52,37.86,474.6,3804.97,19.09422676131481
rice,136.22,10.5,78.06,129.19,763.92,11.045161797046813
grapes,25.16,20.03,44.75,333.16,1113.27,12.530724801710278
jute,130.09,22.06,31.72,483.07,3249.87,18.679171782255903
watermelon,28.55,28.54,77.35,304.72,1465.41,13.958441664790058
chickpea,149.1,30.23,74.48,188.69,3177.89,12.42154070782815
mango,111.59,39.21,57.35,131.19,3122.9,7.924275513144833
banana,133.17,15.49,30.61,142.97,4986.78,13.203361688303875
jute,145.82,21.64,30.44,387.09,4266.73,14.277099793049947
lentil,54.65,24.89,83.62,70.42,739.08,13.173526546517293
banana,100.93,39.07,45.15,234.88,4212.87,8.64899937572249
chickpea,110.81,12.97,58.76,391.02,614.52,12.317809021675457
banana,44.13,18.82,56.71,443.57,1252.22,14.698199996805672
rice,115.03,37.89,52.09,191.55,3417.67,12.42285826308567
banana,32.19,33.64,85.6,118.96,2735.66,7.706553445969162
chickpea,52.14,37.54,90.0,347.39,2374.49,13.264305177111718
apple,146.92,10.56,57.55,173.61,1088.77,8.253432772761924
cotton,66.91,25.36,73.9,319.97,4027.85,19.128204873567785
lentil,64.53,19.63,67.76,122.0,650.93,11.125313013688109
chickpea,65.17,20.8,85.7,301.92,3966.98,11.758345139123463
jute,52.59,39.79,62.63,123.94,2848.81,7.80829188327758
muskmelon,96.94,34.19,76.15,408.53,4514.59,13.28391060982282
grapes,39.15,27.72,59.67,333.85,2863.34,15.79793178595626
cotton,107.41,32.49,81.83,330.61,241.11,12.862801211065488
grapes,112.97,33.31,47.98,392.46,1654.71,12.631542687238248
grapes,131.08,33.83,84.36,400.94,1186.92,13.818892595962655
coffee,99.71,21.75,87.52,123.74,2262.85,12.325576153965134
lentil,125.55,23.05,90.84,297.12,4395.15,15.24436481121236
coconut,47.7,33.19,61.93,314.03,2821.98,15.604086492462738
coconut,146.25,16.72,68.93,90.46,112.22,10.006950632685797
maize,132.59,32.91,43.86,123.43,3610.23,11.911127545890428
apple,67.03,27.38,82.42,300.66,952.37,16.028602328926784
chickpea,42.8,25.19,55.26,141.62,3242.21,12.212771535465007
coffee,101.96,21.77,34.54,286.98,384.5,14.79256176853056
grapes,130.78,18.36,82.58,250.92,3375.41,12.4443904592331
rice,62.86,32.77,47.84,193.1,1703.34,8.439119612056313
watermelon,119.22,31.82,82.34,237.57,530.39,13.397763909575971
jute,143.61,35.02,47.38,454.06,2865.01,15.663470633610352
maize,84.14,22.02,77.9,260.71,316.18,12.456606996014928
rice,103.32,11.5,81.33,385.07,3808.97,9.995292690674908
muskmelon,55.73,20.43,32.3,141.7,4808.29,12.197608713284763
watermelon,125.35,17.09,81.66,457.57,61.2,14.613725490196078
mango,87.04,36.06,50.39,322.06,3156.18,11.70117673896926
mango,142.17,37.37,81.71,218.8,3969.42,11.78113427150566
muskmelon,87.1,36.45,43.66,304.33,4377.8,12.828372698615745
cotton,99.62,17.68,72.89,130.47,811.17,9.607147700235462
cotton,37.12,32.98,42.92,205.1,170.33,13.377091528209943
rice,52.4,39.43,71.83,345.7,4010.88,11.362252174086484
grapes,56.19,14.69,73.42,183.68,187.18,8.358638743455497
coconut,110.94,37.28,65.34,437.09,2431.18,13.32148586283204
orange,113.77,19.7,86.35,110.38,4151.3,10.23014477392624
lentil,77.46,37.69,43.59,120.1,995.65,8.57344448350324
coconut,27.99,28.77,65.63,482.25,3680.73,18.67493676526124
maize,145.64,24.43,88.37,331.04,4301.09,17.58360090116691
jute,76.43,36.39,85.29,73.72,641.93,9.353107036592776
muskmelon,72.59,27.47,85.62,156.46,1041.53,13.742407803903872
muskmelon,142.75,31.35,90.28,82.16,2809.16,10.382737188341
apple,36.57,11.47,34.01,187.58,298.42,6.828999396823269
jute,70.17,29.79,54.22,207.83,3990.45,11.700427270107385
orange,36.35,13.41,92.06,60.74,4319.74,8.291005940172326
muskmelon,113.25,18.7,47.27,418.85,1881.59,14.891341897012634
coconut,133.6,34.7,49.46,358.83,2924.58,12.700579228470414
cotton,93.57,28.84,37.76,409.8,1336.39,16.12222479964681
chickpea,22.25,17.28,41.84,412.05,2099.97,15.26177993018948
coffee,108.73,13.01,84.21,232.67,2862.92,11.607823480921574
grapes,144.2,25.36,64.84,93.13,3625.29,13.878580748022916
lentil,105.91,11.68,89.85,70.71,2450.85,6.875900197890528
grapes,109.72,36.03,62.77,157.71,3230.84,11.306517809609884
apple,36.89,29.21,78.97,189.79,3280.73,14.787699688788775
mango,118.48,25.22,40.88,173.89,2683.57,12.38141729114575
orange,126.79,38.47,93.66,331.73,904.05,9.605010784801726
muskmelon,28.28,17.49,84.17,81.87,521.96,10.00892788719442
mango,57.56,14.31,60.51,146.94,291.82,13.051230210403672
orange,88.01,33.86,62.42,213.52,4288.04,11.891896997229503
lentil,104.44,32.59,39.81,228.22,1625.13,11.710238565530142
rice,128.49,20.42,67.62,70.92,548.01,11.315486943668912
rice,81.44,21.7,69.09,102.68,4704.01,13.191460052168257
jute,131.84,34.75,65.94,126.1,951.11,10.616921281450097
muskmelon,84.77,16.79,71.65,289.78,139.06,13.711707176758232
mango,68.88,12.64,66.72,313.74,159.73,13.44168283979215
muskmelon,55.7,15.67,37.05,416.48,1328.72,14.927546811969412
jute,137.85,28.3,84.61,55.92,638.58,12.400560618873124
muskmelon,87.42,22.28,80.9,218.43,3107.57,15.99678205157084
chickpea,109.74,16.87,92.98,321.79,186.63,9.94668595616996
apple,92.41,31.11,62.09,286.5,369.64,11.372037658262094
jute,54.24,24.11,41.87,78.02,19.3,13.849222797927462
lentil,30.47,14.45,88.85,493.13,996.75,14.13472786556308
cotton,36.28,30.27,66.19,314.22,4494.06,16.099629288438514
watermelon,76.34,29.05,75.37,350.22,629.4,13.797171909755324
apple,43.33,21.83,42.15,486.49,2835.72,19.447822775168213
cotton,120.4,12.09,89.11,472.81,930.42,11.9574278282926
watermelon,112.05,12.09,46.74,197.19,1293.45,8.026433182573737
jute,92.3,24.16,42.1,258.37,1263.01,16.236427265025615
coconut,83.09,39.97,79.35,484.92,4351.42,13.327980291491054
lentil,24.69,36.37,36.55,87.85,4278.7,6.939939701311146
rice,78.14,17.49,68.38,450.02,110.89,17.453512489854813
apple,60.84,10.95,90.03,131.7,2421.18,7.1153321933933045
grapes,61.52,11.11,90.08,411.1,1762.05,12.815708975341222
banana,49.2,36.52,40.35,408.01,4230.83,13.675118121030623
apple,120.66,22.05,43.71,61.63,4615.43,13.44582411606286
cotton,144.24,25.46,40.1,152.35,4155.71,13.893430966068372
mango,37.09,24.84,43.69,219.11,1784.39,15.095416360773148
orange,148.26,14.62,68.53,280.13,183.09,12.92506417608826
grapes,37.8,15.32,49.48,231.87,739.93,11.54399740515995
watermelon,108.74,16.57,87.97,409.1,1413.11,14.708699252004443
rice,133.68,18.12,74.16,436.32,324.2,17.67523133867983
jute,43.0,19.59,57.45,91.45,2476.4,8.937320303666613
coffee,94.52,20.4,74.4,485.09,3029.43,17.757700293454544
banana,51.69,34.87,53.83,188.44,1327.77,10.010935628911634
muskmelon,33.29,18.81,37.44,383.22,359.55,13.8092059518843
cotton,32.85,21.83,83.71,454.69,2071.48,18.076747060073
banana,79.51,28.68,74.44,200.41,1795.18,16.106641116768234
chickpea,121.52,30.97,68.74,304.25,3737.86,12.355754362121642
muskmelon,112.25,26.51,39.9,470.77,3932.13,19.933588157054828
muskmelon,84.29,11.11,59.1,364.62,1916.95,10.445963640157542
maize,76.01,30.05,46.59,147.54,855.85,14.7851375825203
muskmelon,146.87,34.8,61.85,405.69,3542.89,16.056318429304888
coffee,66.28,29.87,55.21,445.85,3862.98,15.598273871467104
watermelon,28.77,37.64,88.87,269.61,2373.13,12.913544559295108
maize,146.07,27.51,40.89,332.02,1958.41,16.609305508039686
grapes,91.97,27.34,74.14,393.93,3370.27,17.518640939746668
watermelon,36.35,19.46,89.72,172.75,4500.18,13.555177792888284
maize,78.86,12.62,30.14,408.5,2184.54,12.244344347093667
grapes,55.61,21.33,39.62,275.31,2914.53,17.489286437264326
banana,132.29,19.3,87.31,465.24,3439.24,14.24654284086019
coconut,143.03,29.28,36.61,71.55,4939.43,11.363965072893023
banana,69.69,11.81,72.17,244.27,4062.58,12.3174435949569
orange,101.06,35.89,91.66,407.98,3179.3,15.026439782342024
maize,60.44,20.52,44.8,124.61,365.06,10.301457294691284
apple,113.55,15.41,40.55,122.24,2062.33,9.032429339630418
watermelon,79.53,29.33,53.09,474.34,2229.59,19.62171071811409
grapes,41.53,23.78,46.27,185.45,509.8,16.433111023930955
apple,25.9,10.48,62.1,371.32,3817.27,11.189389275581764
coconut,68.85,32.22,79.19,166.28,342.09,12.423309655353856
coffee,70.08,14.6,45.21,117.62,3176.4,8.67851655962725
mango,133.6,11.93,78.81,420.07,4474.82,15.173001372122233
coffee,131.94,13.19,64.73,278.22,2069.78,10.781701436867683
banana,76.72,15.33,48.33,107.93,1325.35,7.677707775304636
muskmelon,38.46,18.41,67.95,445.57,581.97,16.32821279447394
mango,66.16,31.07,52.61,437.82,4433.27,17.989707371759444
watermelon,62.19,21.21,61.81,163.04,505.11,12.168854308962404
muskmelon,116.83,24.24,31.04,75.22,3089.8,11.34901611754806
watermelon,142.92,35.84,87.72,418.84,775.25,15.44451467268623
coconut,107.01,24.49,71.63,432.72,673.62,17.37700780855675
chickpea,119.97,33.94,84.45,328.22,987.57,13.542148910963272
rice,21.7,16.2,50.73,178.54,298.4,9.086896782841825
rice,133.91,14.11,44.31,421.77,3155.87,14.082836111753652
lentil,147.52,19.11,94.43,439.06,1079.52,16.532968356306505
chickpea,117.93,35.26,90.81,332.73,4047.02,13.40230589421352
maize,29.02,12.34,60.3,140.96,4063.23,8.507010432586883
coffee,62.66,13.77,70.94,283.66,1458.75,11.487513281919451
coconut,133.28,11.7,32.41,306.59,4656.98,15.60024522329922
coffee,28.8,15.51,86.67,247.5,1431.15,13.31069419697446
mango,81.22,13.34,77.79,115.87,4530.8,8.380623730908448
cotton,118.14,18.08,60.07,499.79,2628.95,16.781494513018508
rice,123.21,31.54,47.08,180.83,3599.35,12.734235348048951
maize,72.26,23.18,63.53,111.65,4463.59,13.117436861360474
maize,86.38,38.17,78.86,347.74,2564.08,11.432412405229163
jute,52.76,10.11,92.12,87.8,3767.56,8.605739523723576
grapes,141.8,12.72,60.82,324.37,4642.35,11.355259728370328
rice,23.28,23.73,38.65,275.21,1682.2,13.451260254428725
muskmelon,145.89,13.31,66.13,480.06,1653.94,14.696863247759891
banana,144.07,16.09,56.96,470.45,4176.7,15.81635501711878
rice,33.43,12.44,74.01,56.74,712.72,7.39423616567516
rice,132.93,19.73,54.2,65.84,3544.22,10.77074222254826
muskmelon,122.48,19.93,68.81,296.84,3880.18,13.220770685896015
apple,148.46,36.9,63.65,261.66,3724.07,9.708576906449126
rice,32.27,19.52,89.04,166.54,4664.14,13.429243118774307
banana,66.81,30.82,73.21,114.97,1502.16,12.390517654577408
jute,66.0,16.49,79.16,290.04,681.65,12.316144649013422
banana,88.55,27.08,50.08,150.57,3095.92,14.121291893847388
jute,24.0,22.45,78.08,428.84,783.43,18.76431844580882
cotton,106.59,12.99,75.58,299.0,3966.71,12.164826770799982
coconut,80.11,21.92,68.11,114.05,4492.13,13.04513894299586
jute,31.7,36.85,44.17,69.63,4736.2,8.54704193235083
coffee,77.25,31.6,87.79,109.53,4612.39,9.132796662901445
watermelon,44.32,22.48,94.3,295.65,358.53,12.224053775137364
grapes,25.55,30.06,78.21,495.24,2196.77,18.976688501754847
grapes,31.64,17.04,64.05,372.87,322.41,16.293756397134086
coconut,57.23,31.71,63.94,87.79,1478.28,13.686635820007035
mango,108.05,12.02,33.84,58.28,586.48,7.802584913381531
chickpea,87.26,27.34,49.26,489.23,782.25,19.770431447746883
coconut,101.26,31.71,81.77,190.46,1214.68,10.352652550465963
watermelon,44.61,31.33,52.18,153.88,1069.22,11.546753708310732
orange,113.13,38.32,48.27,291.56,1173.74,13.469558846081757
cotton,91.93,28.77,63.56,269.04,855.78,13.019526046413798
mango,43.85,12.94,40.95,434.37,2603.63,12.997541893433398
apple,77.82,10.04,52.72,340.66,651.19,12.546630015817197
jute,77.69,28.11,32.87,155.01,1297.52,14.167812442197423
grapes,30.85,39.7,35.62,90.83,1856.8,6.576777251184835
coconut,103.77,15.65,76.78,462.65,4457.11,13.476692296129109
apple,123.72,30.9,60.56,396.0,4178.04,13.738176274042374
mango,140.2,12.77,45.73,415.24,2520.02,9.44611947524226
chickpea,49.27,16.05,71.52,175.43,3507.0,10.218867978329056
watermelon,120.14,29.12,61.44,469.91,2614.73,16.828326442883203
cotton,62.46,15.98,37.2,310.99,2941.41,9.358076568720444
coconut,113.88,25.8,72.32,302.73,4007.82,15.099313342415575
rice,46.23,25.43,63.56,325.51,4942.08,18.218994836182336
coconut,79.15,24.25,75.19,349.67,4347.71,15.775764712917834
coconut,34.15,30.93,66.8,251.6,4160.08,15.459548854829714
cotton,71.42,25.73,86.1,212.27,1782.36,14.74135977019233
apple,105.06,36.61,40.01,183.34,474.47,12.415136889582058
maize,69.42,37.67,70.34,212.67,1566.4,8.236127425944842
muskmelon,122.75,16.13,68.74,60.42,199.36,10.95480537720706
watermelon,63.46,37.3,78.35,151.46,4141.99,7.181477985219665
jute,135.29,39.36,58.12,284.79,3940.41,11.18391740960966
banana,116.52,39.32,75.88,348.36,2741.91,10.081822525174058
watermelon,105.33,20.06,35.13,457.51,4251.06,14.715948492846488
muskmelon,144.39,17.68,76.49,183.42,4690.26,11.396788237752276
grapes,139.03,15.9,70.33,174.69,4719.19,11.649075370985276
coffee,116.58,28.0,43.61,251.14,1306.03,13.379202621685566
rice,36.23,14.3,57.69,454.74,1170.84,11.6306412490178
maize,84.48,33.38,89.98,252.9,4143.56,15.23453745088764
banana,137.32,30.42,70.29,318.56,4772.3,15.974649540054063
orange,140.46,13.72,72.35,450.74,3824.07,12.10592117822111
orange,75.16,16.13,58.42,206.28,3684.82,10.750728665172248
watermelon,29.44,25.33,75.73,354.49,1330.58,15.99370199461889
coffee,104.76,36.38,65.41,373.95,2195.23,13.186458822082423
banana,103.61,22.19,49.23,347.72,2653.83,14.04881623917131
muskmelon,82.49,36.62,40.16,238.4,391.93,10.366519531549
mango,41.47,39.73,85.72,468.84,2452.36,16.59286157007943
mango,135.65,38.4,92.76,281.46,2490.6,12.119493294788406
apple,79.73,21.44,32.19,226.85,4143.54,14.633825183297374
jute,72.93,31.46,89.53,293.74,840.2,14.191870983099262
mango,85.84,29.96,41.75,63.72,4075.14,9.533726448661886
jute,107.93,20.33,93.71,477.72,37.75,19.585165562913907
mango,77.04,32.28,64.63,74.95,3311.02,8.296476614457177
chickpea,34.82,10.11,82.53,287.25,1754.84,12.749395956326504
watermelon,27.44,21.78,89.59,192.17,1277.88,14.115081228284346
rice,75.94,39.01,85.81,143.53,1667.71,10.15121933669523
lentil,146.79,27.68,76.96,127.94,1733.85,13.689857830838886
orange,122.85,17.08,81.98,233.53,1450.21,11.43495769578199
coconut,60.84,31.48,92.77,247.52,2531.33,13.26812782213303
coffee,53.69,12.99,66.55,248.76,3659.23,9.039420861766
banana,40.79,13.85,70.66,425.15,4085.49,13.237082944763053
muskmelon,122.0,39.74,71.7,482.84,1676.82,11.533241492825706
jute,37.9,29.89,31.44,236.95,3195.64,15.815404738956827
lentil,43.97,21.99,87.52,249.99,2805.72,15.630900446231273
apple,149.2,17.88,42.55,59.78,4112.36,11.60623340369034
watermelon,72.92,19.05,59.26,301.0,1401.88,15.28509572859303
watermelon,102.35,29.17,94.39,94.8,2633.34,10.210288075220062
watermelon,130.07,26.84,32.76,191.03,4351.15,13.951507072842812
watermelon,117.16,19.47,82.72,155.06,1056.74,12.44813293714632
chickpea,103.41,28.26,76.61,376.96,582.35,16.418236455739674
coconut,59.82,36.08,81.4,84.66,3313.4,10.915567091205409
cotton,125.31,16.19,93.65,106.85,4620.66,8.577519228854753
mango,86.91,32.85,36.18,288.55,2512.97,12.0918275984194
coconut,112.53,16.19,56.51,499.15,2125.96,17.933973357918305
apple,83.97,36.06,62.84,295.87,4742.65,10.59923038807418
jute,57.75,26.06,57.52,480.27,2466.99,19.35838005018261
muskmelon,39.16,28.61,72.43,107.91,3945.88,13.074127951179458
banana,137.23,27.46,74.55,404.31,1350.03,17.45267142211655
coconut,41.83,22.84,73.98,261.5,3490.86,12.839730037870323
jute,102.08,27.88,78.49,90.65,3061.61,15.014113489307912
orange,57.8,23.61,88.8,145.09,2230.3,12.281746850199523
apple,34.42,16.71,30.57,475.59,3752.99,16.433142640934296
jute,76.73,32.68,32.36,365.43,1263.38,14.558636356440658
lentil,139.83,15.35,83.31,243.33,1753.24,8.82593369989277
orange,68.86,21.51,78.98,147.67,3586.49,13.179002311452145
rice,73.55,16.74,85.56,389.13,2491.34,13.672401197749002
rice,127.04,22.36,91.42,61.14,2421.59,11.40270235671604
chickpea,74.19,17.67,79.75,309.68,2814.01,15.152629166207651
lentil,55.57,34.51,72.22,332.25,1092.38,13.583020560610777
mango,46.08,19.28,81.03,287.02,1500.36,15.065151030419369
rice,39.51,13.81,59.58,319.42,2486.69,9.746590849683717
lentil,92.85,29.7,34.47,314.05,4078.9,13.780269190222851
muskmelon,24.46,14.41,41.75,143.96,1516.91,10.80563777679625
watermelon,68.92,32.89,71.84,383.58,4200.89,13.459481205173187
banana,35.88,22.8,79.34,243.48,550.4,16.472837936046513
chickpea,98.53,12.51,74.67,494.98,528.57,12.862610439487671
coconut,39.18,29.56,58.72,495.42,1695.35,19.77013596012623
muskmelon,133.11,33.72,86.51,309.05,624.7,17.119449335681125
grapes,102.31,10.21,68.19,413.51,4354.3,12.488487242495925
banana,138.93,24.07,41.63,486.43,92.91,16.912603594876764
chickpea,50.62,14.84,37.85,146.67,4002.79,8.932409644273118
maize,123.21,16.07,65.39,82.75,3137.83,8.34970345748495
maize,89.37,18.59,76.13,266.97,1065.28,14.366964553920097
jute,64.62,30.1,65.35,101.49,2187.27,10.009280975828316
rice,79.61,15.39,31.95,344.27,903.87,8.794063305563853
rice,116.49,11.19,85.77,195.28,4192.05,8.267852244128767
rice,52.82,39.99,94.39,143.35,1659.65,6.527255746693579
muskmelon,50.88,26.13,41.41,336.65,415.41,17.526010447509687
orange,97.5,29.58,31.17,447.2,639.71,18.631317315658656
apple,103.85,28.64,42.2,146.7,2348.58,11.892215721840431
mango,78.57,28.62,64.16,230.09,3563.4,12.439709266430937
watermelon,56.99,31.3,69.56,181.32,3607.13,14.03603141555752
orange,68.62,36.7,82.02,403.39,117.71,11.925155042052502
coffee,26.95,29.01,36.3,178.85,1703.06,14.341097788686248
rice,139.54,13.27,34.87,278.16,4349.17,12.13559598728033
apple,146.74,35.59,36.29,179.82,4481.24,9.159210397122228
grapes,50.9,12.44,59.14,358.01,3422.01,15.062778893106683
banana,109.32,10.66,33.31,425.07,1402.75,13.545785065050792
muskmelon,78.06,29.73,69.05,175.58,3505.76,15.20856818492994
orange,46.2,26.67,57.68,183.08,1145.99,13.76095777450065
banana,69.67,18.17,30.42,117.46,1939.97,13.22212199157719
banana,28.74,31.28,73.43,86.47,1929.59,12.257469203302255
coconut,33.46,19.37,83.21,238.12,2054.12,11.709559324674316
watermelon,52.08,23.79,34.71,391.01,1981.12,16.753346591826848
coffee,53.58,16.63,33.94,240.24,1245.05,15.039010481506766
grapes,111.58,10.46,81.81,431.85,2711.54,12.583000803971174
coconut,48.11,24.68,45.49,87.31,4661.11,13.20443842775648
coffee,40.29,25.91,90.78,424.51,4724.74,15.833235267972418
coconut,133.18,12.85,74.98,446.52,1234.38,12.576791587679644
coffee,27.86,30.68,68.33,381.74,444.42,14.984564151028303
orange,47.87,25.38,78.13,259.01,413.79,15.3084898136736
apple,76.0,16.59,52.88,389.61,4514.7,15.73261789266175
rice,132.96,34.64,67.44,368.12,2278.1,15.23640314297002
grapes,78.51,34.5,90.99,326.41,4035.65,13.848966089725325
grapes,110.97,35.33,75.46,64.5,4799.78,8.213861885336412
watermelon,105.34,19.41,78.14,417.1,4686.41,14.46767995117798
apple,71.1,24.3,52.8,238.79,568.22,15.0440322410334
grapes,21.95,20.49,54.18,149.31,1065.43,12.33409046112837
muskmelon,20.41,35.36,38.26,339.18,1370.34,13.156975641081775
banana,29.26,25.46,86.84,162.7,2081.84,15.263853129923527
maize,25.84,16.42,67.0,60.52,4272.59,8.489843397096376
orange,132.26,38.18,91.91,84.01,4037.02,10.253501345051546
apple,70.75,20.82,68.85,465.99,3117.17,17.264759381105296
maize,33.16,23.47,43.85,105.7,1752.51,13.029979857461583
chickpea,84.7,35.74,52.35,474.51,3206.19,12.707525131074576
chickpea,38.22,19.59,75.01,81.16,3635.79,10.707837911430529
orange,47.86,30.77,43.49,208.66,1578.65,15.11547841510151
mango,50.54,28.07,59.81,346.66,645.58,16.126831686235633
watermelon,36.26,26.9,64.07,298.83,4091.3,15.347383472245983
rice,44.51,26.02,68.88,481.67,3345.37,16.83342051850767
rice,129.75,33.97,52.63,359.81,4234.04,13.90195652379288
apple,78.57,38.49,60.88,293.98,1140.17,10.86172237473359
grapes,83.26,37.09,86.73,184.06,3655.96,11.42625739887745
banana,131.73,30.62,58.3,177.72,3715.91,11.71099138569018
maize,121.76,20.38,33.14,387.36,4338.44,15.60886632061294
maize,49.65,26.0,34.75,492.93,3337.41,20.351341309578387
chickpea,129.55,28.61,44.54,104.9,1517.93,11.016786017800555
coconut,32.73,33.32,56.46,424.52,1779.8,13.044145409596585
maize,79.28,18.93,37.07,433.42,1736.56,18.03983162113604
chickpea,57.38,31.48,87.47,367.84,4793.73,17.681661253345517
coffee,77.24,34.77,46.17,422.35,1177.43,13.596536524464298
banana,29.67,37.54,76.55,68.18,1454.53,7.670436498387795
lentil,147.85,27.63,76.34,477.82,4140.42,17.868670328130964
orange,103.1,37.66,37.73,359.64,1452.95,11.051694827764203
coconut,30.01,19.31,55.43,136.85,2206.59,8.71682097716386
coconut,70.81,24.08,60.87,499.78,1725.82,19.15944884171003
banana,116.22,29.23,45.09,363.99,4260.4,17.98080696648202
chickpea,139.71,11.12,43.58,312.91,1081.97,11.454910949471795
maize,130.39,20.95,91.37,218.87,1230.99,15.306119464820998
rice,136.8,12.35,53.62,393.54,558.6,10.954636591478696
coffee,128.98,33.6,30.99,393.06,3472.62,17.663438556478972
mango,74.32,39.88,92.03,77.11,2002.01,7.888032527310053
muskmelon,105.99,38.36,47.34,450.93,3855.48,13.529902891468764
watermelon,46.05,12.41,41.9,327.31,1358.79,13.364073918707088
apple,30.12,15.67,86.79,457.13,1310.42,14.805840875444511
banana,123.7,14.86,32.97,272.22,842.07,9.789732445046136
banana,136.33,26.89,62.57,433.39,4829.61,16.603669861541615
muskmelon,147.27,37.34,35.88,450.15,2245.64,10.405559216971554
banana,108.83,31.06,80.54,286.34,3947.38,14.953475469805287
chickpea,112.67,33.94,71.47,283.03,533.25,15.784510079699954
coconut,26.83,14.49,74.97,156.11,2669.63,9.621295835003352
coconut,95.66,25.43,72.32,280.6,962.22,17.995728627548793
banana,133.07,22.08,59.48,447.79,653.18,18.78880247405004
coffee,41.37,18.58,61.84,439.3,2264.14,14.707699170545991
jute,117.49,24.43,54.92,415.26,683.57,14.106470441944497
coffee,97.37,12.79,61.38,229.03,522.24,11.68097043504902
orange,123.38,22.48,85.65,202.12,186.09,13.88973077543124
chickpea,122.87,27.48,78.31,112.23,535.74,13.615485123380743
jute,113.73,33.5,70.56,187.53,2495.85,8.57836007772903
jute,53.43,12.78,66.37,154.02,4737.66,10.42277833360773
apple,91.04,18.4,74.46,489.27,955.84,14.413500167392032
cotton,109.83,36.26,88.62,155.16,1885.23,8.471868154018342
rice,28.26,18.95,78.04,492.65,4108.36,16.758852680875094
coffee,51.9,20.28,45.98,462.69,3048.1,16.374151110527873
coffee,137.96,31.35,77.53,277.53,4143.11,14.54987919702832
mango,141.71,11.86,57.23,143.73,4102.74,7.926653894714264
apple,89.18,16.58,77.63,59.91,1062.81,8.94967115476896
grapes,142.04,15.18,46.36,156.89,4236.99,9.699090628016586
apple,45.02,26.71,38.92,241.12,4242.51,15.254045364654417
mango,71.94,34.57,94.26,379.29,3093.16,12.092584929327938
apple,21.15,31.79,92.57,335.68,2712.22,12.727134966927462
grapes,128.06,36.15,63.18,133.61,3620.99,9.805550415770274
chickpea,146.99,35.58,74.95,69.21,1389.63,6.65555579542756
rice,23.01,12.2,65.88,68.1,4445.37,7.489959215993269
lentil,37.89,37.07,86.45,116.02,2246.98,8.500209169641028
muskmelon,30.62,17.63,93.97,79.38,1159.8,10.049801689946545
banana,144.2,16.71,61.91,264.61,4271.03,15.505988016942048
banana,99.07,24.24,42.46,411.16,137.44,17.493233410942956
mango,69.16,15.74,77.19,209.29,3203.97,11.370627690022069
coffee,88.62,39.66,57.09,102.77,2168.48,9.46011491920608
banana,46.78,14.83,68.69,445.89,3518.34,13.751703928557216
lentil,67.68,34.92,43.88,387.13,1125.47,14.042249015966664
chickpea,136.95,27.22,52.51,279.22,807.59,15.302851694547975
grapes,109.88,35.36,54.53,444.97,548.55,14.919296326679428
rice,75.91,20.19,74.87,155.14,2021.61,13.497801257413649
maize,143.13,10.08,42.11,211.02,2664.55,10.405468090296672
banana,102.92,26.72,57.66,366.17,3869.8,17.147309938498115
watermelon,79.52,36.62,79.3,480.0,4130.04,14.35989724070469
rice,58.71,30.24,45.32,474.54,3542.8,13.990202664559105
coffee,95.19,32.29,35.01,370.87,872.0,13.58512614678899
orange,133.04,26.86,91.15,225.94,3875.07,14.70191506217952
cotton,141.94,12.66,46.87,241.33,40.95,9.519902319902318
orange,34.66,13.91,59.14,447.64,282.92,11.900219143220696
mango,20.29,14.25,54.81,67.08,1890.99,6.289663086531394
banana,65.56,14.29,76.43,334.19,2065.83,11.653059545073894
orange,121.51,11.68,80.7,167.42,4478.6,8.976253740008039
jute,103.24,38.08,61.15,466.17,760.0,13.837947368421052
rice,27.66,14.67,68.76,427.67,2989.75,12.61869052596371
grapes,25.17,25.86,77.79,237.24,1294.21,16.090000849939344
chickpea,135.01,21.97,46.97,96.61,2536.71,12.96368524584994
coconut,70.39,13.32,33.55,82.61,4848.8,6.809635373700709
chickpea,100.91,26.31,50.67,154.98,2991.82,14.943763328007702
orange,98.7,10.19,47.35,431.77,814.34,15.015448092934156
rice,89.79,23.26,33.75,335.84,792.1,12.584156040903926
mango,60.18,28.71,41.56,109.73,3728.82,11.048165371350722
mango,36.9,20.55,46.6,117.53,4052.82,11.641323818970497
coffee,29.84,24.83,49.72,282.43,3038.55,16.33707524970792
mango,93.64,25.47,82.59,57.27,4101.68,14.314605234928123
maize,135.27,11.5,71.66,224.13,1146.43,11.353863733503134
lentil,116.52,35.18,81.79,111.5,4369.61,10.631010547852098
mango,55.32,26.68,73.02,271.87,3086.66,16.614016444959926
banana,94.88,25.89,71.39,380.84,1119.35,16.169526957609328
orange,27.63,33.2,75.0,268.66,3098.4,13.238129357087528
coconut,34.29,35.44,56.65,272.39,1059.0,11.595939565627951
muskmelon,37.72,31.68,52.29,215.1,2383.61,13.322938735783117
jute,59.53,25.98,90.5,283.79,4333.51,14.129167810850788
grapes,45.57,17.05,40.42,224.69,2598.47,13.136996001493186
maize,102.05,15.57,56.75,387.44,4729.79,12.889064842202297
orange,72.47,36.39,88.51,432.88,3596.83,17.68855353186
grapes,98.83,39.79,44.26,320.17,3148.16,6.674594048587111
mango,139.94,23.19,92.23,369.68,4412.84,15.326703438148671
mango,80.84,33.96,54.54,118.85,2213.44,11.52623518143704
watermelon,64.61,34.32,80.98,277.96,3467.66,15.416776731282768
grapes,89.53,38.96,61.06,407.09,635.19,12.029817849777231
maize,98.37,17.93,54.61,437.23,3414.74,15.96421103802925
rice,48.32,30.44,94.34,285.34,558.48,17.128097693740152
chickpea,100.19,23.8,46.44,208.72,1723.92,14.986994756137175
grapes,94.53,33.72,68.19,387.15,3925.52,11.692667468258984
jute,46.83,29.41,79.39,411.01,2891.27,16.902174476959953
orange,23.17,33.65,54.43,448.27,4358.08,15.693686210441294
grapes,35.06,38.46,64.9,463.15,3047.63,11.37580021196799
muskmelon,39.39,19.19,32.18,460.73,2380.37,15.557535173103345
coffee,30.71,24.87,47.75,238.87,3261.88,15.923608471188397
mango,69.04,22.41,45.24,182.49,1385.18,13.819279804790712
orange,34.25,12.38,74.71,57.3,3611.48,8.032728964302724
coffee,55.68,12.18,89.74,103.47,4427.07,7.294555993015697
coffee,116.01,29.41,31.39,184.75,2565.07,15.39600088886463
banana,87.67,32.41,67.25,454.25,3035.43,14.833074720879743
lentil,57.19,34.01,42.97,498.86,4964.04,19.34323051385565
muskmelon,53.87,32.61,52.74,170.56,787.06,10.889957563591086
muskmelon,71.36,26.01,89.36,353.26,492.8,18.4067775974026
maize,146.5,27.81,57.69,154.69,3998.99,10.323364149447736
lentil,80.95,22.06,40.8,408.89,4447.19,17.148741115176104
coffee,51.24,32.49,33.18,491.03,153.43,17.808837906537182
jute,60.46,25.2,86.37,51.61,3651.95,13.072402415148073
grapes,67.56,39.57,81.7,266.26,183.43,12.01880826473314
watermelon,53.65,32.91,92.72,207.36,2745.7,13.945678697599885
banana,74.14,37.83,93.83,304.61,4849.43,10.967429161777774
lentil,70.82,38.33,45.42,456.64,1190.3,14.032647231790309
grapes,120.25,20.14,63.96,313.97,4376.34,14.520318348208775
muskmelon,147.21,24.43,70.43,415.04,3736.4,21.831452735253183
grapes,100.75,38.07,54.21,57.84,181.09,7.717157214644652
orange,141.6,16.61,83.8,323.82,128.97,12.830115530743583
chickpea,34.57,31.63,91.63,475.9,2593.1,17.815313717172497
maize,59.39,16.18,81.03,298.81,3460.19,12.859603085379703
grapes,124.59,15.35,42.69,162.99,1213.39,9.836524118379089
rice,84.69,36.91,75.86,426.73,830.47,13.298662203330643
apple,94.97,16.86,90.82,167.21,2767.77,12.329185589843089
jute,113.2,30.43,61.88,356.35,2874.72,15.761921161017424
cotton,43.21,13.36,76.32,286.51,2662.91,11.795629593189409
lentil,60.94,18.03,44.32,90.16,169.13,11.574587595340862
chickpea,75.7,32.76,31.82,123.04,2290.68,9.817626207065151
watermelon,127.17,14.95,67.11,453.67,2785.46,13.376153310404744
watermelon,132.57,19.88,75.36,438.46,4812.5,17.88024103896104
apple,59.19,23.41,55.54,153.46,518.61,15.534100769364262
maize,33.65,39.01,62.13,120.01,656.65,5.958029391608925
maize,31.56,34.13,58.21,352.2,1593.36,13.306421649846865
watermelon,117.87,21.57,60.57,460.74,1599.7,17.66759392386072
grapes,139.18,12.67,93.56,356.77,2421.42,11.88337834824194
mango,139.04,24.92,94.76,230.42,1224.4,15.368572361973207
watermelon,104.02,34.08,54.21,204.91,4591.74,10.427892258708027
cotton,76.72,10.35,35.82,442.73,4663.39,8.079094821578293
banana,122.4,22.46,52.82,155.27,2233.33,14.65730098104624
banana,127.65,13.4,43.06,363.18,4533.55,12.515743732836295
rice,141.05,11.91,60.32,81.49,259.89,8.227365423833161
muskmelon,130.35,27.72,55.96,68.52,2796.64,11.844717232107104
grapes,66.39,37.88,68.13,339.99,3689.53,12.73501773938686
rice,31.22,20.58,45.89,307.0,3422.45,16.936893161331795
banana,126.79,34.92,59.99,182.66,351.16,13.7099612712154
lentil,53.71,28.42,69.07,192.4,3837.51,14.715732336853844
banana,46.12,15.08,67.6,339.94,445.88,15.498474925989056
coffee,142.86,33.26,64.26,64.03,3106.11,6.484364687663992
orange,118.58,29.8,48.51,197.35,524.72,14.799817045281292
coffee,36.64,38.38,57.26,270.85,3072.12,11.98076572529719
cotton,129.29,22.33,57.72,485.16,3867.13,17.465474395740507
jute,85.27,32.36,88.42,105.22,1490.04,11.253832111889611
lentil,50.0,18.28,94.25,206.95,2195.61,12.442382754678652
chickpea,121.05,32.24,61.74,181.65,1755.1,11.256087972195315
grapes,126.68,31.98,79.96,76.42,2096.84,13.29879723774823
muskmelon,101.12,20.19,91.13,361.83,3176.39,11.918369595673076
rice,123.05,29.83,89.04,284.96,1685.0,13.112083086053412
cotton,125.74,27.63,80.37,315.01,747.95,14.302413262918645
lentil,65.23,14.01,88.83,336.95,791.56,12.130388094395878
orange,85.36,33.22,61.6,300.73,4254.58,12.661115785811996
apple,76.95,24.06,92.16,94.72,2431.11,15.583922570348523
maize,124.32,28.54,68.77,401.66,3205.52,17.050802989842524
coffee,149.77,10.12,36.92,413.33,3702.76,11.472274735602632
orange,142.68,30.69,67.22,206.55,2543.88,13.821387015110774
apple,34.25,27.9,70.18,101.37,3129.61,10.118136125587531
coconut,33.8,36.6,47.7,162.3,3092.89,9.3904988538228
banana,88.18,35.43,66.63,243.65,1258.04,12.848820387269086
apple,41.48,17.79,70.24,422.07,2013.72,14.71798462546928
lentil,61.49,24.63,77.12,292.99,4041.32,15.240913859827977
mango,66.67,12.92,90.37,142.89,4876.87,7.2654304912782175
grapes,118.1,35.85,30.3,415.12,3020.55,13.208889109599244
rice,41.82,31.13,51.64,281.01,966.5,16.135944128297982
cotton,57.91,11.23,53.52,477.93,3374.91,13.743581310316424
cotton,65.32,14.39,79.31,263.92,4905.17,11.188831375874845
coconut,128.14,35.34,34.45,483.16,4910.92,14.415107556221646
jute,107.31,13.77,53.24,97.23,485.89,10.5774763835436
chickpea,69.43,20.78,63.26,222.1,1769.7,12.64831892411143
apple,109.56,17.72,71.83,139.16,1410.29,10.532720220663837
mango,28.85,38.88,42.94,441.52,3574.58,14.332900648467792
muskmelon,61.32,15.02,75.32,124.84,4499.48,9.95639718367456
watermelon,83.49,22.94,40.47,204.16,637.25,13.173511180855236
mango,99.57,15.9,57.5,352.69,4254.72,12.493602399217808
coconut,141.81,35.38,87.03,281.77,581.61,11.20377916473238
watermelon,91.53,17.05,79.7,245.22,2473.26,14.104052950357016
chickpea,71.44,32.16,89.55,143.26,4027.83,10.759654702407996
mango,36.63,12.38,78.18,274.64,937.23,10.278576229954226
mango,22.43,24.04,49.98,318.9,518.61,16.153795723183123
chickpea,130.31,10.5,53.76,78.22,517.25,7.304862252295795
rice,91.82,28.64,79.73,477.89,4295.12,17.95078833653076
grapes,134.71,22.33,67.9,139.36,888.23,13.24717696992896
chickpea,97.9,31.98,57.45,484.89,1045.15,17.71277807013347
banana,118.79,11.65,81.5,154.42,3263.17,10.546790390938872
orange,84.5,20.33,62.32,397.12,2540.66,15.786665669550434
muskmelon,112.97,13.22,54.03,319.12,4684.47,12.754721451946535
cotton,53.78,11.38,46.61,475.85,1731.91,13.008828403323497
cotton,84.86,10.54,44.43,467.11,2554.56,15.572188556933485
apple,58.05,28.47,73.92,152.45,4240.42,13.10403686427288
muskmelon,73.08,33.26,33.4,487.51,4102.5,15.752636197440586
cotton,127.66,20.17,32.51,207.35,1771.83,13.276730837608577
banana,89.41,25.63,51.88,334.76,3003.37,17.47155695102502
orange,73.0,33.65,91.3,263.25,3321.11,14.881961151542706
watermelon,120.68,11.39,36.14,90.71,3245.53,5.882897400424583
orange,115.51,14.11,83.49,92.46,3796.72,7.694765481784277
coffee,54.18,17.45,85.8,243.01,480.8,13.2573003327787
watermelon,20.57,31.56,38.97,401.77,4651.05,16.069951946334697
banana,112.93,11.88,36.77,235.17,3471.9,10.436193438751117
muskmelon,113.32,20.15,33.75,394.4,3517.53,14.677557831774
muskmelon,38.74,34.38,56.64,171.15,3778.4,8.727532818124073
jute,121.43,38.85,94.31,378.46,2489.05,9.89351760711918
muskmelon,20.18,25.05,89.62,377.93,1257.96,18.23063531431842
watermelon,39.21,24.48,54.85,429.75,1716.2,17.58557860389232
mango,96.61,21.08,79.13,336.11,2129.03,15.559080895994889
mango,42.1,32.84,80.69,232.45,3842.53,12.52489115244383
watermelon,84.28,36.49,50.25,358.36,3792.67,14.577484990784855
apple,144.84,19.79,43.96,450.14,4865.22,15.52397424987976
grapes,69.7,36.39,56.94,422.0,1082.92,14.340006648690576
rice,69.02,19.61,34.65,300.87,2266.35,17.3670262757297
watermelon,144.64,18.92,89.41,260.3,28.94,13.575673807878369
mango,131.33,18.46,73.23,173.43,909.49,15.26879899724021
coffee,25.35,38.66,80.76,470.68,3514.81,10.727871492342404
muskmelon,133.36,19.42,84.96,153.19,422.9,10.718018444076614
maize,82.32,12.68,38.36,360.94,150.18,12.87428419230257
watermelon,87.8,36.14,71.82,470.25,4880.29,14.466890287257518
coconut,35.21,26.35,77.66,215.0,2311.28,12.219021494583089
chickpea,112.11,39.49,78.33,157.9,4386.17,8.16537434709553
muskmelon,139.85,28.29,93.13,395.77,4576.25,17.73460147500683
chickpea,30.03,14.21,42.66,373.76,2158.89,10.172227394633357
lentil,20.94,39.19,40.77,493.16,1032.07,12.161985136667088
maize,116.83,28.11,52.28,447.95,4361.99,18.448639267857104
banana,70.27,13.26,68.6,295.43,2111.56,12.09777605182898
coconut,23.73,19.46,59.14,217.84,4605.41,12.686297202637768
maize,104.04,37.9,40.76,418.51,1353.0,14.33688839615669
rice,88.18,22.81,90.38,85.41,1131.73,12.451035140890497
muskmelon,46.1,15.18,37.33,314.48,766.28,14.592785926815264
cotton,125.91,20.8,65.36,402.02,3673.02,13.57559174739043
rice,70.79,25.3,69.37,98.66,2383.26,11.978613327962538
banana,33.01,14.3,60.29,443.9,694.21,15.27619884472998
maize,108.05,30.11,70.35,449.09,4048.95,17.113592412847776
jute,125.98,38.58,45.46,121.49,3896.7,7.881361151743784
lentil,140.02,24.04,37.41,310.56,4674.25,14.776041076108468
coconut,57.2,27.79,65.02,133.1,4694.47,10.574128708885134
muskmelon,115.75,21.22,46.05,468.71,4554.33,17.96675032331869
cotton,84.62,10.3,73.81,238.28,4067.03,7.440613912363568
apple,104.31,17.99,93.48,114.38,3318.88,10.77972086969098
lentil,91.72,39.63,59.03,300.03,1010.24,10.404775102945834
coffee,86.43,21.65,65.36,52.99,496.22,11.155777679255168
jute,37.01,17.23,71.51,145.44,3535.72,9.203109974771758
maize,87.27,14.49,52.77,400.47,2711.97,12.832992252864155
rice,120.13,17.9,40.86,93.56,3135.26,11.812293079361838
coconut,121.5,26.84,69.39,235.07,3019.72,17.21246340720332
mango,145.36,19.38,67.66,176.41,3775.88,10.48620189200928
watermelon,128.28,22.6,80.43,286.71,1263.59,12.784740303421206
watermelon,107.82,12.03,31.41,457.84,3662.86,11.199412480957502
mango,64.27,17.56,83.58,87.74,1419.21,13.003974041896546
cotton,24.09,16.43,74.39,449.21,115.6,15.57309688581315
banana,124.93,35.61,40.3,207.65,124.89,11.134838658019058
rice,56.43,11.8,61.74,272.07,2081.18,11.768616842368273
watermelon,44.92,24.81,62.99,132.99,3742.83,13.068702024938348
jute,76.65,13.1,31.91,439.69,4360.39,11.320769472455446
orange,119.19,19.62,67.63,246.72,4356.74,12.826099331151276
banana,20.25,13.18,77.51,485.8,1062.22,16.55345408672403
coconut,99.04,29.97,91.81,304.52,765.15,15.686780369862118
banana,25.95,11.36,67.85,213.46,4312.23,8.788459799222213
cotton,143.6,26.44,66.9,271.39,4594.65,17.892655588564963
orange,68.14,25.76,69.28,236.59,1652.44,14.560934133765825
coffee,149.4,34.15,65.88,126.99,3140.1,10.063985223400527
grapes,57.03,16.83,80.91,438.74,3229.06,16.803992493171386
chickpea,80.62,12.7,91.72,137.05,624.59,6.771001777165821
chickpea,84.3,23.12,82.25,269.66,4627.98,15.02074987359496
coconut,28.27,27.48,93.98,325.41,2002.38,14.73448596170557
rice,22.47,13.4,34.76,175.74,501.41,6.942861131608862
cotton,75.61,31.45,77.07,192.6,12.47,10.125100240577384
maize,65.91,23.26,46.4,268.28,1180.92,16.044236696812654
cotton,133.7,14.0,42.35,166.36,485.79,13.10965643590852
coconut,30.91,37.07,75.96,71.18,2608.69,6.922704499193081
lentil,129.53,30.63,80.11,482.8,4667.71,15.045741916271576
mango,109.02,34.42,68.51,160.8,3138.4,11.52972533775172
coffee,138.4,39.62,44.73,253.25,3998.75,11.869961863082214
cotton,96.21,36.84,80.02,230.7,156.44,12.579774993607773
jute,84.23,32.43,56.23,434.11,2427.7,15.250554022325655
lentil,71.45,11.22,46.65,94.84,2026.32,7.797865095345256
grapes,61.98,18.54,80.83,286.18,228.16,13.39787868162693
chickpea,116.99,23.8,42.0,428.96,1071.81,20.27846353364869
rice,149.78,38.32,73.72,87.32,4032.94,8.178986049879244
cotton,92.55,22.66,41.57,258.03,2526.61,15.738487538638728
orange,102.51,36.53,82.28,66.04,1510.47,10.494985004667422
muskmelon,136.04,28.89,37.59,459.84,4813.99,16.712190926861087
watermelon,108.74,17.39,70.87,267.18,2792.03,13.963915144178248
coffee,118.65,12.16,43.19,497.3,502.44,14.491043706711247
cotton,61.93,36.37,58.9,73.78,1857.02,7.886883286125083
chickpea,132.76,19.89,55.58,401.35,4427.82,14.545701948137008
chickpea,122.03,21.37,49.0,181.65,1657.94,12.482791898379917
orange,77.41,11.26,61.21,240.9,1850.81,9.221524629756702
apple,134.3,17.1,90.46,76.41,1796.77,10.466414733104404
apple,28.76,19.33,86.75,67.88,903.71,12.776974914519036
lentil,91.21,11.55,92.66,212.92,4717.44,7.147391381766382
cotton,144.07,30.07,52.0,135.82,3156.09,13.736797746578835
orange,69.62,15.42,91.32,225.29,4037.72,8.618249903410836
coffee,120.08,27.41,92.58,210.62,1606.76,13.06953745425577
lentil,118.98,28.97,87.83,426.38,734.84,15.792635131457187
watermelon,49.96,36.87,64.32,266.27,2655.42,11.59752882783138
jute,69.45,38.92,32.65,392.34,2680.44,10.867144946352091
apple,46.75,36.01,32.09,333.77,2297.43,13.5433680242706
orange,105.55,19.34,61.89,224.4,1737.76,14.511152288002949
mango,83.52,29.0,78.41,435.71,990.33,16.666495006714936
chickpea,64.81,24.25,77.58,461.26,2049.09,17.90792010111806
cotton,85.66,20.92,48.45,442.45,2016.03,17.424448048888163
rice,133.94,12.54,79.74,311.01,3134.09,10.17151709108545
coconut,77.22,37.46,56.76,271.1,4997.12,10.896564421106556
cotton,56.82,21.34,51.56,476.4,4520.03,19.718692132574343
cotton,124.74,30.35,51.77,201.93,3373.27,11.746598997412006
mango,145.08,18.33,83.29,97.29,3773.23,9.919586137076193
lentil,117.03,20.48,87.24,78.83,2291.47,9.986803231113653
cotton,83.57,28.75,81.04,426.43,3254.36,15.99134699295714
grapes,138.16,32.28,92.57,207.61,4656.88,11.064450876982011
rice,62.66,14.75,90.61,357.29,3961.07,11.515396092469963
rice,137.55,29.49,31.58,163.2,1553.46,14.514741287191171
mango,21.2,33.76,47.02,50.16,577.5,8.052329004329005
grapes,103.49,26.94,59.71,400.95,751.48,17.362085484643636
watermelon,54.75,35.47,92.46,270.14,3409.38,13.600804251799444
watermelon,99.98,26.32,73.29,496.03,4136.93,20.589930213950925
banana,20.77,26.06,50.79,154.14,453.82,16.365012560045834
mango,35.75,35.4,51.02,381.38,2783.24,17.89225506963108
coffee,79.77,23.04,83.52,370.02,1588.05,17.2000755643714
cotton,45.98,16.21,52.38,411.53,4110.25,15.54160695821422
lentil,30.15,34.74,89.18,371.72,1321.84,13.573556557525874
grapes,37.46,39.2,92.86,57.92,1939.99,4.738029577472049
lentil,106.76,31.46,84.96,446.73,168.48,17.28311965811966
rice,83.7,15.22,64.96,327.92,1464.11,14.443095122634228
orange,75.01,38.17,43.0,190.35,2194.51,8.974837207394815
jute,86.87,31.24,69.54,259.93,20.56,14.223249027237356
orange,20.56,38.51,44.97,57.09,1992.66,8.307628998424216
mango,50.6,14.72,63.75,391.61,1441.96,14.027421010291548
chickpea,117.32,21.56,35.2,377.95,934.66,14.991173260864914
apple,36.06,38.58,49.26,325.64,4009.99,12.964334075646072
chickpea,125.2,27.9,91.11,374.12,2159.05,16.38640605822005
cotton,117.04,26.35,86.24,426.49,2454.61,16.284053271191755
jute,54.14,23.48,63.46,122.81,1195.36,14.200316222727883
coffee,120.86,33.58,50.38,374.35,570.71,14.821853480752043
muskmelon,96.41,13.86,82.54,230.7,2679.83,11.719683711280194
cotton,136.95,19.02,93.47,292.28,371.37,14.660231036432668
cotton,93.27,26.06,48.89,251.94,3425.65,16.105013647045087
lentil,61.14,19.7,38.93,309.75,821.28,16.15031414377557
jute,70.78,35.02,92.44,419.64,4190.38,15.218801158844782
muskmelon,92.1,24.54,50.96,66.88,4683.14,13.159405868712016
watermelon,145.68,18.24,69.7,367.5,1313.59,13.881172968734536
cotton,78.23,37.05,53.37,125.61,4242.19,12.323896383707472
orange,111.04,24.91,72.53,192.92,2369.86,13.377435797895236
maize,76.37,30.47,74.41,471.96,3875.42,17.6980611133761
chickpea,39.42,31.18,60.95,87.67,954.27,12.421830299600742
apple,25.24,39.03,72.78,401.75,2623.06,9.0598537585873
orange,116.04,31.6,83.81,350.74,3009.9,14.64673909432207
banana,133.13,13.74,42.28,74.22,2666.84,8.130900241484303
banana,59.21,22.26,46.84,364.45,1770.21,18.01284028448602
coffee,34.21,37.25,77.04,269.52,4266.67,9.017582798763438
cotton,30.96,37.74,35.99,493.94,1445.27,15.862987538660596
coconut,81.62,30.76,77.2,81.26,1410.18,8.963068544441136
apple,48.74,29.16,70.58,51.85,2673.57,10.494051025407977
apple,102.77,26.34,46.33,198.2,1977.37,13.739912105473431
jute,86.65,24.83,89.71,50.6,1209.82,13.200137210494123
apple,72.68,32.24,85.54,416.72,2206.87,17.37251401305922
watermelon,50.16,38.43,48.12,476.19,3821.63,11.460520772549934
cotton,141.67,25.52,86.04,461.53,3414.8,19.16388661122173
watermelon,49.97,23.7,31.74,485.27,272.88,20.97453092934624
mango,61.61,31.75,82.45,253.32,3279.96,12.641318796570689
chickpea,88.87,34.51,35.73,444.06,3963.1,12.335739698720698
banana,120.23,31.47,48.56,278.55,2289.31,12.974162520584803
maize,24.13,17.78,36.78,164.75,1472.67,11.59982209184678
maize,37.05,26.29,47.1,475.31,3787.23,17.854558608798516
jute,110.93,23.19,30.2,104.59,2816.69,13.816966013299298
apple,58.24,22.02,62.23,280.49,370.48,16.221415461023536
jute,93.52,21.28,88.48,182.94,1230.53,11.6510771781265
jute,92.2,22.88,72.95,252.79,3422.02,12.586364194247842
jute,147.75,10.33,75.4,475.53,2387.34,11.411688322568214
jute,133.95,10.37,86.34,126.52,2922.82,9.432366686966695
grapes,93.32,31.84,59.35,377.31,810.53,15.769965331326418
apple,39.82,20.12,80.61,494.68,674.53,20.417134893926143
mango,27.04,35.47,53.83,235.54,4402.93,9.70134887449948
jute,61.36,20.62,91.75,239.42,1039.32,14.263402994265482
jute,39.51,11.13,32.43,295.58,3092.5,9.89210024252223
muskmelon,139.35,25.22,30.15,77.66,3213.84,11.803166928036244
rice,89.89,28.42,83.98,217.02,3693.88,14.249166188398108
jute,44.76,18.6,67.01,470.42,110.94,16.30818460429061
rice,54.66,13.83,75.61,443.57,3182.98,13.76857850190702
coffee,39.56,17.99,31.68,347.39,4616.25,15.250450040617384
watermelon,33.07,35.72,68.26,261.4,3673.06,11.66263279118773
jute,45.46,28.45,92.54,437.96,1244.46,17.975009240955917
muskmelon,83.73,20.1,52.48,50.45,3102.78,13.403712154906245
maize,40.5,25.63,60.7,430.85,2318.54,17.74537855719548
mango,67.88,12.85,55.74,337.05,1336.15,12.318489690528756
rice,129.57,26.88,52.6,104.72,1853.48,12.29634525325334
rice,87.33,20.37,75.89,338.16,3842.58,13.606423288519691
muskmelon,112.39,17.58,37.76,82.41,3464.25,11.22309590820524
orange,76.76,19.83,30.07,336.72,2267.63,15.006835330278747
muskmelon,36.77,28.98,63.04,168.01,3581.94,9.84572047549652
maize,60.19,17.45,48.75,105.09,4965.29,8.602987942295416
maize,142.21,15.57,94.02,208.96,2513.3,11.859662594994628
coffee,138.51,21.32,33.41,252.26,320.71,17.383056343737334
jute,45.27,37.06,72.42,308.97,1446.06,11.657420853906478
rice,127.49,21.45,47.98,177.21,4161.02,9.717018904018724
coconut,62.08,11.24,30.71,449.42,1309.96,13.68492167699777
cotton,116.54,11.3,36.39,385.52,3817.72,10.433295265236843
apple,128.53,36.05,52.61,132.74,823.12,10.678321508407038
maize,28.32,36.78,51.89,171.9,870.64,12.794966920885784
rice,110.06,37.9,94.23,429.0,1154.06,14.704876696185645
jute,129.38,12.92,61.58,366.05,1636.04,14.175802547614971
chickpea,90.63,18.75,38.7,114.99,2102.24,11.289786132886826
banana,63.82,11.56,83.37,225.39,3022.31,9.919657480536411
orange,59.62,32.46,30.91,442.76,2374.45,14.67266524879446
coffee,103.21,28.96,32.26,232.11,2775.87,12.726154322788892
watermelon,77.94,18.99,47.05,457.3,716.92,15.17887630419015
grapes,145.94,12.5,60.13,494.07,3361.63,15.315635569649247
muskmelon,38.69,34.26,59.54,258.9,4517.89,11.013415554606242
muskmelon,50.13,12.62,57.97,468.55,2899.2,13.84421909492274
mango,120.94,17.57,32.08,54.54,4076.02,10.35692170303384
chickpea,23.07,34.17,81.43,145.78,89.89,6.299143397485816
cotton,23.71,12.12,43.5,225.94,4383.22,7.243572077148762
grapes,20.13,14.03,81.92,368.99,160.92,12.802386278896346
maize,74.55,17.42,67.29,103.55,4105.47,11.604452109015533
jute,69.29,36.36,84.88,420.06,4363.11,14.488089917512967
chickpea,41.78,16.95,92.61,116.94,2698.48,10.766268417775931
apple,133.85,38.54,54.44,485.76,4382.08,14.189316488973274
grapes,79.24,19.89,76.95,381.55,4677.54,13.685370942846026
muskmelon,122.19,34.06,57.07,195.9,799.24,10.941456884039836
cotton,134.0,10.34,56.53,99.68,2235.7,9.381902759762044
cotton,132.01,20.34,90.53,202.15,1257.35,13.190320913031377
watermelon,77.0,10.72,42.66,376.25,2859.74,13.25726814325778
banana,125.09,39.13,52.58,267.71,1352.06,9.957494489889502
chickpea,130.78,13.48,34.51,196.27,1718.4,9.979399441340782
muskmelon,75.12,26.8,45.68,293.12,3993.19,17.28408615668175
maize,122.55,33.46,41.36,468.94,4413.97,18.10945475388369
maize,77.86,11.78,31.47,341.55,3421.63,10.9702130271245
coffee,45.96,39.51,48.73,93.73,2266.14,6.925189970610819
cotton,57.54,31.0,67.14,205.27,1454.51,13.830506493595784
muskmelon,117.3,18.53,64.96,79.67,267.8,9.352240477968634
rice,106.9,38.62,91.25,112.68,813.48,9.523503958302602
apple,144.46,21.56,59.23,183.04,504.8,15.046513470681456
watermelon,74.64,33.38,34.6,68.03,1782.51,9.696534661797129
muskmelon,118.31,31.67,49.85,428.61,2170.67,14.663730553239322
maize,27.5,20.13,67.08,150.37,3503.97,11.471547986997606
apple,138.76,38.56,83.91,220.38,1018.35,11.298954190602446
muskmelon,132.66,32.57,69.14,80.87,1565.51,9.335903315852343
rice,55.67,33.79,38.77,416.89,300.72,12.535647778664536
jute,68.99,13.84,39.27,299.74,22.88,10.739073426573428
coconut,71.3,23.82,79.66,323.05,4945.1,18.140486542233727
watermelon,37.76,13.1,46.93,300.59,3561.04,14.19050052793566
grapes,77.3,18.89,88.56,65.19,1276.14,10.724301408936322
orange,63.15,31.39,59.5,227.95,2909.52,13.524168935082074
rice,111.02,20.18,71.77,473.8,2058.44,19.440488913934825
coconut,45.73,14.28,36.99,480.85,2358.07,14.80547651257172
orange,57.52,39.32,76.46,250.8,3964.97,9.986595106646458
jute,90.96,12.2,67.0,394.16,1866.78,13.946196123806768
banana,46.5,21.25,77.71,155.92,4718.48,12.926819653786817
orange,61.46,33.33,42.2,459.15,1953.18,16.457971103533726
watermelon,145.58,22.39,51.31,466.61,2657.45,20.5104141187981
watermelon,104.33,21.35,39.26,245.24,823.84,10.990677801514856
chickpea,77.5,20.36,49.72,185.04,4684.33,12.854429555560774
lentil,56.09,31.03,51.27,427.27,932.55,14.760109377513272
rice,34.92,33.15,75.69,141.1,3766.93,10.443119463329555
watermelon,103.48,24.3,76.35,297.68,4144.05,17.001853259492524
apple,41.46,27.12,40.3,73.54,916.24,12.34934078407404
cotton,30.78,37.03,90.66,66.41,1142.44,7.090402997093939
coffee,87.63,14.35,83.35,212.61,997.46,10.978355021755258
coffee,84.34,11.15,65.75,289.14,3148.78,8.343104313416625
chickpea,60.61,20.59,75.0,179.12,3575.31,13.608355639091435
chickpea,91.24,11.64,55.37,201.53,4276.88,9.04156067039524
watermelon,107.11,12.12,79.26,324.93,3327.07,12.996777945760083
maize,24.64,21.95,80.37,185.97,4025.33,12.967354229342687
mango,55.12,17.7,66.09,265.49,119.3,13.378709136630343
rice,126.27,31.15,82.68,239.59,4292.43,13.980910579788135
chickpea,137.24,13.13,81.95,279.65,3745.44,14.640795206971678
rice,140.34,10.15,49.45,240.48,1486.7,9.912625277460146
mango,132.67,31.0,51.02,381.43,333.58,17.23397685712573
coconut,63.82,32.28,79.39,406.6,4024.7,15.286426317489502
maize,122.94,13.64,59.54,382.83,2241.46,12.525684152293596
lentil,148.05,32.45,56.99,316.64,2844.87,13.59381975274793
apple,70.79,29.52,59.44,281.34,3253.55,14.403516159272176
chickpea,126.83,37.02,74.13,114.41,1441.84,8.819695666648173
jute,145.38,32.23,71.48,282.55,156.72,12.585949464012252
watermelon,50.03,23.37,86.71,354.97,437.23,14.753745168446812
maize,113.09,21.22,31.51,123.93,380.71,12.477555094428832
cotton,109.29,13.3,75.17,185.76,3968.11,14.215437576075258
lentil,115.16,24.27,46.94,331.63,964.48,17.428479595222292
apple,134.83,25.61,74.72,356.9,2901.52,18.50117179960848
banana,58.2,24.35,84.05,50.85,4437.48,13.0029679007004
grapes,74.46,27.02,79.33,77.08,1828.07,15.125832161788116
watermelon,88.93,39.68,78.39,99.4,1534.79,5.906788550876668
banana,78.05,26.9,63.38,375.03,4094.63,18.45658093649487
orange,97.42,16.22,54.38,134.84,1754.28,7.252382743917733
coconut,144.72,27.05,37.19,494.05,441.91,19.686859315245183
coconut,55.86,13.62,37.28,476.05,2771.81,14.054217280405224
rice,83.26,13.01,36.46,118.17,1004.9,7.81335456264305
jute,61.47,19.9,85.53,416.93,3966.71,15.592927136090111
banana,57.59,37.7,46.24,426.23,4654.38,12.936330939888878
muskmelon,131.26,35.16,49.69,176.06,2214.57,10.51021643027766
apple,105.46,20.99,40.91,214.96,4116.84,15.492163892694396
coconut,118.78,26.07,65.47,427.9,1765.28,15.559582615788996
maize,57.9,31.84,60.49,414.4,294.72,15.79560260586319
cotton,104.59,14.95,41.35,104.19,3430.38,9.094429771628798
jute,112.9,39.76,31.7,484.45,4585.83,10.758499551880467
chickpea,58.4,31.47,58.6,432.58,2299.81,13.40125053808793
chickpea,115.45,28.57,40.98,397.89,3604.04,17.76385112262905
watermelon,36.85,25.44,77.25,293.2,2229.88,14.214267135451234
coconut,70.84,16.41,45.71,485.6,567.95,17.03044282067083
cotton,34.25,18.49,44.66,277.76,2535.64,13.409048603114003
maize,25.62,25.79,69.92,288.3,1806.05,16.119287948838625
watermelon,91.3,22.82,86.69,323.68,1816.65,14.776313544160956
rice,34.6,28.82,56.39,194.76,1706.06,15.96171295265114
chickpea,143.87,10.12,62.1,395.19,3366.29,11.19967382489328
muskmelon,32.54,15.86,79.94,285.21,2131.73,12.801541471011808
jute,61.56,33.58,56.67,170.38,2051.18,12.1926842110395
banana,143.46,13.14,89.02,271.9,4868.0,11.190419063270337
coffee,121.21,31.39,81.54,472.92,3137.68,14.387244715841003
orange,134.02,14.09,54.7,262.39,1521.43,14.381417482237104
rice,142.74,31.21,88.49,349.54,205.14,13.64131812420786
banana,130.53,38.5,86.78,371.57,4466.51,10.546466928317637
chickpea,43.63,33.45,45.99,305.36,1040.65,11.904963244126266
jute,50.91,22.31,39.42,319.67,2284.08,16.15035813106371
muskmelon,55.05,14.93,42.65,235.01,328.78,8.052649187906809
orange,113.58,17.29,92.9,65.02,2750.37,9.946727167617448
coffee,136.8,18.66,93.78,50.57,4999.31,8.197997323630661
coconut,91.57,25.76,80.68,203.51,1501.68,15.772295029566884
coconut,143.28,23.95,94.75,452.04,2885.44,19.38079461018077
watermelon,120.86,36.85,35.96,274.03,2156.37,12.007359590422794
banana,58.49,37.52,83.1,325.39,3633.31,12.588879011149611
watermelon,128.41,30.76,43.3,415.51,4331.32,12.93530840482809
coconut,71.01,38.39,66.69,350.73,3897.4,9.542433417149894
jute,55.61,32.21,51.75,259.5,3147.95,14.183449546530282
coffee,43.36,20.16,88.4,210.34,3659.01,15.073804116414
orange,73.12,15.41,78.12,168.08,3373.96,13.08779890692243
muskmelon,121.64,38.92,33.89,106.04,4161.2,6.577508891665866
grapes,130.98,33.02,81.97,167.17,4099.62,10.243544523638777
mango,70.96,20.45,43.59,163.27,4483.87,12.735567712712456
grapes,134.6,13.31,63.62,117.63,127.08,7.338448221592698
banana,81.49,10.89,65.63,163.06,16.83,10.980392156862749
coconut,47.44,20.95,47.09,374.76,469.82,15.3042016091269
banana,116.95,24.2,76.46,418.12,206.81,17.904453362990186
coffee,143.62,39.56,79.26,73.57,4215.81,9.296187446777724
grapes,63.32,20.27,52.49,462.7,358.78,17.856513741011206
rice,145.43,30.13,89.67,123.83,4356.47,9.788785415715015
chickpea,71.59,33.44,65.68,347.89,750.15,13.52132240218623
orange,57.07,36.45,85.75,80.27,3299.08,10.980391503085707
apple,31.1,33.03,53.42,375.21,497.87,15.24285456042742
grapes,134.41,12.52,46.15,132.23,2196.7,7.76634041972049
maize,21.08,22.28,67.52,176.21,2129.18,15.527033881588215
mango,41.7,14.78,74.78,241.38,2222.08,14.658396637384794
grapes,115.12,29.96,63.91,236.51,2016.94,11.00454153321368
cotton,125.64,11.18,37.06,480.69,783.25,13.15782955633578
coffee,131.21,29.23,81.81,296.0,3827.33,14.305103035275245
watermelon,43.51,31.91,52.03,461.22,4214.68,13.65525259331669
lentil,24.54,21.56,44.35,396.46,305.13,15.765575328548488
coffee,63.66,39.67,75.59,191.27,3242.93,9.292676684356431
rice,51.73,31.33,80.74,352.38,4723.34,15.922029750134438
maize,29.6,27.8,54.64,105.07,3213.5,14.387207095067684
chickpea,124.76,30.71,51.14,393.32,2198.86,15.655512401880973
grapes,108.86,30.68,72.01,64.47,4903.12,9.243065639837493
muskmelon,34.78,16.86,90.19,147.49,3843.33,9.382233635935505
cotton,42.2,37.09,63.04,219.38,1424.93,10.559220452934529
orange,26.3,34.52,60.95,307.07,549.53,11.731534220151769
rice,120.57,14.04,73.66,195.65,4070.52,10.70681141475782
chickpea,45.44,17.21,44.84,110.92,939.05,10.432958841382248
mango,33.21,27.15,34.75,302.07,18.86,14.926299045599151
coffee,43.62,17.1,81.71,227.13,871.51,14.411022248740691
maize,102.21,28.78,30.83,229.52,2429.66,13.237584682630493
orange,24.32,29.59,54.86,443.07,3056.16,18.814643212397257
jute,139.29,29.2,39.85,431.94,1668.65,15.017295418452042
maize,75.05,13.25,57.16,105.41,2509.01,12.617275339675809
muskmelon,61.76,37.61,62.18,122.08,555.97,8.038347392844937
chickpea,26.58,27.16,30.65,144.69,191.38,11.634653568815969
muskmelon,91.9,17.53,53.3,351.29,2784.68,15.497892037864316
apple,145.4,10.2,72.08,155.36,3649.03,8.767266917509584
coconut,131.05,21.24,67.76,481.64,3672.85,19.349412581510272
grapes,106.75,16.51,56.16,141.44,857.77,11.772899495202678
mango,100.95,30.1,34.73,69.86,4026.28,12.717826380678938
mango,128.98,10.19,47.45,460.44,1513.05,12.336234757608803
watermelon,118.56,17.58,68.46,112.66,3732.58,9.954096094390476
apple,138.95,38.95,78.78,422.49,2238.24,12.880799199370935
rice,27.65,12.16,64.69,65.82,3434.92,6.338540635589767
banana,50.78,35.1,30.64,116.82,3849.19,8.67698658678839
chickpea,129.64,26.65,32.29,302.35,3806.84,16.312810625085373
maize,116.22,26.04,53.9,126.84,1322.72,15.148398754082496
lentil,133.21,26.81,66.45,63.57,1522.58,11.717446702307925
lentil,106.84,19.83,70.04,314.27,1034.95,14.160790376346682
coconut,102.17,14.46,66.42,459.12,3311.89,15.831328939065006
watermelon,95.21,19.52,39.15,76.0,2194.4,9.631357090776522
grapes,90.3,39.33,68.4,271.04,959.85,9.118174714799189
muskmelon,123.02,29.4,76.65,77.39,4073.62,16.126234160280045
chickpea,66.61,24.43,59.77,385.28,1887.88,16.385215161980632
apple,106.58,16.33,92.49,273.95,1537.25,9.747210928606275
lentil,113.48,25.13,35.49,448.56,4843.77,19.198741889065744
watermelon,124.4,21.14,43.34,314.14,3873.29,14.654595963638148
banana,128.2,18.71,30.41,243.58,3167.46,11.41285762093286
orange,26.4,34.76,31.95,324.87,1012.42,14.430513028189882
apple,92.32,29.95,42.65,54.71,1121.67,10.749543091996754
chickpea,28.23,38.91,68.53,83.63,718.86,6.141515733244304
mango,52.11,35.27,50.1,229.76,3842.45,12.320993116371069
grapes,82.82,11.02,74.39,275.7,2220.0,7.686058558558559
jute,126.13,37.27,39.92,462.1,310.28,14.725667139358
grapes,89.17,35.97,67.88,431.31,2758.79,14.225388666770575
maize,125.5,38.74,37.93,372.12,3575.19,11.262713310341548
apple,23.84,30.32,50.11,239.08,1456.63,12.878122790276183
grapes,142.85,37.69,56.08,79.4,1000.82,7.259786974680761
rice,80.33,11.68,52.89,121.12,4005.51,6.068822696735246
muskmelon,27.6,37.15,41.38,475.59,900.19,15.184594363412169
grapes,51.89,38.62,30.8,107.81,2461.1,9.676798992320506
cotton,83.06,12.58,78.51,154.4,2524.89,9.997576132029517
banana,108.8,35.03,87.51,281.73,1671.2,10.781115366203926
watermelon,93.92,11.67,94.82,113.73,3505.81,6.74143207989024
cotton,77.33,34.44,77.59,489.56,3303.47,17.198243059570693
coffee,109.34,28.82,31.89,138.87,1714.45,13.888039896176616
muskmelon,140.63,33.21,69.37,178.07,3078.19,12.59574620150153
grapes,45.07,17.08,82.67,283.91,4085.1,12.01058236028494
coffee,95.17,29.69,74.27,434.13,82.24,12.833900778210118
lentil,143.24,18.02,38.12,114.76,818.08,10.092973792294153
cotton,67.37,24.5,87.41,388.26,2583.85,19.16021440873116
mango,141.91,28.56,39.44,401.68,2241.32,17.27222797280174
orange,24.49,25.81,47.0,431.57,1688.23,17.448813254118217
mango,32.42,27.07,38.76,434.95,1593.94,18.33336261088873
coffee,126.42,25.63,36.73,54.53,3083.57,10.664593312297107
muskmelon,24.77,37.57,34.86,80.38,4475.35,7.387136201637859
coffee,112.65,10.62,38.07,488.06,961.42,14.84943104990535
chickpea,89.14,38.27,33.46,462.21,2999.43,10.995582494007197
cotton,137.05,15.48,52.92,144.16,3507.13,8.151263283653586
banana,34.62,24.02,37.83,254.45,1776.58,16.04850330410114
grapes,25.18,37.51,85.76,140.7,4389.55,9.177501110592202
coconut,69.18,16.17,35.93,161.57,1609.94,13.08045020311316
coffee,90.97,17.79,93.39,136.19,4299.61,12.0123964731685
orange,132.79,19.85,70.26,173.12,193.55,10.78956342030483
lentil,55.57,17.23,71.57,375.93,2134.87,16.676996725795952
maize,27.21,24.36,53.44,338.22,885.7,15.612724398780625
muskmelon,138.55,12.86,62.46,462.6,1666.96,12.186441186351203
rice,139.4,17.91,70.48,165.49,515.22,9.303928418927836
grapes,42.32,20.44,85.15,469.83,388.37,18.63825733192574
mango,107.5,10.67,74.9,480.03,3252.76,13.662477403804768
lentil,21.49,34.9,77.17,325.79,4863.38,13.039178513708574
watermelon,80.51,15.83,62.83,469.87,1872.88,14.784850070479688
coffee,42.15,34.56,71.0,337.11,2058.03,14.83300049076058
coconut,56.09,29.06,49.15,325.89,848.24,16.577761011034614
chickpea,57.57,10.54,31.43,105.46,3305.12,5.335128527859806
cotton,43.19,10.79,71.18,152.67,3283.52,7.477630713380762
mango,71.99,17.0,44.32,422.42,336.93,16.397204167037664
maize,120.47,11.91,72.13,98.83,4286.66,6.66572809600015
coffee,132.21,34.72,30.19,312.97,1308.84,13.286413923779836
maize,116.76,12.06,91.1,107.12,2665.16,8.547374266460551
muskmelon,49.97,24.75,68.66,297.4,2707.64,17.72972773337667
mango,45.1,28.29,91.23,95.46,3597.24,11.92244887747273
coconut,118.78,19.23,86.77,309.35,1207.35,13.581065970928066
rice,92.91,33.19,74.67,331.2,945.4,13.40234821239687
jute,142.57,35.97,83.94,306.09,3875.82,14.182237565212008
orange,128.78,35.65,62.71,238.45,1642.7,10.262044195531743
cotton,51.93,37.41,53.16,313.32,3225.22,13.2388085153881
cotton,52.11,37.84,81.98,167.34,2518.09,10.865461520438108
grapes,111.6,35.44,47.26,454.59,865.05,12.595329749725453
coconut,71.8,32.65,74.73,114.81,4823.3,9.67381460825576
orange,123.73,38.75,30.34,377.59,2201.69,11.8822767964609
coffee,42.2,36.74,47.55,480.7,1350.99,12.591847460010806
maize,144.64,17.84,39.64,386.62,4320.87,12.42167896743017
lentil,28.22,31.1,91.37,139.61,4806.45,12.37596979059389
muskmelon,25.3,30.85,39.98,382.37,246.69,15.045441647411732
muskmelon,68.82,10.37,39.68,408.74,2202.07,14.617355488245147
mango,95.38,17.99,34.65,449.11,1593.01,12.82200990577586
jute,148.05,15.24,92.68,437.82,1200.55,12.392278539002955
coconut,116.51,17.68,91.37,370.5,1449.98,14.292631622505136
maize,137.32,21.04,93.87,141.63,1643.23,12.442153563408652
grapes,106.51,26.9,51.15,149.8,2967.99,15.728759193932596
chickpea,121.52,16.06,32.45,198.6,2515.33,14.26449014642214
lentil,88.81,19.4,86.14,195.35,2912.7,11.935523740858995
watermelon,67.91,14.41,92.55,265.1,3118.63,13.520779957866113
orange,73.87,38.88,40.54,61.24,2962.69,5.786221305637781
cotton,91.2,30.34,77.13,304.44,2973.09,14.7212462454887
lentil,120.2,20.71,65.18,349.99,1753.96,16.478106684302947
maize,53.93,35.27,38.46,304.46,788.84,12.633804066730894
maize,126.88,10.27,50.62,411.85,2053.29,15.816309435101717
banana,87.14,39.13,71.25,485.77,219.28,15.27407880335644
coffee,21.58,20.79,32.97,405.68,1412.44,15.363095069525077
banana,72.14,29.67,45.79,326.91,627.55,16.078750697155606
apple,104.5,27.74,39.92,290.45,3432.99,14.177081785848488
rice,143.78,24.64,73.73,406.91,2866.94,16.21448303766385
jute,125.47,22.88,87.07,140.06,2220.13,13.347240927333084
lentil,28.64,23.31,64.23,167.78,66.6,12.573423423423424
coffee,57.67,35.38,48.16,70.8,2502.01,10.492915695780592
cotton,69.33,22.73,45.36,463.42,4969.47,16.931880059644186
cotton,45.38,31.77,38.07,259.73,2109.64,15.625229897044049
orange,144.07,37.87,55.58,148.88,1520.37,8.315035155915995
watermelon,71.95,27.21,52.86,477.57,4700.52,17.947624943623257
mango,72.94,35.09,37.38,196.21,4324.56,10.399393233068798
watermelon,119.05,29.56,41.24,138.06,3326.51,12.733558594442822
rice,78.29,26.95,50.02,273.85,3337.9,15.040699242038407
cotton,119.73,15.29,83.91,244.19,2107.04,11.907733123243982
grapes,90.45,25.09,85.21,360.15,2590.69,18.601141008766003
coconut,51.7,15.86,57.43,198.8,3228.39,10.612159621359254
coconut,66.54,32.48,92.95,403.38,548.92,16.26821759090578
watermelon,101.99,35.38,30.33,319.39,976.19,11.55869246765486
maize,20.1,25.21,88.98,206.78,2971.16,14.307906676180348
rice,78.14,24.13,66.02,144.63,3726.24,11.816273240585684
watermelon,135.66,24.22,33.87,483.02,204.13,17.25292705628766
coconut,77.14,13.25,79.65,402.45,2486.73,12.916862707250084
mango,97.25,15.97,65.8,449.43,2213.75,14.308372670807453
orange,32.31,36.83,65.39,53.64,4154.01,8.94079696486046
jute,30.4,33.93,75.23,182.76,2379.58,12.954512981282411
orange,105.28,20.63,53.46,143.34,1518.76,13.295951960810134
chickpea,83.35,27.83,52.71,400.08,4571.6,18.19268527430221
chickpea,137.04,14.85,82.04,440.91,4269.14,12.82818787858913
coffee,111.39,24.91,87.91,88.02,881.36,12.92053190523736
mango,66.34,23.55,32.15,95.78,3416.43,10.71041701425172
coffee,74.71,20.22,52.75,104.69,3646.79,11.477181301912092
mango,69.11,16.72,32.12,117.06,1981.9,11.204122306877238
coconut,71.95,35.38,71.67,182.71,1675.13,11.200485932435097
lentil,40.69,32.27,75.55,350.63,4618.98,13.22501071665173
maize,38.47,35.41,85.15,210.0,3029.69,11.128395974505642
banana,124.22,19.85,83.56,364.93,1359.12,13.67214815468833
orange,86.51,27.34,66.72,122.44,2396.45,9.10813912245196
watermelon,130.95,31.47,72.07,466.38,3563.11,13.462073862440397
grapes,49.91,39.08,44.29,145.76,938.25,7.006597388755662
chickpea,90.13,10.27,34.54,194.21,2395.7,8.117055557874526
maize,137.67,28.89,44.51,219.09,4277.39,13.719836161771546
mango,140.46,28.35,46.11,167.48,4802.65,11.502893194382269
watermelon,126.82,13.68,39.37,375.81,1971.35,11.433763664493876
apple,77.27,17.43,34.71,412.46,1393.57,15.22928880501159
cotton,149.33,35.54,66.98,107.42,1782.91,10.142480551458007
jute,127.17,27.07,61.16,364.38,3679.32,18.66094550079906
coconut,97.58,24.86,93.65,116.61,1240.15,11.584961496593154
banana,91.55,17.83,60.1,368.31,2997.21,15.79906646514592
cotton,76.23,25.22,80.51,406.04,1242.64,18.02126923324535
muskmelon,98.08,11.29,48.02,110.34,3266.21,7.386101934658213
apple,58.56,37.22,78.15,242.35,4501.14,11.640191151574934
muskmelon,21.09,30.97,48.84,435.09,685.78,13.949721485024352
coconut,97.32,39.38,50.76,109.65,3319.71,5.638814836235695
orange,72.03,21.74,44.71,123.55,3063.62,11.35821675011914
mango,52.92,28.11,88.59,176.92,3659.05,12.2749347508233
watermelon,46.94,16.81,89.23,119.3,1720.83,10.419826479082769
orange,84.65,12.32,53.42,227.78,4636.77,11.331299590016323
watermelon,29.13,14.81,72.89,227.24,2063.75,8.896940036341611
rice,123.98,23.46,85.25,272.29,522.39,13.74132353222688
mango,46.37,33.59,32.53,137.57,4591.89,11.730908188131684
coconut,44.62,19.85,67.83,278.71,1702.46,12.341963981532606
banana,98.54,14.03,63.89,350.11,4929.23,12.286793271971485
chickpea,108.03,30.08,59.2,170.2,2563.89,11.013046581561612
watermelon,54.15,25.51,60.06,137.14,3664.92,15.082383790096374
muskmelon,141.51,36.43,31.78,150.45,1562.2,9.756254000768148
orange,107.43,11.14,91.36,204.93,3209.18,9.274945624739033
coffee,98.27,24.55,76.91,388.32,3961.15,18.69182939297931
mango,135.4,27.63,59.71,286.3,436.81,17.31920056775257
lentil,41.26,28.04,41.01,495.14,2326.42,18.38950404484143
chickpea,99.38,17.16,63.84,474.02,3908.14,19.17679509945908
muskmelon,29.42,19.6,54.38,408.85,677.34,14.28021377742345
lentil,138.95,38.79,86.97,476.16,3792.67,14.551147344746576
jute,117.87,22.17,30.78,249.17,107.77,16.066066623364573
jute,124.63,33.81,86.21,421.78,1585.92,11.8378354519774
jute,25.23,23.25,64.1,384.58,666.34,16.253249092055107
watermelon,50.91,23.41,74.74,316.07,3106.0,16.160711526078558
orange,64.32,18.63,62.41,174.27,3501.73,10.35164618631362
watermelon,149.55,30.89,48.6,350.53,2732.27,13.271517822177165
maize,42.39,29.1,79.43,327.41,3401.68,14.925263399261542
coconut,33.3,12.87,86.79,314.26,4378.33,11.301959879680153
rice,93.25,19.8,31.3,243.54,4359.71,13.81120762619532
jute,132.62,34.67,56.59,177.56,4081.54,9.625825056228775
jute,41.57,33.74,38.58,59.87,2235.76,8.810865209145883
rice,122.63,20.15,66.85,75.34,4601.05,7.284122102563545
maize,72.05,38.5,47.63,491.52,3147.77,14.804458394355368
mango,96.73,39.91,59.0,362.08,1907.02,9.518248366561442
jute,31.0,23.29,61.02,428.7,161.59,19.10811312581224
apple,132.46,15.86,55.04,72.7,3596.01,10.45952875548177
jute,123.87,39.64,51.94,169.23,163.56,10.511494252873565
chickpea,133.24,37.28,89.8,470.2,3513.78,16.786292824251944
coconut,145.96,23.07,53.33,447.58,2602.27,16.99521187271113
coconut,130.91,29.81,58.2,314.45,1812.18,16.670419053294925
grapes,120.09,34.23,31.2,393.93,3497.87,15.366774637136317
jute,55.54,36.26,51.42,251.65,1013.62,12.559006333734535
watermelon,61.97,24.1,53.08,154.29,4685.56,12.482157949103202
grapes,36.65,39.04,69.99,127.78,2858.92,7.603920361535125
rice,103.16,15.55,84.16,338.87,4156.19,12.012920487273202
coffee,133.38,18.46,36.91,235.47,2145.74,12.474978329154514
cotton,121.87,28.59,31.81,255.95,4204.6,14.333132759358795
coconut,51.08,21.85,78.09,367.15,304.12,16.88728133631461
watermelon,54.67,28.09,51.53,358.59,2327.93,17.70499542512017
cotton,58.15,28.57,41.75,263.38,152.59,15.016580378792844
maize,38.65,13.76,47.8,163.71,3349.83,9.239618129875248
lentil,92.55,15.21,68.11,122.64,2875.0,13.335551304347826
apple,46.71,31.51,87.96,376.89,2845.3,18.400210874073032
cotton,95.0,25.7,30.8,277.41,1870.15,16.251118894206346
mango,26.32,16.64,91.54,297.84,2996.02,7.558263963524943
chickpea,124.9,11.24,38.95,239.73,1534.0,10.109817470664929
muskmelon,25.59,15.85,69.57,229.4,321.11,8.43875930366541
cotton,103.43,20.42,76.65,475.3,2930.98,14.969153661915128
cotton,27.44,25.12,56.41,277.37,3786.76,15.356478889604832
lentil,38.02,33.28,91.06,121.23,4165.95,11.602374008329434
jute,98.0,24.48,39.88,315.62,805.03,16.110033166465847
grapes,124.96,27.98,37.92,88.64,4546.46,14.55490865420569
coffee,73.9,35.23,80.08,204.41,2655.26,11.439132137719092
muskmelon,102.91,30.59,78.38,195.05,1722.24,11.860431763285025
mango,94.54,29.29,94.94,171.22,4453.64,10.935969229663826
watermelon,139.15,39.98,33.98,148.29,2510.6,9.381474547916833
mango,30.64,16.34,46.67,383.95,1272.12,16.297424771247996
mango,137.19,12.1,57.18,239.38,3385.81,11.148762039216612
cotton,64.75,20.27,54.96,424.69,534.09,16.12924787957086
orange,100.99,39.98,88.68,272.23,2762.92,9.72891361313393
lentil,56.25,25.65,40.44,163.34,767.19,10.396303392901366
jute,101.88,25.31,47.13,330.97,2403.49,16.30644604304574
chickpea,97.3,27.08,34.43,234.84,712.68,16.01175843295729
cotton,49.5,14.94,65.72,241.07,3233.55,10.826722951554792
coconut,105.28,10.62,72.25,329.92,831.39,10.593524098196996
coffee,20.21,39.32,72.72,220.58,4260.69,7.748268472946871
jute,41.86,34.05,67.3,140.06,2610.3,8.779511933494234
chickpea,136.58,14.69,67.38,394.84,3016.76,13.301435977671408
coffee,25.71,38.39,72.79,296.18,869.91,11.075260659148649
apple,74.83,25.11,39.96,195.63,257.47,13.63502543985707
cotton,62.92,12.86,81.18,113.26,698.43,9.741706398636945
lentil,54.32,20.43,31.94,211.79,429.02,14.326068714745237
chickpea,103.82,37.7,33.73,174.53,4218.74,9.007708462716357
mango,140.35,14.28,86.71,420.23,4821.75,13.564728573650646
lentil,75.57,29.15,75.86,479.65,4012.71,15.946347979295789
maize,20.12,34.56,55.27,367.88,873.19,16.156586768057352
grapes,47.12,34.53,58.85,183.81,155.85,10.73006095604748
orange,100.89,24.59,76.62,342.26,759.03,17.182759574720368
coffee,140.4,22.78,77.14,152.67,3051.01,13.950422974687068
lentil,64.73,18.28,56.91,394.74,1332.62,15.297143972025031
chickpea,56.57,33.9,59.9,238.13,64.41,13.179164725974228
jute,120.03,35.99,88.93,118.54,605.91,10.280701754385966
rice,37.31,20.76,89.69,448.8,1847.57,16.691324280000217
mango,103.7,22.37,53.54,430.49,4732.58,16.23478102852989
lentil,39.03,20.42,82.74,268.07,4150.73,11.406940465893951
jute,31.77,37.87,59.57,330.01,3030.76,11.860962266890152
maize,21.52,14.73,90.61,166.34,3403.68,9.199099210266535
jute,123.51,20.55,31.49,278.27,3930.79,12.269650630026025
coffee,134.62,21.28,31.93,477.56,2361.24,15.72784215073436
maize,106.93,23.78,33.86,240.56,4170.89,14.716302755526996
watermelon,43.23,10.95,40.18,169.07,4489.81,9.806141017103172
coffee,37.94,27.03,71.97,304.21,314.33,15.873985938345053
apple,125.2,39.09,82.78,469.08,3521.98,11.25137848596528
grapes,116.43,39.83,89.53,459.46,3373.15,13.87724530483376
maize,124.65,32.37,88.83,80.39,3190.31,11.692916989258096
grapes,53.15,16.38,41.13,432.55,80.19,16.819678264122707
orange,68.56,33.7,75.08,372.83,2237.76,14.748368904618902
coffee,110.82,25.24,86.55,484.31,1946.13,15.648003987400635
lentil,104.47,30.98,80.66,352.01,2690.52,14.68200199217995
mango,80.99,26.13,51.7,201.87,1885.91,13.928156698888069
orange,71.61,21.63,56.52,151.45,2281.37,11.5210246474706
rice,47.49,36.2,51.5,311.99,255.5,10.43365949119374
cotton,56.54,28.3,33.68,459.17,1817.77,16.707443736006205
jute,116.18,10.51,37.05,397.38,4562.8,10.480636889629176
chickpea,143.38,35.18,36.96,195.09,4777.6,7.844428164768921
orange,60.19,34.12,57.19,303.98,1753.01,12.86501503128904
watermelon,74.44,26.54,42.84,497.04,2733.51,22.20729391880769
mango,104.16,29.11,94.08,228.94,2574.19,13.56066956984527
jute,107.42,21.99,34.85,241.19,3475.85,16.015699756893998
jute,73.2,20.97,69.7,109.07,2468.28,14.92545416241269
watermelon,104.0,19.25,60.83,320.52,88.56,16.357836495031616
orange,35.05,30.26,90.15,330.54,1530.11,16.652835417061517
maize,126.71,35.52,78.97,289.78,1358.19,12.877012789079584
lentil,134.58,39.92,70.9,167.45,4255.18,10.68696036360389
rice,35.18,15.68,90.1,370.92,4646.66,13.348129624289276
coconut,123.51,18.17,63.05,224.86,1649.58,12.091023169534065
orange,26.92,19.48,90.77,422.84,2515.74,17.428132477919025
maize,88.92,27.95,53.94,328.55,3834.27,14.41126472574962
coffee,87.91,14.66,80.76,385.04,691.41,13.40388481508801
banana,54.99,10.18,43.05,59.29,1494.56,8.438055347393213
muskmelon,51.82,14.48,86.22,339.08,3395.9,11.045805235725432
muskmelon,35.03,36.71,73.54,226.72,3219.73,11.341180782239505
coffee,127.06,34.43,79.22,434.47,4192.03,13.81974127093556
coffee,27.0,25.08,33.66,288.25,2770.66,17.990345260696007
maize,43.57,31.64,57.75,357.97,1407.62,15.316775834387125
apple,125.12,21.17,88.94,370.88,4053.02,13.889016091704455
apple,35.61,17.72,33.41,447.58,887.52,16.120864881918155
maize,99.34,26.55,86.38,172.8,4347.75,13.0705284342476
apple,97.26,35.65,84.73,111.35,1845.9,6.225922314318218
apple,53.24,19.31,41.25,66.44,2602.15,6.804304133120688
jute,90.36,13.74,54.1,253.32,2655.42,11.964190222262392
coffee,25.2,16.25,68.36,402.29,1493.0,13.939356999330206
jute,78.18,38.53,82.14,300.33,4024.77,11.024095786839991
coconut,81.97,39.02,72.4,284.7,3823.91,9.615056316702017
orange,20.66,39.84,90.15,464.41,1692.04,13.164505567244271
apple,108.02,35.38,74.05,238.91,2906.43,8.717247619932357
banana,28.62,14.9,58.74,129.37,4901.81,11.74682617237306
banana,60.18,15.93,56.87,354.84,4790.74,11.515421417150586
rice,78.42,39.61,39.47,156.64,3607.34,5.5131260152910455
coconut,72.03,34.65,89.47,319.06,4792.32,11.269003321981838
coffee,87.72,35.5,66.82,54.18,4770.15,7.672781778350786
coconut,93.28,16.69,33.21,467.97,441.5,16.57537938844847
grapes,60.59,31.55,35.91,436.63,4928.11,15.295865960784155
coffee,91.77,21.06,54.46,213.3,4920.29,13.178637844517295
muskmelon,96.28,13.95,35.14,270.37,4098.76,11.41479130273546
apple,49.15,12.23,61.89,217.26,3270.95,10.275103563185008
lentil,146.64,26.34,73.17,349.4,3357.89,19.084246357087338
watermelon,38.28,12.76,46.32,490.11,3576.06,12.48210320855914
watermelon,104.19,31.91,65.2,295.75,78.94,11.294147453762353
cotton,144.62,15.92,44.77,139.28,2769.04,8.768966862161616
apple,142.74,36.62,40.04,467.28,2082.99,13.715553123154695
coconut,93.73,17.63,51.12,181.76,3128.51,12.44752933505087
grapes,42.36,37.53,37.01,99.85,4628.87,7.793312406699692
coffee,42.22,20.33,91.02,171.73,2234.85,12.811812873347204
coconut,91.66,29.21,44.92,260.31,4500.8,15.1575519907572
coconut,38.4,11.94,86.65,121.77,2702.21,6.925338889279516
orange,127.36,30.5,67.15,315.5,4111.55,12.553324172149187
jute,118.74,22.59,63.58,80.78,1774.1,12.875553801927738
rice,54.41,13.93,31.91,353.29,259.13,11.4375024119168
coconut,24.36,21.51,65.28,477.81,305.47,19.469113169869377
mango,149.1,25.1,43.43,61.41,2296.48,9.13343900229917
cotton,95.0,19.5,50.56,66.11,2094.51,11.242930327379671
coconut,64.26,30.77,35.77,454.26,773.34,18.445677192438
jute,112.2,13.18,59.95,51.11,4980.27,8.614504836083183
rice,54.85,27.59,94.2,56.71,718.83,11.97987006663606
jute,31.15,34.35,30.85,370.35,4395.89,13.889692417235189
chickpea,103.0,26.61,69.0,424.7,2091.17,14.978533548205071
lentil,21.91,34.9,39.97,57.56,838.63,7.785244982888758
banana,29.47,29.05,68.44,355.42,4601.79,14.978564862803388
coconut,65.78,24.84,74.44,425.85,4578.68,18.25860946823102
grapes,149.28,27.33,83.05,314.32,163.38,15.006916391235157
cotton,137.98,37.13,71.61,468.31,2043.63,15.036581964445618
lentil,145.74,24.55,40.11,259.78,3954.56,12.201627994011975
maize,86.51,11.0,45.05,193.0,1320.72,10.462073717366284
chickpea,26.03,34.51,81.05,235.17,464.25,11.986709746903609
orange,133.44,35.75,63.96,124.0,4945.96,11.105221231065356
jute,103.2,38.33,68.0,360.71,2561.41,14.429575897650125
watermelon,131.96,20.91,92.16,52.08,683.65,11.346478461200908
orange,94.58,17.52,79.83,73.12,2822.55,13.803011461267294
rice,148.36,16.66,36.16,467.45,2617.88,16.778794291564168
grapes,26.82,15.09,74.63,213.32,2999.96,12.383738449845998
banana,74.73,20.6,57.02,54.13,2841.15,9.530517572109884
coconut,99.81,38.94,50.67,433.7,3185.63,15.064772117289202
jute,133.26,26.69,58.89,434.46,4148.17,17.816637215928953
apple,47.1,10.84,79.61,430.95,1868.21,10.38562581294394
mango,34.79,17.75,69.77,373.99,1101.5,15.100481162051748
maize,80.35,17.52,62.18,163.77,2792.85,9.785996383622464
coffee,111.58,15.41,61.8,151.9,3856.6,8.188316133381736
coffee,106.97,30.33,65.6,441.59,525.1,15.422357646162634
apple,146.26,16.73,67.1,404.51,4167.78,12.500335910244784
grapes,88.71,19.99,58.88,264.24,871.03,15.158605329322755
coconut,89.17,11.26,91.67,386.37,197.03,12.729330558798152
jute,64.76,37.33,31.46,303.34,719.68,10.463845042240996
orange,29.31,13.01,83.82,425.15,3502.82,11.229834818803134
grapes,41.78,18.17,64.04,390.89,4412.91,16.05313953830919
mango,133.77,14.86,32.24,353.48,2017.94,12.855971931772006
grapes,50.64,37.78,57.37,160.13,4916.04,9.163497449166403
rice,31.68,22.29,50.9,192.21,4937.33,13.369236004075075
rice,43.47,29.94,36.44,199.83,1828.8,13.406911636045496
chickpea,83.57,12.51,91.15,206.4,2223.35,8.08219128792138
watermelon,104.41,28.01,87.65,332.79,1452.98,15.963468182631557
coconut,112.34,12.45,55.83,118.12,2288.69,9.293945444774083
orange,64.31,21.58,40.83,380.25,4200.42,15.19017383975888
maize,90.22,24.61,60.28,390.65,4787.59,20.99482620692248
jute,42.72,31.68,71.88,399.73,2120.74,14.720743702669823
rice,89.14,23.07,57.65,305.58,4580.17,13.803612093000917
cotton,70.88,18.71,63.76,388.83,3529.29,17.715209008044113
jute,75.8,13.07,77.62,385.97,1003.89,14.436611580950103
jute,84.11,21.3,66.21,421.83,4521.19,12.738405154395194
cotton,98.96,26.3,42.12,258.52,2310.01,17.631850078571087
lentil,87.19,25.73,45.06,148.15,120.34,9.05318264916071
watermelon,130.78,28.75,85.57,294.54,1181.9,15.774955579998306
watermelon,24.89,22.1,46.63,459.44,642.49,15.56777537393578
jute,55.22,21.52,64.42,51.02,3956.95,9.50931146463817
coffee,21.37,12.7,68.86,326.53,3330.69,11.500773113078672
apple,115.16,17.06,92.52,211.53,1443.84,10.753469913563832
apple,62.86,33.65,57.69,235.48,4166.26,12.169290922794064
coconut,98.48,27.96,59.85,344.8,1848.81,15.147548963928148
lentil,48.95,32.06,71.53,210.89,4455.11,12.02655602218576
coffee,109.9,30.6,40.46,138.07,3355.89,11.691774760197742
jute,56.52,10.6,61.33,53.6,1834.66,4.301069407955698
maize,48.97,39.24,67.05,90.63,4510.02,8.033913375106984
coffee,133.26,22.4,78.44,100.09,2916.17,11.660753659766062
maize,123.05,33.68,52.69,209.14,4430.18,10.38574730597854
watermelon,113.71,33.77,55.64,440.09,3532.5,13.894448690728945
coconut,58.45,14.52,71.92,291.7,1262.31,12.39590116532389
muskmelon,101.37,22.21,63.09,329.28,251.29,14.39647419316328
rice,45.3,22.07,91.25,96.32,1472.1,11.611609265674888
grapes,122.32,33.2,41.71,457.43,2585.95,16.022660917651155
banana,102.89,22.44,92.94,176.81,579.68,13.695521667126693
grapes,91.84,36.9,77.34,161.06,1540.84,8.144933932140912
cotton,43.97,14.46,38.32,355.86,541.36,11.736256834638688
apple,25.39,10.2,76.25,465.07,894.34,10.414864592884138
chickpea,54.14,12.2,71.44,210.49,2527.09,8.808186491181557
orange,147.73,18.79,67.11,119.97,3752.61,10.703105305374129
watermelon,148.85,27.38,69.08,316.19,2423.32,15.902039350973045
rice,133.3,32.45,72.91,251.81,920.36,14.149104698161588
watermelon,117.32,36.87,56.85,194.22,3258.84,8.16787261725031
rice,111.56,22.98,77.97,445.23,3309.78,17.36689145502118
lentil,61.24,27.94,63.46,368.15,4917.57,17.22706540018749
maize,107.01,20.68,69.3,353.76,1732.64,15.60389348046911
grapes,121.1,17.11,61.55,310.87,3664.51,14.024846432401604
mango,84.93,19.14,88.08,107.4,1690.98,10.89134702953317
grapes,87.84,38.91,93.91,429.51,1484.1,11.562030860454149
mango,30.23,26.38,33.06,374.79,1586.79,15.426288292716745
maize,48.7,39.4,75.5,268.31,3043.52,11.042937125433708
jute,103.68,32.92,83.7,298.31,2388.72,13.9780217019994
coffee,73.29,20.51,84.08,373.06,1951.26,14.849917489212098
lentil,41.04,18.32,86.9,269.7,628.91,13.5391073444531
orange,100.82,12.31,81.24,466.49,2138.24,15.94817700538761
maize,53.0,14.25,65.33,461.75,3259.34,14.782087784643515
jute,48.22,17.89,94.42,224.65,4574.41,13.39365513803966
cotton,77.33,21.4,40.91,131.02,2005.34,11.238303729043452
coconut,48.94,12.42,65.79,469.55,1086.59,13.122557726465365
chickpea,70.29,14.91,40.9,208.71,4942.08,10.353782213157212
apple,55.24,29.78,67.27,328.23,4322.23,13.7851548853254
mango,99.53,11.08,62.0,463.03,3066.42,11.581026082532723
banana,105.35,23.58,75.15,236.42,3059.22,17.77608998372134
jute,36.41,25.01,63.77,215.1,4982.39,16.727590574001635
muskmelon,61.3,17.64,57.23,171.37,3012.42,10.72600766161425
maize,48.34,13.95,33.94,306.32,3141.83,11.112650907273784
lentil,20.8,23.91,49.2,466.5,425.01,18.50991741370792
muskmelon,112.2,19.46,56.0,320.83,4488.53,13.19577901896612
mango,66.42,38.95,89.24,348.43,2279.75,11.231639434148482
jute,48.42,35.01,67.23,194.36,1400.33,8.299243749687575
maize,113.28,39.07,76.41,314.57,687.33,11.224288187624577
coconut,84.22,21.31,32.72,122.59,1713.42,16.302243466283805
banana,88.99,33.62,37.3,494.74,116.39,16.373399776613113
coffee,125.92,10.54,69.83,422.51,3053.43,12.435474204419291
jute,93.02,16.85,83.24,396.68,4159.26,14.904345965388076
orange,77.27,36.3,63.2,457.0,3821.61,13.406101093518176
muskmelon,95.36,23.89,73.4,172.55,1939.81,15.589356689572693
watermelon,145.14,24.47,61.0,487.86,1014.61,20.021456520239305
jute,95.08,27.28,91.13,436.79,530.77,15.089605667238164
maize,44.78,24.92,32.22,54.61,1510.23,12.164670282010023
jute,83.6,14.31,36.86,296.89,287.49,10.6406483703781
orange,79.86,14.54,69.11,312.43,2488.98,13.276675585983012
watermelon,62.05,21.08,36.2,417.31,1304.03,18.000889550087038
muskmelon,72.98,10.77,77.42,379.02,4151.7,11.70285425247489
grapes,27.1,11.1,94.78,94.14,4017.31,6.383343580654716
mango,80.92,23.45,55.36,299.66,314.49,16.79290279500143
orange,95.25,35.04,61.05,210.85,1643.01,11.837554244952862
coconut,79.15,29.34,58.72,324.54,978.77,17.394689252837747
grapes,76.89,23.83,59.04,437.1,507.07,17.960991579071923
coffee,86.66,38.31,38.85,220.18,563.18,7.998686032884691
chickpea,61.8,15.13,83.31,78.01,4574.07,6.632808417886041
cotton,26.75,34.66,85.17,358.94,3117.45,12.992558020176748
mango,128.03,38.89,59.09,248.88,2429.46,11.0060136820528
coconut,77.04,31.5,84.36,77.08,382.63,12.099704675535111
watermelon,61.99,22.65,31.79,454.17,1040.85,16.72324542441274
mango,97.12,32.88,57.12,356.57,3963.02,15.03084264020873
mango,143.26,32.85,83.35,167.4,31.95,15.161815336463224
cotton,82.51,14.41,82.43,240.88,1151.62,12.402954099442525
muskmelon,62.4,19.79,33.52,373.45,2323.75,17.43749973103819
muskmelon,65.79,19.29,55.91,378.44,1833.35,13.258275833856056
banana,126.05,28.42,60.94,104.28,2217.87,12.631484261926984
coconut,66.42,39.11,38.03,293.67,4632.4,11.05812753648217
banana,130.5,37.43,41.09,382.4,3520.9,11.343065693430658
muskmelon,124.22,30.26,51.76,148.26,258.64,12.06340859882462
muskmelon,85.52,23.21,53.02,495.02,1610.79,16.086057152080656
orange,59.22,20.78,92.77,133.35,1785.11,12.11064304160528
watermelon,103.69,32.07,47.48,67.06,3333.59,8.943376360020277
maize,64.88,38.8,83.34,176.23,3373.84,8.644544495293196
grapes,91.45,30.63,57.82,213.22,1003.48,12.935653924343285
mango,44.24,29.7,70.1,251.22,1892.14,13.896344879342966
muskmelon,52.06,27.78,91.54,266.67,1075.56,13.291662017925546
muskmelon,92.7,30.2,78.76,367.11,4424.06,16.62762711174803
mango,27.97,18.21,36.59,234.98,1045.75,12.322084628257231
rice,108.83,10.68,34.8,128.8,3402.28,7.542236382661039
apple,66.07,34.62,78.88,291.33,342.0,14.125584795321636
grapes,86.75,38.06,31.15,475.5,3984.12,8.177871148459383
coconut,147.92,26.25,89.3,217.16,3049.82,17.039881042159863
banana,66.07,16.78,93.68,382.25,3283.73,13.889263124556525
orange,100.87,37.72,80.3,315.72,2272.29,9.225226533585062
coconut,120.15,11.52,65.54,453.72,2780.33,12.498699794628696
jute,142.33,14.67,53.55,283.46,1506.26,11.864127043139964
coconut,123.52,14.48,42.22,277.29,2344.67,13.0105643864595
banana,106.79,22.71,76.9,411.24,1865.52,17.277456151636006
coconut,66.19,23.91,31.2,94.96,128.55,13.996421625826525
orange,85.91,29.75,82.08,322.88,396.27,16.678451560804504
watermelon,70.58,34.16,69.15,338.29,4151.75,14.118805323056542
coconut,114.55,26.3,69.94,415.18,3364.09,16.06580382807832
grapes,45.69,35.84,58.67,189.3,1944.33,9.521830142002646
apple,80.14,29.13,51.72,325.74,1750.12,15.770570018055905
coconut,88.75,19.25,67.3,60.45,1476.18,7.985963771355796
lentil,99.6,11.45,54.56,488.1,537.23,18.197792379427803
coconut,101.87,25.72,87.8,212.77,839.59,16.62699651020141
orange,143.32,35.22,34.27,325.78,4732.22,10.18362840273698
cotton,51.27,13.93,80.71,137.88,3478.8,7.84297171438427
apple,121.98,25.95,52.83,400.97,4210.82,16.321937294873685
cotton,62.01,30.65,31.52,130.79,2897.42,9.828198880383235
rice,101.69,33.63,55.45,332.51,2175.9,13.178569787214483
grapes,42.39,16.43,56.77,488.75,4565.65,17.680295248212193
rice,74.7,35.98,88.8,179.7,2761.46,10.860899669015666
orange,108.29,14.45,88.8,430.01,3193.49,14.21462099458586
muskmelon,117.9,19.06,91.43,403.39,2020.88,16.04115038992914
muskmelon,84.16,32.19,68.01,305.28,1526.1,14.316997575519297
lentil,65.0,22.17,84.95,339.0,837.12,15.884496846330274
lentil,43.49,17.9,46.38,293.52,1186.06,12.851356592415224
banana,76.17,21.24,52.66,360.65,1335.15,13.783222858854808
apple,96.35,34.99,39.39,285.15,2038.26,11.190633187130198
cotton,85.8,24.31,84.62,238.99,3928.71,14.448933619432331
muskmelon,122.9,24.2,55.48,473.45,1126.4,18.951784446022728
coconut,74.44,22.16,79.29,248.0,672.22,13.37179792329892
rice,49.11,38.5,79.47,395.54,4383.2,10.37224174119365
watermelon,39.43,19.67,79.84,333.35,359.34,15.346106751266213
lentil,97.38,12.01,87.34,133.87,2340.03,7.441425964624384
cotton,79.81,14.4,40.4,276.2,3417.21,11.038660193549708
mango,78.22,23.91,47.77,351.6,1645.91,18.3629177780073
apple,41.97,12.87,40.54,276.07,4632.29,14.904986518546982
rice,115.86,31.66,70.11,315.59,4722.26,12.464442872692311
maize,78.63,15.35,73.36,52.6,1444.46,6.9372291375323645
coffee,144.43,18.91,78.11,365.96,2087.11,16.819568685886225
lentil,34.46,28.16,57.4,471.08,3827.34,15.909326059351926
orange,114.75,20.96,78.82,132.63,65.76,13.32162408759124
watermelon,118.0,28.13,77.51,497.84,1385.83,16.170857897433308
apple,71.94,37.51,40.89,232.84,4791.79,11.70117847401493
apple,147.24,37.62,76.28,258.84,3852.57,11.42144853954633
coconut,89.05,31.52,80.04,79.08,1658.99,10.7117463034738
rice,67.61,13.72,66.51,398.18,4365.48,11.027618955991096
grapes,108.03,19.17,37.07,473.09,79.42,17.50277008310249
grapes,141.16,15.43,63.03,450.67,4717.72,14.572418456372992
jute,67.23,21.08,65.87,268.68,2941.29,14.460100840107572
jute,64.89,28.34,56.69,403.11,3666.98,16.00397329682736
cotton,34.87,27.61,84.86,411.5,3630.17,18.936132467625484
watermelon,111.61,38.48,72.4,317.88,2352.16,10.308584450037412
jute,106.55,38.51,60.81,377.17,3362.75,10.14329343543231
muskmelon,136.05,15.82,78.82,291.92,594.49,13.215714309744486
muskmelon,26.81,28.66,30.67,140.16,2814.37,12.522685361199844
banana,56.96,13.92,45.44,366.83,1762.3,13.125750439766216
grapes,62.8,26.93,71.81,86.71,512.85,11.06337135614702
cotton,89.16,36.17,62.14,145.42,1233.14,10.908177498094297
maize,49.52,26.88,93.21,359.84,723.36,15.297569674850696
muskmelon,127.57,26.26,65.85,104.42,1742.26,14.191331948159288
grapes,106.71,13.02,69.04,211.41,3065.02,10.10406783642521
lentil,55.89,38.76,88.03,186.4,2695.7,9.244029380123902
cotton,25.87,29.52,60.06,153.55,4451.09,12.525132046307755
banana,87.99,28.57,63.47,494.49,1904.08,18.53821268013949
coconut,43.42,37.78,53.09,77.8,4584.18,7.775532374383203
grapes,45.21,17.65,56.47,242.17,1604.37,14.608581561609856
mango,88.96,19.95,42.87,359.94,2322.07,13.898543110242151
maize,38.43,31.17,90.41,325.18,759.48,14.953336493390214
chickpea,93.89,37.84,86.22,243.42,2100.9,8.077009852920177
lentil,98.64,18.69,74.44,211.15,3887.35,14.074173923109573
cotton,121.36,15.59,47.16,308.73,2825.18,11.766298076582732
lentil,92.12,38.83,90.85,229.32,2525.83,11.41859111658346
watermelon,82.34,31.48,73.02,479.67,4784.29,15.695576564129682
muskmelon,73.08,16.83,37.79,115.68,1691.74,11.466365990045752
cotton,64.43,22.49,85.4,312.89,1923.93,16.14638266464996
mango,114.66,10.07,81.96,351.46,795.82,11.640069362418636
watermelon,69.56,14.64,59.1,103.07,3295.68,11.291663632391495
lentil,131.23,20.16,62.52,202.32,4057.6,14.298553332018928
orange,27.94,31.01,62.97,179.82,1405.39,10.884003728502408
muskmelon,96.41,17.15,50.46,106.7,1390.11,8.350792383336572
apple,47.67,25.18,63.69,167.1,1023.06,15.678259339628177
banana,78.24,21.08,84.77,66.44,1617.67,10.198149189884218
banana,107.29,29.37,47.02,472.64,1067.84,15.452296224153434
maize,136.17,32.46,49.83,207.63,231.49,10.468486759687243
orange,93.87,16.65,61.64,316.84,4630.43,15.276136341549272
maize,96.78,14.73,64.66,68.39,574.66,7.099676330351861
maize,82.75,28.17,33.35,378.21,4224.91,19.22181537594884
muskmelon,30.11,33.73,35.71,431.88,3014.22,12.383843913184837
coconut,85.49,12.84,45.26,303.73,3846.35,9.989969711544711
grapes,24.02,34.83,70.12,294.68,4703.42,14.789578647027058
rice,122.24,15.74,45.88,331.44,4126.26,14.296665745735847
banana,149.64,18.66,83.48,137.08,853.3,12.26726825266612
coconut,137.64,16.44,66.99,478.78,1239.32,16.764080302101153
coconut,57.36,34.88,63.22,185.08,1724.81,11.891617047674815
cotton,102.7,34.9,71.62,252.33,726.56,10.031669786390664
coconut,25.63,34.0,60.6,84.7,4919.22,11.008273669402874
orange,137.75,34.78,49.9,153.34,1197.9,8.860130227898821
banana,66.2,37.18,60.97,152.5,2022.37,8.634646479130922
muskmelon,94.7,34.71,36.59,149.93,119.04,8.262684811827956
cotton,138.44,20.78,68.76,332.5,1811.7,16.715543412264722
orange,146.2,23.23,78.9,239.87,3130.44,17.662015563307392
watermelon,108.56,31.69,64.71,79.97,3239.0,10.83381290521766
jute,148.29,20.1,80.11,212.73,2033.56,14.888151812584828
lentil,23.27,16.37,39.07,329.68,1711.9,15.603475670307844
watermelon,40.63,33.64,58.13,472.88,4521.23,13.934438194915987
chickpea,40.8,17.9,69.59,391.49,1187.43,15.228678743168018
banana,102.06,23.17,59.8,127.76,3277.82,10.506583644007298
coconut,26.8,30.16,48.76,176.39,977.6,13.39095744680851
coffee,21.04,32.4,78.29,203.92,2340.0,9.88234188034188
grapes,41.02,13.3,68.3,94.77,141.81,7.121712150059939
mango,28.58,35.94,49.79,264.84,868.24,11.380505390214688
muskmelon,65.51,30.51,54.79,212.28,1145.23,10.410921823563823
coffee,107.74,20.19,78.69,261.75,4634.73,13.438873461884514
apple,121.55,16.44,93.07,405.88,917.34,16.909619116140146
apple,85.39,19.05,54.99,336.57,3399.61,16.23246784189951
banana,143.74,30.24,60.94,118.89,1088.4,11.260951855935318
apple,89.59,39.63,81.57,283.22,4674.03,8.398392821612184
cotton,81.5,34.71,77.67,142.45,1027.14,10.94531417333567
muskmelon,129.22,35.88,30.59,200.09,2489.47,8.026218432035735
coffee,115.72,21.79,69.8,152.43,464.42,11.832156237888118
muskmelon,61.33,28.88,37.09,249.04,2038.09,15.759416905043448
muskmelon,22.02,30.45,31.17,216.79,41.44,12.007239382239382
maize,78.18,16.89,53.33,114.61,1732.36,11.766896026230114
coffee,37.34,30.97,88.57,292.58,2842.48,14.450680391770565
lentil,37.77,31.99,36.41,379.65,3694.49,12.874134183608565
chickpea,113.93,32.27,84.81,68.81,4546.92,11.168091807201357
rice,32.24,39.97,69.92,109.02,326.93,9.042424983941515
cotton,147.57,35.76,90.07,366.16,4736.89,12.016175169784397
banana,83.46,19.43,52.21,365.62,581.35,13.99053926206244
mango,97.04,17.55,74.04,59.48,1032.01,11.804178254086686
rice,41.14,23.02,94.8,206.43,1915.09,14.015712055308104
grapes,148.57,30.52,71.38,90.27,4142.4,11.584624855156433
watermelon,47.64,13.45,69.67,323.8,4006.88,11.487753563870143
cotton,106.78,12.03,59.5,209.16,1321.48,11.223431304295184
rice,48.09,18.97,54.19,222.76,3838.97,12.502981268413144
orange,57.92,25.68,84.78,472.33,699.74,15.541258181610312
jute,75.76,11.33,53.55,263.96,2321.2,10.63273737721868
lentil,95.96,23.36,66.85,355.85,1350.68,16.69862587733586
grapes,47.11,15.42,49.33,185.85,1436.41,12.451660737533151
chickpea,47.48,35.79,43.2,378.18,2421.91,12.790875796375587
muskmelon,118.4,31.44,73.6,132.05,4836.42,11.40791329123608
grapes,145.27,28.42,38.05,116.76,1596.52,13.221112168967505
mango,132.97,15.11,91.63,238.91,2867.62,11.963363346607988
apple,128.6,19.0,37.28,149.01,4008.3,10.893398697702269
orange,146.63,16.24,44.9,66.02,1560.27,7.104917738596525
chickpea,80.81,20.75,73.66,213.12,1675.03,12.09341325229996
cotton,119.95,15.08,44.94,251.36,3718.11,11.080043355360653
watermelon,74.07,22.91,66.48,352.96,4617.02,17.311852666871705
banana,122.75,38.51,72.88,202.65,1941.04,9.106916910522196
chickpea,118.42,20.11,69.62,258.45,4278.93,14.600481896174978
cotton,116.08,39.16,84.08,177.59,4710.83,9.385220863414728
jute,22.06,30.65,42.79,55.35,3495.92,12.702521796837456
banana,115.31,37.91,52.98,157.43,4594.63,8.574168104939897
lentil,134.21,31.72,53.63,431.13,3193.35,16.67280129018116
muskmelon,108.27,29.18,69.87,343.71,4821.07,14.440989240977627
banana,100.07,30.2,74.73,177.78,2871.37,14.034593242946748
coffee,140.11,36.91,62.37,159.52,784.84,11.113067631619185
mango,125.13,31.81,51.75,268.2,2264.24,15.406829664699858
jute,130.89,32.05,45.26,270.31,1024.66,11.92802490582242
coconut,119.92,11.47,60.71,174.35,178.98,8.197843334450777
watermelon,41.43,14.67,79.65,416.64,4327.02,15.880536720421905
banana,133.24,18.93,92.37,191.64,1804.09,13.215416082346223
apple,77.03,16.62,60.1,100.21,4295.96,10.539364891665658
chickpea,145.98,18.45,42.57,268.66,2110.6,12.555012792570832
coffee,49.11,15.2,79.11,223.69,3286.6,12.524347349844824
jute,138.22,32.51,62.29,448.84,344.9,13.780661061177153
coffee,142.7,11.63,42.96,321.59,1628.25,11.918562874251498
rice,73.52,12.44,68.02,314.48,3941.3,12.817298860781976
maize,94.38,22.07,91.81,100.1,1785.13,13.007030300314264
cotton,32.84,10.66,56.25,197.38,2708.95,10.075073367910075
muskmelon,128.09,13.34,76.39,405.18,4824.93,11.329494935677822
muskmelon,30.71,25.37,60.05,499.36,4712.57,20.483960980950947
watermelon,78.65,10.98,31.43,176.95,1455.25,10.86555574643532
chickpea,110.44,17.24,77.13,56.5,3902.09,9.003762086471609
coconut,27.78,15.79,36.17,294.06,3178.51,12.222613740400377
muskmelon,104.55,25.74,72.53,420.89,2599.54,20.425425267547336
coffee,58.29,39.85,74.13,105.75,2190.52,5.067116483757282
chickpea,77.37,32.98,51.53,466.04,1811.84,15.629128399858708
banana,147.88,10.08,53.92,51.59,3335.24,5.216038426020317
coconut,74.88,23.92,54.13,473.75,4515.56,18.329381073443823
coconut,57.2,19.2,65.17,498.66,235.24,17.088080258459446
apple,72.32,27.09,45.77,66.3,4969.68,12.633354662674458
grapes,124.63,21.98,83.58,130.03,3489.13,13.451135383319052
apple,93.8,22.33,77.28,192.55,662.94,13.504585633692338
orange,94.29,38.01,33.88,372.03,2889.41,13.138910711875434
maize,149.82,13.83,33.83,131.51,2408.76,8.092711602650326
apple,68.82,27.53,40.9,213.04,3849.7,11.394737252253424
jute,39.41,16.32,77.38,406.39,1487.85,14.150304130120643
watermelon,112.52,21.54,93.35,341.25,3932.89,15.440533551663028
cotton,42.93,23.51,52.3,444.75,1800.33,18.02586747985092
grapes,37.17,15.93,62.35,419.27,3108.03,17.0144786247237
coconut,94.28,17.99,43.36,231.76,4065.81,16.469608761845734
banana,86.18,13.76,41.8,232.0,1211.16,9.103578387661416
apple,77.06,16.77,70.93,396.27,1963.23,16.542447904728434
banana,147.14,26.95,33.88,247.01,522.04,15.644969734119991
watermelon,89.42,17.31,31.97,127.49,2326.01,10.142656308442351
muskmelon,133.91,33.84,48.18,83.85,557.99,8.238946934532876
grapes,31.49,26.74,71.31,395.44,3850.93,17.892233824037312
mango,24.14,38.43,76.64,442.18,3895.22,12.177301923896469
orange,112.18,24.84,31.86,236.16,1478.36,16.448652560945913
mango,48.28,17.29,90.88,468.5,1333.65,15.405001312188356
banana,143.72,32.49,78.59,263.75,1893.91,11.67641017788596
banana,30.07,32.3,59.12,301.78,3621.84,10.437286020365338
banana,131.12,21.57,86.14,276.5,1854.91,15.366955809176725
mango,63.41,25.3,79.91,383.96,2559.74,15.951729472524557
jute,144.1,11.21,78.87,78.09,4897.18,9.461392066454572
coffee,148.29,31.02,47.73,456.07,3824.51,17.359217259204446
coffee,68.37,39.6,42.83,290.53,4926.4,9.474819340695031
cotton,132.72,23.44,62.99,228.39,571.8,15.809776145505424
apple,99.26,20.34,70.05,282.83,1285.68,13.60609171800137
orange,63.23,11.45,34.02,353.35,1057.43,12.687175510435678
orange,58.85,23.71,65.58,388.05,1144.79,19.43475222529896
chickpea,60.95,13.06,37.33,382.79,1732.31,15.339535071667314
banana,91.22,32.58,67.02,363.3,3790.37,13.28172975197672
maize,50.63,13.59,58.28,241.44,2808.52,12.911344765214418
coffee,44.76,15.43,37.96,335.18,3645.45,11.986791754104432
rice,89.35,24.14,89.54,278.41,1760.92,18.067816823024327
rice,119.14,10.03,82.05,241.48,3645.94,10.388028875955172
orange,135.91,25.57,42.84,417.91,2285.03,18.350905677387168
coffee,138.58,21.15,41.42,130.81,2033.97,12.907850164948352
rice,120.94,12.05,30.84,369.99,3924.6,14.323635529735515
jute,135.95,10.89,49.23,446.33,2538.57,14.720894046648308
jute,71.43,17.69,46.29,227.63,1507.15,13.881584447467072
maize,96.32,16.47,59.53,312.85,2142.46,11.001773662052036
jute,143.72,29.68,38.45,255.4,4397.73,12.599911772664536
watermelon,125.61,11.69,62.11,85.5,1914.11,11.400311371864731
coconut,26.76,21.23,31.98,440.62,3107.11,15.586171715838832
maize,39.14,25.44,58.01,470.83,4834.79,18.906593667977308
jute,111.62,12.6,82.77,422.59,3455.17,14.79746872078653
coconut,57.75,13.22,35.02,299.62,3036.03,14.266822132851123
grapes,114.98,20.68,78.19,93.72,1252.77,16.0059388395316
apple,121.61,15.98,41.42,377.42,4008.49,16.174679243306084
mango,112.5,28.92,68.75,119.38,1928.95,14.183535083853911
muskmelon,50.15,22.33,43.41,276.61,1121.48,15.660100938046154
lentil,107.84,22.16,90.56,431.12,2512.29,17.64624306907244
apple,86.74,28.93,64.69,213.33,182.66,11.76792948647761
coffee,23.42,32.03,42.76,363.42,815.89,16.03800757455049
watermelon,47.8,33.63,43.32,471.11,3429.54,15.259629571312772
cotton,96.77,10.82,58.41,307.56,1644.87,10.93312541416647
watermelon,148.57,16.46,90.93,378.9,4645.41,11.669482349243662
muskmelon,62.85,29.3,73.69,179.3,4188.45,16.10918120068283
coffee,63.63,32.96,76.1,101.99,3337.64,11.18517874905622
jute,52.15,21.72,58.87,319.92,3435.2,16.26867140195622
chickpea,108.11,22.43,65.47,262.65,4357.7,14.276561029901096
lentil,136.23,12.57,30.39,103.12,4951.72,10.01577835580364
jute,36.41,22.71,81.58,321.92,4046.39,14.516840937230471
mango,82.34,11.42,59.64,387.05,3221.42,12.531920705775716
watermelon,139.47,31.2,34.4,142.37,272.54,9.793938504439714
banana,30.84,13.5,83.64,271.42,66.77,13.543357795417103
coconut,86.43,11.28,50.53,418.47,1919.33,13.022945507025891
coffee,90.34,19.32,76.13,486.9,2907.16,15.8442982154405
banana,70.73,32.52,47.53,216.37,4524.16,12.607648712689208
watermelon,57.91,28.27,39.15,197.53,1366.78,12.485315851856187
grapes,75.81,30.08,61.6,56.25,3143.83,10.757152899488842
orange,93.87,36.89,49.68,294.3,3188.93,11.579981373062438
lentil,126.48,38.49,52.99,440.36,3525.48,11.772813914700976
coconut,58.5,39.21,39.08,54.38,3643.53,6.054834185528869
mango,100.03,37.37,46.8,81.67,4307.85,5.018266652738604
grapes,139.51,25.34,84.26,450.14,4737.01,20.43914410144796
mango,66.96,35.78,45.89,256.51,3153.94,12.40976049005371
mango,63.32,34.6,68.06,376.35,2634.37,15.791426413146215
muskmelon,80.62,37.55,55.07,99.0,4001.89,9.08992501043257
muskmelon,81.88,16.75,85.03,348.51,2184.77,15.598708330854048
apple,99.44,11.64,33.33,82.26,4163.02,8.288576562207243
maize,122.93,19.24,44.19,252.01,2140.52,12.07600956776858
rice,108.01,10.7,59.0,217.22,331.9,10.456251883097318
coconut,42.56,30.46,55.05,121.61,2216.74,12.3743515252127
rice,86.98,12.33,94.5,117.61,3935.17,7.621386115466422
lentil,96.87,36.36,48.51,223.94,4338.88,11.243698834722323
apple,117.77,33.59,70.19,362.9,103.13,12.64947154077378
orange,42.48,28.68,72.24,125.47,2978.71,13.72251746561431
apple,139.92,23.88,51.34,442.6,4399.93,18.35893298302473
mango,119.77,15.61,43.35,367.8,2225.66,12.333357296262683
coffee,108.93,31.37,48.89,302.74,2254.19,15.731233835657155
coconut,122.25,18.67,85.23,132.57,1779.19,11.983402559591724
mango,93.21,12.42,63.43,408.51,1257.03,13.56238912356905
maize,87.81,23.59,94.66,173.27,1680.59,12.835307838318686
chickpea,71.13,11.64,65.04,265.57,3709.27,10.77908591178318
mango,24.04,34.69,85.23,254.2,2282.72,12.658849968458682
jute,36.71,14.66,63.83,142.06,3557.15,11.406429304358824
grapes,92.84,26.82,62.37,405.14,1610.78,16.521238157911075
watermelon,41.82,25.93,34.47,375.34,2082.51,18.13237871606859
rice,38.1,26.32,70.71,483.52,1663.23,20.3210560175081
rice,55.27,28.77,69.28,147.84,3582.9,11.952008149822769
apple,90.23,27.02,73.01,122.35,4312.78,11.671256127138411
coffee,106.99,32.93,41.24,310.16,4716.37,14.466479517086237
cotton,107.82,33.7,93.2,367.33,80.0,15.785125
orange,86.46,12.76,40.61,485.91,215.41,16.032310477693702
mango,127.94,15.92,30.64,416.12,1059.43,13.153403245141256
apple,105.95,21.75,82.43,290.95,1256.02,13.954124934316331
watermelon,73.2,22.68,79.1,379.82,3057.62,17.723530065868225
rice,117.06,26.67,32.28,257.92,1376.04,13.681978721548791
cotton,31.01,17.68,50.59,342.84,3128.47,14.241984100854411
mango,140.78,14.7,63.97,57.96,1383.41,8.836194620539102
orange,118.0,31.18,58.19,413.81,448.63,15.469763502217862
mango,123.94,39.89,35.44,298.59,1965.29,10.496868146685731
maize,76.65,21.06,62.69,376.96,301.02,15.26569663145306
orange,76.98,29.2,39.36,245.19,2572.5,14.190561710398445
cotton,131.94,10.76,52.57,124.66,2113.22,8.029826520665146
banana,138.69,20.8,77.16,290.0,4421.88,15.42929477959601
rice,98.44,35.86,84.19,50.25,633.76,5.3284208533198685
grapes,117.84,35.45,35.11,361.55,2518.22,12.614362525911162
grapes,37.89,33.71,54.28,330.46,208.36,13.617824918410442
watermelon,47.44,39.05,36.43,185.41,1701.93,8.785185054614468
watermelon,82.2,16.77,89.46,452.01,4574.6,15.72785380142526
cotton,61.28,12.52,64.17,242.52,3889.75,8.99402789382351
orange,141.1,17.87,47.55,316.32,2959.55,12.486712506968964
muskmelon,140.55,36.21,68.06,339.43,3043.4,9.946536768088322
rice,36.1,25.0,87.81,469.04,2539.85,18.23062385573952
rice,71.1,33.64,84.78,93.66,3899.7,11.166094827807267
coconut,120.25,25.08,94.2,444.99,1843.42,18.624469735600133
mango,65.59,22.92,57.34,247.93,2157.02,15.501057013843171
watermelon,102.05,29.97,53.33,68.68,1732.56,12.620065105970356
chickpea,47.25,21.18,40.51,458.48,160.46,16.988096721924464
grapes,38.2,16.21,43.47,412.15,2906.96,14.65746346698957
orange,27.13,30.01,61.89,54.92,2185.42,10.150442477876105
chickpea,144.87,15.97,62.46,426.59,3595.06,14.458223228541389
banana,32.13,26.59,79.99,496.54,2363.1,16.76821124793703
maize,38.32,23.83,54.78,442.15,1573.86,19.823065583978245
grapes,64.81,39.22,78.3,211.27,4651.01,10.013926007469346
lentil,58.56,11.67,93.23,166.67,1891.93,8.21955886317147
coconut,93.04,31.16,55.47,430.33,3958.38,16.31903455453999
mango,21.75,28.02,63.19,414.52,3579.32,17.6324553267101
coffee,27.4,11.6,69.33,95.14,1456.77,11.410497195851097
coffee,22.16,28.33,93.31,255.85,3947.43,15.342929450300575
apple,72.92,19.62,73.9,199.06,1239.77,14.999911273865314
lentil,121.81,12.24,71.48,151.41,825.06,9.716759993212616
banana,50.37,28.89,92.94,258.19,782.69,12.951896664068787
grapes,81.86,11.21,46.57,102.46,4107.16,8.596667770430177
muskmelon,91.2,34.58,48.07,243.28,1843.53,11.460507830086843
apple,33.53,39.62,70.18,170.23,1723.65,8.616459257970005
lentil,68.85,24.93,68.99,256.01,2046.83,15.65744590415423
cotton,38.27,18.31,80.84,447.55,4260.95,11.567986012508948
grapes,51.4,37.22,79.75,329.32,391.6,11.634371807967314
muskmelon,82.78,34.57,39.04,97.34,2504.39,9.034902710839765
orange,87.18,12.64,93.97,413.79,3899.82,14.822648224789862
jute,103.92,30.98,64.38,360.38,369.06,11.6492711212269
apple,104.31,24.67,56.61,482.26,4200.61,18.108103346894858
jute,79.97,34.8,76.75,109.53,4912.84,9.67779125719543
lentil,147.65,23.35,89.79,340.33,2633.4,14.748089921774133
maize,136.32,15.45,62.36,384.56,947.76,13.031432008103318
orange,44.53,22.76,75.06,275.13,3387.54,16.008312816970427
mango,136.64,26.65,38.48,422.42,759.64,19.42431941445948
rice,145.08,38.43,57.3,412.64,2494.41,13.592524885644302
lentil,92.78,28.77,31.13,375.39,4252.1,16.658375861339103
banana,69.38,22.37,55.77,360.82,731.88,16.594031808493195
watermelon,80.95,15.25,39.14,295.98,1994.69,11.636269294978169
maize,48.52,28.93,46.18,279.89,3471.02,15.945246642197391
cotton,78.47,12.83,45.08,269.77,1835.07,13.08570790215087
jute,97.68,35.92,56.19,319.91,4404.14,16.879134178295878
coffee,21.75,29.38,49.9,261.2,183.58,13.8689944438392
jute,48.89,21.72,35.25,221.29,2245.62,14.722063394519113
banana,69.66,18.31,53.87,304.86,2603.18,12.998547929839658
grapes,32.33,18.4,84.23,286.58,3685.9,15.265650180417266
banana,65.91,19.85,86.27,134.29,2149.02,12.903458320536805
muskmelon,103.33,16.8,59.99,424.69,3958.86,12.35656476864552
rice,122.51,24.14,58.48,250.77,1924.23,12.708948514470723
chickpea,50.45,13.94,83.31,221.17,665.16,7.443893198628902
apple,71.6,12.42,88.36,305.3,218.72,10.825210314557426
grapes,30.12,30.24,62.44,459.02,819.9,17.180985486034885
lentil,140.75,22.96,84.64,303.21,355.47,16.457141249613187
maize,58.37,32.87,86.23,91.11,1180.69,9.313570878045889
mango,87.14,26.82,83.56,207.94,2449.7,15.95621504674042
mango,125.47,29.8,83.09,248.0,4450.12,9.987780104806165
grapes,112.55,17.22,85.73,465.1,3110.39,15.337423924331034
cotton,130.14,10.45,53.54,119.02,376.56,5.637667304015297
muskmelon,50.84,12.69,41.68,171.81,4064.73,8.090320882321826
cotton,61.95,29.66,81.6,347.57,3987.94,15.757521427102716
chickpea,127.34,22.86,83.15,265.56,4055.88,15.018540982474828
lentil,114.51,10.88,66.71,98.62,2114.93,7.484829285130004
lentil,67.97,21.75,58.73,235.76,3709.69,14.501306039049084
cotton,126.02,20.3,87.26,154.37,2491.06,13.094257063258212
apple,64.84,32.87,50.28,113.63,3213.22,8.295812300433834
grapes,23.16,22.69,91.0,292.81,435.61,16.115722779550516
apple,73.52,31.35,46.55,370.17,1549.62,16.26789793626825
jute,32.31,19.45,88.67,341.9,4121.6,15.830415372670808
chickpea,95.6,32.32,34.7,432.76,3600.77,17.997536637996873
jute,131.79,10.22,56.49,481.32,650.17,12.129243121029884
coconut,77.41,32.19,54.37,156.21,3901.93,12.11486623286425
muskmelon,148.29,26.21,92.37,299.97,2430.79,16.240263453445177
coconut,140.3,39.57,88.13,381.9,4286.54,11.139534449696026
coffee,36.83,33.96,50.24,351.75,272.54,13.660820430028618
watermelon,96.19,23.86,30.36,152.68,419.22,12.65161490386909
orange,115.17,19.78,65.3,474.46,2198.16,15.987362157440767
grapes,83.97,34.82,44.08,256.3,4452.08,13.354254640527571
banana,115.1,36.92,54.79,231.58,717.37,7.980303051423951
banana,68.16,31.18,60.44,55.35,1017.67,8.892361964094452
apple,144.71,38.67,90.25,219.05,878.44,9.763854105004324
chickpea,101.8,24.52,32.77,376.91,2887.37,17.458697707602422
chickpea,138.65,31.88,49.0,179.48,1811.68,10.615655082575287
muskmelon,65.45,33.93,83.7,265.45,498.38,14.151109595088084
grapes,56.63,29.06,53.92,259.47,4539.86,10.688836219619107
jute,46.37,12.96,70.36,152.94,728.08,9.69572025052192
jute,111.67,36.32,30.53,425.13,247.35,11.91069334950475
rice,90.65,32.67,47.86,348.22,3276.01,13.024203222822884
cotton,105.29,36.08,86.95,66.86,4988.58,8.5257387873904
coffee,136.98,36.39,51.14,88.09,931.01,8.597555343121986
apple,50.34,32.38,68.44,144.4,1134.26,11.884911748629062
coffee,145.54,14.04,92.47,470.08,4089.65,16.874365777022483
coconut,44.74,19.43,36.48,303.07,368.36,16.44836572917798
lentil,95.36,17.94,65.87,52.91,3259.05,9.932544759976066
rice,39.92,11.13,45.27,224.35,3040.01,12.269397140140985
mango,82.52,29.91,42.01,441.96,2900.84,14.141090166986114
grapes,116.14,28.1,84.98,344.69,2067.68,12.852578735587713
watermelon,80.83,22.92,66.42,142.5,375.34,13.61922523578622
chickpea,100.17,21.19,84.6,386.0,3958.98,15.24738442730198
coconut,141.98,33.06,49.08,155.82,242.68,11.818485248063292
banana,137.46,30.65,85.44,410.36,4439.22,16.6272363162898
coconut,142.5,33.24,36.31,256.37,4464.33,12.886970721250446
coffee,102.81,17.05,30.26,390.42,4362.03,15.666980740618474
watermelon,136.39,10.36,53.68,273.09,2858.72,10.412940057088488
coffee,57.44,37.06,84.86,426.57,842.32,14.0347255199924
coffee,21.2,37.24,48.66,190.82,3366.39,9.62498106280021
watermelon,43.49,29.65,49.49,65.77,2223.36,12.549924438687391
apple,56.74,11.1,81.7,257.24,1173.79,10.21295972874194
coffee,119.82,36.06,87.59,93.61,3160.25,9.460802151728505
apple,63.51,31.37,42.65,472.81,4836.63,14.92791468439802
maize,91.15,32.48,47.44,300.69,1793.34,11.219958290117882
apple,137.02,28.52,33.5,415.46,4935.36,18.359602946897493
muskmelon,71.12,20.34,48.3,433.44,4394.57,16.72053465981882
orange,143.25,35.97,32.03,142.08,1815.38,12.00987672002556
cotton,52.32,19.35,88.43,281.77,582.88,13.599986275048035
coffee,58.79,23.45,79.63,198.84,3337.5,15.16456029962547
rice,142.72,13.68,64.91,370.65,4971.89,12.445611226314336
jute,74.3,23.28,69.46,350.39,1515.61,16.852026576757872
muskmelon,121.01,31.22,63.17,177.3,3153.8,12.90671570803475
coconut,108.37,35.81,80.28,368.98,893.84,10.84910051015842
orange,131.42,19.21,76.05,144.36,1086.48,11.000055224210294
mango,137.82,25.58,50.53,277.93,3669.84,14.17914677479127
jute,108.02,24.81,57.57,368.5,3832.63,17.891411380696805
cotton,55.52,15.81,72.21,131.15,3767.17,7.63748649516746
coffee,60.98,15.71,91.27,247.2,4739.27,10.741658525469113
grapes,106.98,22.51,30.1,497.34,4497.15,18.75894288605005
muskmelon,77.6,29.05,82.21,345.19,2205.54,14.705455353337506
coffee,143.02,24.68,86.02,366.6,3265.57,14.70975051828624
mango,124.29,17.45,36.39,401.89,185.9,16.67186659494352
banana,73.7,37.17,37.82,101.99,3586.91,10.650086007176094
chickpea,131.33,23.85,88.5,461.97,1758.43,18.007080179478283
banana,40.16,13.36,47.29,255.92,3991.82,12.49579389852248
rice,59.74,21.89,68.17,97.15,1693.29,13.141842212497563
lentil,114.79,17.63,77.92,203.04,3348.52,11.893744101871873
cotton,102.95,25.45,52.37,415.18,1844.82,17.317673268936808
jute,26.01,29.94,31.48,64.72,1576.33,9.130473948982765
muskmelon,139.08,14.87,55.18,233.87,485.55,11.96640922665019
banana,99.67,37.98,72.02,96.03,313.95,8.758560280299411
cotton,115.8,10.65,66.66,362.77,329.3,13.631278469480716
rice,46.89,37.77,92.29,350.62,3439.98,14.14576247536323
cotton,95.74,34.9,81.88,422.22,4540.45,14.8224118754749
watermelon,102.8,23.1,81.26,382.48,2890.72,15.960757181601815
rice,125.62,24.15,32.4,414.71,3568.64,18.898941893830703
mango,105.6,13.24,68.31,57.9,4773.61,10.701523584876018
grapes,69.44,11.55,44.73,247.02,4768.35,8.120689546698543
coconut,31.64,27.86,61.39,360.4,180.52,14.123753600709062
jute,135.53,29.7,49.21,497.62,4488.89,15.87268344735558
apple,79.48,21.36,37.46,483.73,2531.25,14.632244938271606
lentil,59.09,29.92,54.43,491.49,793.12,18.67630371192253
grapes,33.03,20.28,64.33,193.13,1790.2,14.163529214612891
maize,89.15,26.07,68.82,380.53,1622.73,17.120667024089034
banana,73.83,17.13,88.81,296.71,3487.37,14.158881908142812
orange,27.97,35.04,76.51,166.79,4818.7,12.698586755764005
coffee,39.16,35.57,31.53,324.99,534.45,12.519487323416596
coconut,130.03,24.77,77.51,235.16,4505.17,12.882273032982107
maize,116.32,20.37,34.58,182.41,4681.22,13.550476157924644
chickpea,89.82,20.64,91.41,76.7,4508.13,10.721565260984043
chickpea,140.73,11.89,88.03,139.79,1354.55,8.27364807500646
mango,60.77,16.0,82.34,109.85,1656.5,7.148101418653788
maize,97.1,29.29,94.03,320.55,3342.5,16.049032161555722
orange,116.59,31.78,35.55,52.6,1741.73,10.095898905111586
lentil,105.31,31.35,53.12,144.13,4011.78,12.626659487808404
banana,29.31,27.49,53.13,490.05,50.03,20.83669798121128
rice,36.73,35.08,34.19,317.28,1138.81,9.485919512473547
coconut,46.1,30.92,48.36,201.41,3676.92,10.761224067969932
chickpea,58.85,10.81,37.13,241.81,167.6,7.9489260143198095
orange,107.17,25.65,79.15,226.03,707.75,17.97451077357824
rice,106.96,18.69,88.46,259.2,792.96,10.388304580306698
banana,128.84,13.73,93.1,118.13,3233.78,9.935125456895644
coconut,125.1,26.88,89.38,251.89,2438.71,14.661267637398462
jute,45.2,17.77,44.33,474.38,3260.48,17.34451062420257
chickpea,50.22,35.51,68.28,203.81,2064.97,11.658556782907258
chickpea,97.34,37.22,85.53,494.76,766.73,15.374329946656578
muskmelon,110.96,19.23,36.99,296.89,637.96,13.93552887328359
apple,39.95,14.06,41.56,499.59,225.09,15.086765293882449
lentil,64.66,16.35,71.37,54.95,3415.27,7.061734504153405
grapes,54.05,13.49,80.53,294.15,3490.39,10.719913820518624
muskmelon,65.23,10.16,39.88,235.94,73.24,9.15961223375205
mango,37.52,11.54,89.74,236.85,3630.84,7.271879234557292
orange,113.08,38.04,54.7,91.97,3266.34,8.661067127120875
chickpea,78.36,33.6,80.48,133.09,30.66,12.270058708414872
watermelon,35.83,14.6,73.19,403.33,4486.55,13.59443001861118
lentil,115.14,28.22,65.17,89.35,493.89,13.26718500070866
chickpea,72.77,10.65,89.71,221.97,1655.11,11.07331838971428
coffee,118.55,29.55,66.45,70.94,2065.95,12.160642803552845
rice,110.54,27.24,53.6,472.7,3898.48,15.877788266196056
coffee,107.81,15.36,60.8,299.6,1076.09,13.182809988012156
coconut,130.41,24.44,51.09,473.44,352.43,20.089265953522688
rice,69.06,34.24,85.47,65.34,1051.02,10.61578276341078
watermelon,84.53,12.25,65.53,293.39,150.48,11.214580010632645
apple,53.96,17.27,94.75,400.59,4373.59,15.83618034612298
orange,104.73,26.28,94.35,393.55,2976.9,16.442927206154053
chickpea,41.11,39.71,39.81,263.57,4203.4,12.400023790265026
muskmelon,53.43,38.13,47.74,469.79,1712.1,16.14454763156358
orange,124.21,18.76,73.77,411.13,2336.81,17.503147453151946
cotton,90.69,24.05,57.19,229.76,4983.72,15.041129919016315
coconut,21.56,20.25,89.83,219.36,550.12,12.992619792045373
mango,116.3,11.41,81.92,269.08,3993.49,11.850251283964653
coffee,85.73,17.37,92.16,365.51,2252.61,15.167223798171896
watermelon,135.34,34.78,86.54,381.97,3333.78,13.258781323302676
orange,144.45,23.09,62.16,61.6,1285.21,14.580901175683351
muskmelon,123.46,16.8,59.32,428.17,2832.95,15.531251875253712
cotton,39.31,26.26,91.34,334.11,4176.52,16.20712938044113
coffee,102.0,27.28,44.29,472.43,4573.43,15.919633622904472
apple,55.57,14.38,33.58,195.39,1982.48,12.089907590492716
watermelon,78.72,26.37,62.99,263.57,2654.84,14.43288861098974
lentil,123.23,24.32,72.54,51.26,4174.33,13.188231404800293
banana,129.18,31.71,75.83,173.66,3793.78,12.953639905318706
rice,71.27,35.81,43.19,268.48,2572.14,12.535382988484296
muskmelon,141.02,13.48,40.12,497.36,2334.17,15.983214590196944
grapes,81.21,31.36,75.77,215.31,2639.79,14.401028112084674
grapes,67.03,10.24,52.78,402.49,3103.63,15.421071455038131
coffee,40.29,10.71,34.35,195.49,3440.11,9.615445436337792
orange,32.7,34.53,33.73,479.85,923.42,14.27826990968357
cotton,108.61,39.91,70.07,96.59,4417.9,8.003784603544672
watermelon,27.8,28.27,34.06,81.8,2979.86,13.569526756290564
apple,148.94,35.42,47.27,255.27,2800.46,10.797351149454018
jute,109.56,31.16,55.92,173.19,2053.91,12.25809796923916
mango,42.3,35.1,34.39,241.81,2647.94,8.943831808877844
orange,43.6,36.09,63.6,468.48,1954.85,13.047758140010744
jute,67.31,17.75,52.04,92.75,652.57,9.258363087484868
coconut,54.96,31.76,35.51,391.91,1080.08,17.360167765350717
jute,91.98,18.03,94.22,319.53,4123.45,13.405997405085548
watermelon,65.56,30.0,37.47,179.77,4937.21,11.17871024323454
rice,118.88,35.98,77.22,162.5,138.76,13.45892187950418
muskmelon,137.82,27.59,81.7,70.05,4343.56,9.700862886664394
mango,102.59,21.59,58.2,440.0,1989.68,17.864405331510593
orange,65.78,26.74,87.49,397.28,4466.88,18.12414481696397
mango,114.69,19.75,43.25,120.53,1452.84,13.4222281875499
orange,147.18,24.85,69.74,102.01,1623.24,12.100582785047193
jute,50.5,24.5,62.14,283.99,910.34,15.164839510512556
apple,139.7,10.13,46.64,113.89,2677.3,10.70215889142046
chickpea,73.06,25.89,87.74,304.1,2581.72,15.650961374587489
orange,73.23,18.69,40.01,412.84,4176.11,15.275976925895153
banana,35.34,31.06,92.55,318.97,1978.11,10.574791088463227
jute,36.86,26.18,45.29,361.35,1853.92,17.734492318978166
coconut,107.9,39.62,75.7,132.51,3735.12,8.836934288590461
maize,115.12,24.56,67.44,499.4,837.28,19.3233207529142
grapes,33.08,19.72,64.99,136.29,3119.97,9.343730869207077
coconut,38.79,22.18,75.64,60.65,4096.29,11.801635138137192
apple,135.86,20.47,47.24,209.05,1408.6,14.108391310521087
muskmelon,85.9,31.09,93.81,282.86,3721.48,13.454399862420328
banana,108.62,31.8,39.11,245.3,3392.75,15.061419202711663
jute,130.37,28.53,61.67,273.34,2817.26,16.93889097917835
grapes,70.54,21.87,74.33,367.49,881.46,15.836135502461824
watermelon,147.23,14.32,59.78,241.01,2872.72,10.584042301372916
coconut,20.82,20.41,41.8,184.85,1540.72,12.936717898125552
jute,40.69,36.8,76.48,73.99,34.07,7.520692691517464
banana,128.15,16.14,74.95,354.44,3321.82,14.623483512050624
grapes,64.67,33.69,90.51,319.7,3445.84,14.248694077496344
coconut,98.28,13.91,35.81,343.19,3428.29,12.05141046994274
apple,138.07,13.81,52.17,56.27,3289.77,9.492228940017084
cotton,23.44,21.33,49.05,420.39,1870.61,16.510753176771214
coconut,39.31,19.13,93.07,78.32,335.85,10.149501265445885
muskmelon,61.94,10.29,78.6,235.64,2646.55,10.811690691655173
coffee,144.38,25.96,38.24,139.61,2638.62,11.929974759533392
orange,143.37,36.89,52.62,300.67,2896.95,11.282452234246364
cotton,97.39,14.75,41.92,402.39,4978.31,14.117134127846596
maize,60.46,34.59,56.33,173.35,1453.38,9.454113858729306
lentil,149.89,37.91,75.85,129.51,4835.9,8.43213672739304
coffee,137.14,32.14,52.73,329.57,2020.2,12.044678744678745
cotton,101.13,26.37,30.31,305.91,1966.66,16.832370618205488
mango,50.94,25.62,69.57,319.48,847.15,17.936540164079563
lentil,20.1,34.16,54.79,344.54,2057.4,14.05593953533586
rice,22.97,28.59,43.74,312.88,2857.73,18.23904637596973
muskmelon,53.55,11.1,60.49,268.15,3877.96,13.285116401406926
banana,52.35,38.44,94.84,468.32,1832.53,15.905322150251292
rice,43.76,24.02,42.46,119.42,93.29,12.519026690963662
orange,89.37,35.71,93.57,439.24,1699.11,13.718317236670964
rice,69.31,37.5,82.11,406.52,1645.62,12.513715195488633
cotton,137.57,22.93,86.87,294.57,4770.28,15.007175679415043
mango,39.53,12.08,47.02,438.85,656.45,16.671064056668442
mango,133.49,18.82,39.85,465.03,1038.87,17.856392041352628
rice,82.48,38.97,44.99,215.29,4599.79,7.700458064389895
rice,72.5,30.74,94.87,222.42,2744.34,13.020489443727818
watermelon,118.62,12.69,89.2,152.23,3312.68,12.116069164543513
orange,32.96,38.15,55.7,470.77,405.56,12.954186803432291
lentil,34.93,21.6,54.88,449.47,1298.97,17.016651654772627
maize,108.29,14.84,43.88,237.94,4516.46,12.376826098315938
orange,56.72,36.52,36.38,303.82,4673.64,13.926160337552744
rice,108.56,22.74,49.65,457.81,1047.35,19.842259034706643
watermelon,120.13,21.65,34.68,129.81,2204.89,10.95679149526734
lentil,33.94,22.5,59.6,389.91,4625.22,17.802536960404044
rice,43.3,16.12,35.41,379.58,4698.99,15.862357655581306
muskmelon,41.37,16.05,43.23,204.99,2584.17,10.19344315582953
chickpea,33.88,26.35,64.35,193.37,3146.14,15.080953168009051
muskmelon,89.29,22.9,58.06,283.16,1009.92,15.205293488593156
watermelon,80.33,23.75,82.73,245.04,3783.52,15.812769590222862
muskmelon,58.07,30.86,37.1,224.35,656.84,12.79734790816637
watermelon,130.33,12.58,66.16,121.03,2453.63,5.332992341958649
watermelon,109.96,33.89,73.64,158.57,933.78,12.301869819443551
banana,133.0,20.37,44.67,66.67,4629.93,10.135304421449137
banana,80.35,17.05,63.88,360.35,3813.57,13.444515244246205
watermelon,146.18,31.93,30.37,247.65,3194.98,12.455592836261886
cotton,71.97,17.34,48.68,376.57,4315.83,14.367495939367398
coconut,32.83,34.39,38.98,390.55,4537.29,14.946862554520427
chickpea,96.22,20.99,56.88,188.48,2394.28,11.378990761314466
lentil,77.78,24.4,54.57,461.68,1784.4,19.25582828962116
mango,96.91,26.04,47.86,108.82,4086.53,10.577257477615484
grapes,49.8,22.33,49.57,401.26,3072.51,14.383520314010369
banana,37.1,39.42,68.81,287.13,3126.43,10.302475986988355
mango,57.45,33.44,92.91,369.06,4558.26,16.543766700451485
cotton,49.09,23.73,33.83,383.19,848.3,16.322126606153482
muskmelon,144.81,30.85,37.48,121.46,4166.5,11.656635065402616
jute,97.56,10.98,75.8,486.8,3136.17,13.504255190247978
cotton,53.26,21.63,81.35,147.74,1649.37,14.325451536041037
coconut,49.18,39.37,79.22,336.76,892.14,9.23916649853162
mango,107.57,25.93,92.67,271.18,3702.27,17.961167067771935
apple,107.5,27.76,86.67,221.17,4928.05,16.143078905449414
grapes,147.69,31.07,85.68,57.46,465.69,9.777985355064528
maize,43.28,35.46,49.88,374.68,1385.21,13.019015167375343
coconut,131.78,20.49,80.44,284.17,848.05,15.26312127822652
lentil,22.85,33.76,40.59,463.47,611.21,13.869292060012103
apple,133.86,36.42,66.98,97.53,959.79,8.588514154137885
maize,36.72,12.44,74.53,90.7,4645.06,7.903501784691693
lentil,24.87,12.81,65.51,408.1,531.58,13.08245231197562
grapes,138.28,13.35,70.52,386.99,1122.75,12.404186150077932
jute,133.91,23.24,65.48,291.49,1907.72,16.09323171115258
maize,109.38,21.73,31.46,473.24,2684.59,17.859296950372308
rice,75.95,12.6,40.32,394.71,3221.7,14.233969643355994
mango,136.08,26.41,86.81,160.71,2995.63,13.915827388562672
rice,133.81,15.97,70.44,301.49,1211.48,12.48534849935616
rice,96.6,32.72,47.63,117.35,1387.2,11.165621395617071
chickpea,131.64,21.05,77.61,217.86,1813.04,13.474501389930724
jute,123.72,27.12,32.9,241.16,4092.97,14.335321294805484
watermelon,102.71,12.11,68.15,456.08,564.06,14.205651881005569
banana,85.9,34.49,61.63,269.47,813.21,13.60210769665892
lentil,71.36,17.26,48.78,491.12,543.05,18.347168768989967
muskmelon,111.63,38.02,82.04,252.06,564.0,12.398404255319148
jute,74.8,18.04,40.1,261.07,495.48,12.49362234600791
grapes,53.74,39.56,59.33,129.42,3588.07,10.168140532375345
banana,65.36,27.71,44.21,489.08,4053.51,18.067516794087098
grapes,79.32,32.53,45.6,425.56,96.36,13.554275633042757
muskmelon,142.14,22.43,76.63,451.69,2262.71,17.168033022349306
cotton,31.11,14.96,42.88,224.82,2382.13,9.72977965098462
coconut,69.18,23.94,52.63,416.07,3922.71,19.73244517183274
watermelon,131.11,36.41,43.25,192.06,4861.3,10.767806965215064
muskmelon,106.68,31.49,37.61,136.78,2498.15,13.761311370414106
lentil,88.78,39.1,80.64,82.38,62.45,8.060688550840672
apple,54.72,32.99,58.14,249.77,4817.16,12.898458842969715
cotton,53.67,31.31,79.64,198.49,2163.77,12.88130901158626
mango,125.12,29.5,56.66,290.8,600.72,17.08210147822613
rice,77.48,27.07,54.49,397.08,1588.24,15.983245605198206
muskmelon,95.63,23.52,80.23,150.97,4083.84,14.330086389280677
coffee,138.84,29.8,84.83,447.84,2364.73,16.524025998739813
cotton,25.04,33.36,86.33,366.67,4960.59,12.63682747415126
orange,133.23,23.97,73.02,219.62,2739.21,15.716973141891271
mango,60.94,23.87,77.41,261.76,4716.7,15.813221107978036
watermelon,20.29,13.64,32.42,130.69,4192.59,8.995065102955452
muskmelon,44.24,21.5,33.92,106.22,2858.14,13.813718012413668
grapes,24.67,14.3,53.3,462.13,3602.22,15.930434565351367
lentil,98.01,17.86,43.63,191.26,2164.47,10.506909312672388
banana,108.89,27.63,70.33,397.03,100.51,17.852850462640532
jute,109.41,33.35,33.5,173.56,2902.86,11.524251944633912
chickpea,55.01,23.43,88.42,205.42,1484.34,17.011776277672233
lentil,50.53,22.77,39.88,58.25,429.16,11.896635287538448
grapes,27.87,10.39,68.5,222.03,4824.62,9.239061314673489
mango,107.59,14.09,71.11,423.84,1209.85,12.47222382940034
jute,35.51,21.71,56.67,486.15,4383.25,17.633078195402955
orange,96.54,36.39,78.95,134.95,2000.24,9.601662800463943
apple,111.86,31.16,36.61,279.43,4746.62,15.264640944503668
grapes,43.68,38.97,49.14,220.76,1192.88,10.127255046609884
lentil,98.36,35.64,37.03,289.6,4458.59,14.484166519011614
coconut,142.5,10.51,30.21,389.04,739.72,11.9688125236576
orange,107.26,27.72,66.35,450.49,2150.85,15.52122649185206
grapes,92.83,20.82,60.2,290.62,2563.73,15.71882374509016
banana,62.03,18.48,93.24,269.01,2173.94,11.889615168771908
grapes,74.75,17.32,53.49,246.57,1896.01,14.45643746604712
maize,94.83,17.08,80.1,288.55,3746.26,13.96749291293183
muskmelon,68.91,39.47,52.18,276.51,2855.63,12.95822638086867
orange,52.13,27.75,76.6,417.91,4363.45,16.196566936712923
muskmelon,122.5,23.1,66.14,214.16,3663.02,13.813320702589667
banana,46.25,27.23,68.44,120.75,4098.67,12.745207591730976
chickpea,102.74,17.6,35.48,348.64,4144.24,15.600626411597784
apple,93.74,19.78,39.44,361.0,4512.48,17.976963886820553
coconut,34.17,37.68,82.08,269.49,3892.48,12.394586484708976
coconut,110.44,15.57,67.4,76.76,2507.6,13.39816158877014
orange,122.46,15.72,34.4,278.21,4726.75,11.375875601629026
chickpea,133.25,22.36,71.25,126.87,2811.69,12.92089099438416
banana,115.54,19.18,88.89,68.62,3334.39,11.437537300675686
apple,149.17,27.71,75.11,470.95,3199.18,19.942891615976595
rice,125.43,14.79,51.07,348.56,2696.62,11.568452358878892
rice,111.51,32.81,93.88,146.04,1488.79,12.386488356316203
coffee,125.65,33.92,56.62,495.1,2083.01,17.853951733309007
orange,22.84,39.22,77.64,271.86,1206.63,10.972725690559658
jute,127.22,20.94,72.82,478.1,4013.19,17.192649737490623
maize,114.04,34.96,37.1,434.29,1434.94,13.811323121524245
muskmelon,93.05,14.25,94.62,298.13,3946.06,12.723083278003884
lentil,91.88,15.42,33.48,465.73,1730.18,18.236749933532927
orange,87.73,10.5,87.3,317.92,1020.23,10.82495123648589
banana,76.75,39.52,34.59,471.92,4060.44,13.095243372639418
chickpea,31.06,36.27,77.26,235.02,1920.79,12.12370951535566
watermelon,47.44,15.12,80.5,253.86,3423.03,12.19969734416584
grapes,61.55,37.69,40.56,407.41,3640.69,15.16004109111185
orange,123.31,26.99,44.8,63.3,54.32,10.860272459499262
watermelon,35.6,19.98,89.0,153.48,1149.96,11.13841351003513
mango,45.02,16.6,47.98,276.37,4325.06,12.64304310229222
chickpea,83.5,15.88,61.74,241.17,175.69,10.258068188286186
rice,98.97,35.42,89.36,80.82,2520.95,9.007862115472342
chickpea,88.29,33.48,67.96,89.71,3628.58,9.05910300999289
apple,117.37,16.66,84.47,323.34,4391.33,14.207896013280717
chickpea,22.76,17.44,89.24,301.79,3417.54,15.81589681466786
jute,79.09,39.18,71.95,262.18,2507.97,13.299461317320384
muskmelon,130.53,10.07,58.63,317.65,3153.66,10.370207948859422
rice,28.62,22.98,84.08,349.39,247.0,16.549271255060727
grapes,115.28,19.61,58.16,468.36,3513.08,16.716983387796464
grapes,140.81,18.29,46.8,442.32,400.45,15.63241353477338
coffee,116.99,37.17,94.92,279.54,2045.8,10.877593117606803
rice,20.26,37.69,91.59,50.74,4640.92,5.9155641553829845
grapes,119.61,33.73,41.17,155.57,2234.14,12.47120144664166
apple,147.87,22.35,62.33,125.66,4314.13,14.73830876677337
grapes,78.28,35.86,75.42,147.74,3770.11,11.62499767911281
coconut,21.78,34.25,42.61,360.16,4993.01,13.103396548374628
watermelon,146.9,11.86,59.38,387.81,1212.88,12.636443836158564
maize,80.86,18.84,56.68,407.4,1741.46,13.715956725965569
muskmelon,78.22,17.49,66.14,92.62,3607.59,7.701626293453525
banana,41.29,19.51,65.49,460.01,1918.12,15.431245177569703
banana,85.19,38.69,90.85,215.31,1671.74,9.900474954239296
maize,139.01,30.53,60.94,334.58,4130.21,17.00509417196704
banana,81.1,23.97,94.84,218.21,2072.05,16.598315677710477
muskmelon,70.16,26.15,69.83,413.81,454.61,19.84547194298409
rice,59.67,10.99,47.25,188.05,3430.88,7.889174206034603
orange,67.98,38.32,31.96,456.58,2625.64,15.591939489038865
grapes,69.71,12.03,56.82,458.84,4455.06,16.639286564041786
rice,79.11,30.33,48.66,488.73,267.94,17.646114801821305
coconut,86.69,16.01,85.63,66.83,2403.49,12.707408809689245
grapes,110.51,19.8,76.19,348.87,992.02,14.13067276869418
rice,27.98,37.93,46.68,135.83,1851.3,8.038632312429105
banana,104.63,27.69,63.8,271.4,195.56,14.46885866230313
orange,75.01,19.73,31.39,89.29,4124.6,10.882214032875916
lentil,71.03,32.57,43.1,330.54,3557.39,13.336224029414824
cotton,100.42,25.42,30.96,472.64,4193.69,17.12181157882438
coffee,96.01,24.2,68.66,102.54,1612.35,13.880236921263991
apple,55.39,28.98,90.28,447.49,4018.03,17.45463821823132
grapes,78.72,24.9,64.68,216.0,1518.06,12.926241387033452
muskmelon,103.52,39.17,42.18,422.27,3864.73,14.723196704556331
mango,34.46,15.15,60.45,264.57,3396.27,13.218557417402032
maize,142.24,36.52,32.59,99.85,4261.36,9.716883811740852
coffee,130.97,15.04,92.25,225.28,1116.45,11.474002418379683
grapes,35.53,39.92,89.28,175.47,3415.2,5.81578824080581
maize,127.66,26.3,67.84,152.63,4568.95,14.062565797393276
chickpea,41.32,32.66,72.52,337.24,4586.56,15.163758895555713
cotton,134.99,17.87,31.4,361.22,4343.57,13.871667775585522
banana,118.73,19.26,48.19,358.15,2904.74,15.864277009302038
apple,38.75,32.35,64.56,316.73,4435.01,11.983384479403654
coffee,105.34,14.9,89.62,382.04,217.06,15.618907214595042
coffee,107.36,27.52,60.37,223.52,651.94,13.309261588489738
lentil,44.55,14.1,92.2,115.22,2661.7,13.0425066686704
muskmelon,81.34,24.33,37.82,176.03,4853.77,15.798838840736169
orange,25.11,34.89,68.37,105.83,3820.21,8.796163038157589
lentil,29.8,27.49,32.87,79.6,3722.92,9.271644300710197
maize,31.92,10.47,87.3,215.37,3377.23,10.973833585512388
watermelon,119.48,34.0,80.87,470.88,3536.17,15.280925407997918
chickpea,22.37,15.05,63.5,204.91,2933.8,11.551646328993115
lentil,40.12,32.31,51.29,158.41,2688.47,11.074830665769008
grapes,52.8,31.04,72.64,164.12,2734.81,10.922290762429563
lentil,28.11,19.77,62.65,57.91,1735.84,11.81932090515255
grapes,82.71,39.93,43.57,303.13,761.16,9.09158389826055
mango,53.01,29.82,36.37,196.22,3216.69,12.908859728478657
apple,28.92,33.63,73.34,418.15,1925.86,13.876512311382967
coconut,67.01,23.28,53.86,233.37,3583.54,15.660461443153975
coconut,129.78,38.68,34.16,348.48,4505.22,11.29473366450473
watermelon,138.62,21.99,63.14,334.36,2456.49,15.302004078990755
watermelon,40.33,32.83,75.15,338.55,1067.25,12.214082923401264
watermelon,75.14,38.06,69.44,267.62,1491.77,13.084865629420085
apple,93.74,24.83,45.27,432.8,3559.09,21.46569207297371
banana,49.5,20.67,31.32,465.93,4890.49,17.76326094113269
watermelon,64.64,17.85,72.69,266.31,1230.52,16.189261450443713
apple,63.38,13.07,40.96,155.75,1741.95,8.230609374551507
apple,35.35,39.05,45.01,482.03,513.82,14.425362967576191
rice,54.72,19.98,45.85,241.13,1959.04,14.335184580202547
orange,70.75,29.62,41.6,185.27,2429.4,15.495986663373673
jute,66.75,19.82,32.88,427.71,1094.26,17.471944510445415
muskmelon,53.59,16.84,60.36,252.14,3250.0,11.033304615384615
maize,135.71,10.13,94.31,88.33,3022.25,7.900061212672678
rice,50.47,31.83,79.98,62.21,1711.41,10.170648763300436
apple,126.64,22.75,80.03,380.06,793.71,16.535598644341132
banana,74.15,18.13,48.52,317.05,4567.32,14.30483303118678
chickpea,76.3,31.4,40.53,111.0,3815.86,10.480730425120418
coconut,147.33,30.91,47.27,450.29,780.27,16.329821728376075
banana,112.63,32.73,44.59,177.69,1644.5,10.936114320462146
watermelon,57.9,29.78,59.81,208.41,4826.62,12.577060137321771
coffee,86.77,26.48,62.9,148.45,2619.29,14.007028622260233
mango,120.15,24.5,33.56,76.45,1837.68,14.396423751686909
banana,92.67,35.47,76.33,111.88,4216.85,9.19258214069744
watermelon,105.94,37.42,70.97,253.23,4702.49,13.477912765364731
watermelon,38.69,22.72,61.5,445.1,188.13,17.964173709668845
coffee,20.71,22.66,66.11,215.28,2831.04,13.6715659263027
orange,42.35,15.54,84.46,135.75,4380.34,8.660364263961243
mango,149.32,31.87,34.55,422.28,495.06,13.2420312689371
chickpea,118.18,25.87,52.58,108.07,1342.19,11.488172315394989
chickpea,59.6,36.32,31.82,170.61,2239.65,8.529506842587011
banana,60.9,30.92,78.52,221.7,1806.83,14.898136515333483
rice,124.18,19.27,74.57,462.79,4976.75,15.3173295825589
muskmelon,63.72,35.48,60.72,88.06,987.1,8.412734272110221
coffee,101.0,24.25,66.43,70.02,4282.79,12.65701330207645
orange,131.76,33.25,47.18,126.74,495.56,11.85575914117362
jute,44.25,36.57,80.87,461.94,3296.48,14.013799568024076
banana,46.31,23.01,37.88,278.04,2864.78,15.020608912377211
banana,49.01,15.29,52.83,253.71,3699.8,11.345159197794477
cotton,106.84,30.33,33.85,478.61,1855.08,14.68602971300429
maize,98.22,21.51,62.46,431.7,3311.24,19.0020264311859
coconut,100.8,39.07,41.99,395.57,1900.23,11.096677770585666
grapes,132.8,28.18,47.8,323.59,1348.66,16.021925466759598
orange,134.12,35.55,55.13,396.48,722.53,15.610562883202082
jute,114.0,15.22,93.55,204.35,4551.07,9.810899414862876
jute,135.77,19.97,88.58,327.0,3213.38,15.673736066073728
lentil,141.7,29.2,59.29,59.57,3120.59,10.550671507631568
jute,85.44,22.93,58.37,148.95,2554.15,10.792917408922731
rice,117.42,24.86,93.87,197.4,1890.01,16.45869069475823
apple,30.32,33.91,86.29,147.07,4948.1,10.622861300297084
coconut,138.18,10.56,91.57,359.56,1716.66,10.394714154229725
chickpea,44.14,29.23,42.75,101.12,1297.62,13.26334365993126
coffee,97.58,30.74,32.91,234.22,2079.33,12.500459282557363
banana,113.16,21.21,55.83,101.4,3353.7,12.710406416793392
lentil,65.57,32.86,74.2,308.26,3781.88,15.470855764857689
grapes,108.65,33.62,30.14,380.93,3773.4,15.859524566703769
jute,110.85,25.84,87.97,167.46,324.76,14.282762655499448
mango,118.29,15.32,49.92,82.69,2240.57,8.419973488888989
orange,90.07,38.99,77.18,243.79,2041.86,12.072081337603947
rice,78.08,35.05,73.35,247.22,1440.0,13.925819444444445
cotton,144.97,14.51,55.71,373.01,163.67,14.022973055538584
mango,74.92,39.01,37.39,449.88,4030.37,15.806657949518282
rice,84.17,37.49,61.8,87.54,2043.65,8.46017175152301
lentil,119.0,17.73,64.83,169.19,1598.58,11.563781606175482
coffee,95.17,32.02,91.47,222.25,2428.43,14.178168610995584
banana,97.46,35.72,37.98,273.64,2758.41,13.177489930793463
banana,122.88,36.6,65.6,376.58,1299.9,12.41073928763751
muskmelon,117.65,33.67,66.1,178.46,943.0,10.116002120890773
rice,62.08,30.68,90.11,448.51,189.04,16.602094794752436
coffee,59.02,32.91,35.15,411.88,1478.33,15.105673293513629
rice,96.41,39.85,80.5,81.74,2867.82,8.645922686918983
coconut,118.45,38.15,35.36,384.19,762.58,10.66928060006819
jute,67.91,24.33,84.26,51.26,4943.01,11.572325364504623
mango,146.9,36.45,76.48,98.83,338.24,9.2648710974456
maize,109.15,29.28,91.68,201.79,784.55,10.32247785354662
cotton,112.62,18.85,32.02,235.26,3958.59,12.201566719463242
cotton,46.7,19.7,88.08,279.78,1752.7,17.92691846864837
watermelon,38.5,23.23,56.72,253.24,2320.99,11.55934751980836
maize,25.71,25.23,92.97,166.4,1425.93,12.471853457042071
chickpea,149.11,29.78,61.68,333.86,464.31,14.185264155413408
apple,138.82,35.96,37.85,470.36,1290.96,12.859391460618454
lentil,66.39,15.07,68.08,231.29,3415.41,12.184964616253978
chickpea,30.22,37.78,87.34,220.02,4682.63,7.901463493805831
coffee,30.4,20.9,88.87,91.18,3283.51,12.29267765287756
banana,60.11,14.32,59.75,146.19,37.24,7.574650912996777
watermelon,27.86,18.91,70.51,228.69,3319.25,14.71803871356481
rice,51.49,34.49,71.95,236.49,1174.67,12.380941030246792
apple,42.26,12.03,91.24,357.04,317.81,13.499386425851924
coffee,105.34,37.83,88.34,132.67,1508.2,7.456743137514918
rice,146.54,10.93,44.65,302.86,3236.59,13.426597128459273
cotton,70.74,17.2,82.63,462.76,3814.67,18.012257941053882
coffee,84.5,25.28,85.72,54.1,55.23,13.775484338221982
mango,65.54,26.07,36.52,498.22,1197.59,18.57848679431191
coconut,54.36,30.0,82.39,56.28,4087.08,9.912849760709358
banana,92.74,33.45,62.87,444.88,4808.44,14.422095315736495
orange,88.32,31.73,33.35,88.28,2981.58,12.724002039187276
apple,74.25,13.93,48.92,80.74,4194.87,8.159735581793953
coconut,94.03,35.44,88.8,179.14,1135.2,11.244485553206482
maize,57.69,18.85,35.1,352.6,828.86,15.851108751779552
banana,62.49,15.13,61.94,431.9,3981.77,14.118886826712744
coffee,139.64,13.29,56.61,71.58,4381.39,7.662700649793786
cotton,111.98,37.89,38.05,75.05,916.98,6.28062771270911
banana,60.32,24.83,60.91,78.22,4114.25,11.889518138178282
coconut,140.22,20.19,88.83,250.7,1467.21,13.475262573183116
apple,120.07,25.14,61.45,403.88,4558.81,17.298683208995328
cotton,139.57,13.8,58.54,232.93,573.96,10.690135201059306
cotton,95.25,26.72,87.75,375.68,2192.4,18.497089947089943
orange,142.54,13.51,67.46,231.42,3790.77,11.103746732194251
rice,45.18,38.04,82.68,354.48,3435.67,13.074596803534682
maize,146.36,37.38,42.63,367.36,1228.03,15.17549245539604
apple,103.79,20.64,84.29,400.08,3217.69,16.76726471474878
chickpea,77.78,15.42,75.36,67.93,3441.3,8.429875337808387
lentil,94.6,29.21,87.83,188.66,4721.63,11.085351880600555
rice,127.9,14.06,88.21,109.67,4250.06,6.263871568871969
coconut,66.9,39.96,38.66,182.26,1063.69,9.398584173960458
coffee,78.42,24.47,91.72,489.9,3188.22,17.646489263601634
orange,26.12,27.85,91.83,60.64,3396.35,13.21724498358532
banana,101.07,12.85,74.43,366.71,2454.47,11.129074708592894
grapes,32.05,17.7,39.72,482.65,1449.33,14.757936425796748
grapes,65.76,34.11,92.66,426.61,1509.88,11.88939518372321
coconut,59.26,11.03,75.06,483.76,240.25,12.418688865764828
chickpea,35.44,33.8,69.48,158.79,2460.4,8.79565924239961
mango,132.99,33.14,38.18,464.48,3825.19,15.95793150144176
orange,65.81,25.69,62.18,162.76,2227.93,15.0406835044189
orange,141.02,32.33,50.35,442.25,461.69,16.22560592605428
banana,147.19,11.26,54.26,108.4,3359.89,9.03674525058856
coffee,116.03,13.27,30.78,187.82,2586.23,12.287723829667122
banana,39.16,38.67,70.08,85.09,3522.01,3.588527573743402
cotton,57.38,18.95,74.5,235.74,4071.37,16.392892318801778
mango,115.87,24.74,82.48,213.3,3279.64,15.8675799782903
cotton,94.34,20.52,82.79,468.24,2293.92,13.162246285833856
lentil,65.59,19.15,65.52,167.68,1171.02,11.9563286707315
lentil,89.0,11.21,37.62,279.59,3611.33,10.315745168677468
banana,88.71,29.42,51.58,346.19,3685.63,14.658370482115677
banana,25.75,28.3,41.68,369.83,2358.02,17.071971399733677
maize,44.42,28.72,85.28,206.55,235.73,11.644466126500657
maize,125.48,26.26,74.68,293.7,4144.49,12.909255421053013
jute,93.39,26.21,78.08,433.03,1275.91,19.96503671889083
muskmelon,133.23,21.99,34.83,111.71,1106.97,13.163437130184196
mango,128.09,26.69,52.07,298.83,4436.43,15.362007289645051
apple,84.35,26.24,74.5,446.17,299.21,18.757628421509978
grapes,62.59,30.26,58.81,361.9,1102.74,14.456589948673304
cotton,136.0,20.49,71.28,388.18,948.99,15.229496622725213
muskmelon,61.81,15.32,82.56,52.54,26.47,8.986777483944088
lentil,126.42,14.73,63.61,116.71,4827.13,9.943471586636363
chickpea,124.51,24.12,93.03,278.2,1912.7,14.314644220212264
apple,39.07,39.69,52.82,438.9,1448.27,11.83684672057006
mango,36.05,30.8,68.7,77.17,934.01,10.248766073168383
apple,118.17,25.24,68.97,242.86,3982.44,16.46934542642199
mango,133.13,21.81,54.6,322.5,2782.15,16.79666804449796
maize,102.53,12.24,75.79,406.02,1012.39,12.859629194282835
coconut,31.99,21.61,57.35,280.31,4809.52,12.749072672532808
coffee,80.55,27.99,33.29,345.7,2078.5,17.6136588886216
banana,77.26,30.91,61.05,360.21,1643.47,13.697962238434531
muskmelon,50.18,32.12,45.02,133.26,1026.57,10.662029866448464
coconut,27.23,13.83,57.2,253.17,1019.87,10.31107886299234
grapes,110.03,18.73,48.89,50.68,2129.32,9.66465350440516
cotton,111.55,11.88,76.66,100.32,2889.89,10.042922048936118
watermelon,31.23,13.96,38.02,150.8,3706.6,12.655498300329144
banana,125.82,31.35,61.22,397.0,2361.11,16.405309367204406
cotton,24.92,27.29,86.31,468.74,4961.18,17.49673464780556
cotton,50.99,15.01,51.22,462.53,2439.7,11.673918924457926
chickpea,29.68,18.52,52.91,455.74,3318.18,17.23642780078236
watermelon,65.08,27.76,54.9,180.12,818.09,13.781759953061398
watermelon,44.38,19.03,46.0,492.39,2009.59,14.277200822058232
watermelon,89.7,17.0,38.93,219.06,2257.88,13.80086629936046
mango,26.46,26.45,57.78,91.7,642.88,13.305391363862618
rice,69.72,28.37,71.05,84.87,306.1,12.05700751388435
watermelon,22.13,29.43,88.63,91.47,577.81,12.06910576140946
maize,119.78,23.02,94.94,313.69,3872.1,14.075597221146149
chickpea,95.01,33.16,70.18,52.01,1993.43,10.195452060017155
banana,95.26,14.92,47.23,62.86,511.43,7.555481688598635
coffee,86.23,22.53,37.82,429.05,131.76,16.49430783242259
muskmelon,140.9,39.69,68.96,298.66,3382.1,10.191721120014192
cotton,97.24,35.03,81.17,462.7,1091.43,15.57739845890254
apple,121.18,33.73,68.08,473.33,4146.18,15.498422644458271
orange,49.52,20.87,47.08,368.23,718.11,13.992229602707104
chickpea,145.48,39.57,61.76,361.56,4501.38,11.555609613051995
rice,90.69,35.92,77.38,346.99,3846.65,13.01275655440448
muskmelon,89.08,19.92,58.34,437.36,1320.75,15.66525080446716
coconut,81.73,13.36,62.95,117.5,3938.28,8.378954772134028
jute,142.25,10.32,69.02,458.9,4894.92,10.009001168558424
coconut,36.59,14.68,77.15,373.44,910.53,11.18217960967788
banana,57.93,15.77,32.21,167.08,4191.63,9.229125662331835
watermelon,102.14,13.4,69.19,230.02,1075.57,10.291213031229953
grapes,76.56,34.78,70.37,120.59,1751.45,11.258380199263469
coconut,90.98,28.94,47.44,187.75,2318.13,15.990928032508965
coffee,57.27,32.34,92.57,264.61,251.86,13.396410704359564
apple,81.14,24.9,88.98,284.99,4744.33,19.85905912952936
orange,142.98,19.99,31.89,377.78,4422.02,14.645220962365617
rice,23.8,18.67,51.48,228.39,3615.88,13.532346206179406
maize,93.28,26.1,62.44,321.4,672.17,15.97750569052472
cotton,100.16,37.87,62.71,488.4,4584.69,14.302452292303297
jute,53.86,24.08,30.25,449.2,1529.2,20.2483520795187
muskmelon,94.96,24.44,62.58,382.35,1618.71,20.085426049137894
maize,87.16,39.62,53.21,366.87,194.6,9.801901336073998
chickpea,95.13,37.92,64.11,272.15,3333.7,8.959024507304198
cotton,77.58,28.94,36.39,51.42,2916.34,12.217124889416183
banana,57.96,32.75,89.25,113.2,1079.41,9.501366487247664
lentil,51.34,34.21,91.16,305.01,1762.35,13.07976281669362
chickpea,88.12,22.14,34.31,292.7,544.54,13.698332537554634
orange,53.59,35.2,38.29,192.37,3235.71,12.394411118425325
mango,61.86,31.78,70.81,222.7,3764.06,11.720846639001504
chickpea,73.21,30.02,44.7,432.18,2145.25,18.341857592355204
rice,108.13,20.76,78.02,167.52,958.26,14.412048922004466
coffee,84.14,10.39,85.83,409.33,3655.35,11.821543764618983
jute,95.4,14.08,62.51,457.62,2800.82,13.403628223163215
chickpea,122.6,18.08,34.89,102.1,1832.13,10.24756431039282
maize,139.99,39.74,73.35,95.82,2865.18,8.440935648022114
watermelon,32.27,24.5,53.75,312.96,462.97,19.4740263947988
orange,31.16,12.96,37.04,137.56,4721.36,9.591266075876444
muskmelon,100.56,30.41,80.96,256.29,2714.69,13.217763354195135
muskmelon,50.85,13.95,67.81,293.11,1830.51,13.05423625109942
orange,54.15,13.55,59.4,240.34,295.75,9.909010989010987
jute,81.82,29.1,89.23,252.94,3865.33,14.070206166097073
maize,59.02,13.64,87.45,147.6,2880.9,9.471887257454268
lentil,107.86,25.12,72.53,479.35,1726.83,18.86256319382916
orange,120.85,17.8,42.29,387.08,1000.56,15.074128488046696
lentil,107.47,14.78,64.17,406.04,2453.46,14.581647958393452
rice,148.99,20.83,31.02,262.31,4345.2,16.457267789745007
lentil,148.98,11.09,82.85,89.69,170.22,6.963106567970861
chickpea,101.19,19.04,56.59,142.13,889.57,14.139640500466518
cotton,146.93,33.72,33.38,382.51,1386.54,11.508539241565336
grapes,95.66,31.66,34.69,157.1,3682.02,12.961140895486716
jute,73.21,35.05,79.1,220.1,1839.42,11.609936827913144
coffee,34.52,22.17,68.78,77.26,3671.65,12.114087671755206
apple,87.93,28.66,34.14,199.6,4951.78,12.670302396310015
grapes,70.23,14.54,56.31,242.54,4709.24,11.23762645352541
chickpea,22.96,39.34,30.27,164.42,543.16,7.464651299801164
jute,134.81,35.56,31.79,247.71,2054.67,13.670180612945144
coffee,27.51,18.32,75.41,146.5,3398.92,10.859434761630164
grapes,52.66,29.66,91.91,479.21,1083.44,18.09853799010559
orange,76.28,22.75,38.71,268.37,2661.09,14.082680405397786
banana,44.88,33.5,66.2,74.84,1640.15,9.129963722830228
watermelon,94.07,14.54,65.04,65.18,794.27,8.646757399876616
coffee,30.03,22.0,61.4,479.54,3144.2,15.39227466446155
rice,137.77,14.36,59.11,168.94,88.76,8.545065344749887
lentil,91.18,26.03,78.63,460.55,4787.17,18.88551900183198
maize,66.82,28.05,33.7,400.24,4451.33,18.47096261117464
coffee,98.93,31.37,73.23,216.72,898.87,13.185855574220968
jute,47.27,14.5,75.91,401.56,4091.92,14.46885080842245
coconut,39.54,25.38,43.69,343.2,745.35,16.075454484470384
rice,94.61,26.93,69.23,300.97,1770.97,14.996532973455224
chickpea,142.44,31.95,42.07,62.99,1784.23,10.947030371644912
grapes,110.2,20.26,43.82,373.77,2721.95,14.869009349914585
muskmelon,78.15,14.72,32.53,210.46,2335.97,9.18529775639242
apple,42.48,13.77,76.0,416.07,1027.34,12.158993127883662
watermelon,68.16,22.4,57.22,369.95,3365.43,16.65791592753378
coconut,55.35,39.99,40.98,260.06,3851.48,7.924421261437161
jute,98.14,13.31,42.64,172.63,3264.84,8.995371901838988
watermelon,123.25,32.35,53.33,464.64,2958.3,16.00369468951763
cotton,90.48,18.21,77.6,65.81,4320.89,10.425338298359828
orange,46.54,18.46,69.68,55.83,344.75,8.813226976069616
mango,111.03,19.32,46.85,480.56,363.07,19.89376704216818
chickpea,106.76,14.94,75.38,160.12,4558.49,11.674398759238256
apple,86.44,17.35,44.6,216.12,2023.55,13.254819500382991
banana,95.43,12.25,89.21,65.46,2534.5,8.144699151706451
coffee,140.57,15.74,41.37,384.77,3653.17,14.888543374658171
coffee,91.5,39.71,58.43,314.67,4250.22,8.570441059521626
maize,94.45,23.78,83.77,370.9,334.38,15.718523835157605
watermelon,84.57,26.48,61.46,315.43,2699.32,13.430482491886844
orange,64.61,22.91,67.43,119.3,3668.21,13.217054094503858
coffee,139.76,36.11,58.81,354.32,2596.42,12.189572565301454
cotton,128.74,31.77,58.68,54.9,3535.1,9.928777120873526
grapes,135.05,19.27,49.12,442.65,800.57,16.279700713241816
jute,63.67,28.97,34.77,425.81,1523.87,19.677505299008445
chickpea,105.09,15.06,61.31,286.23,4157.38,10.892268688452823
jute,115.24,22.44,50.11,370.13,668.47,17.874788696575763
watermelon,47.52,18.39,77.69,139.24,4481.8,11.698995939131596
grapes,97.26,29.17,88.54,53.49,1265.56,10.56082682764942
muskmelon,126.08,32.41,59.68,152.25,4638.56,11.02616760373909
rice,28.1,11.38,34.39,349.64,642.74,12.880558235056164
coconut,110.71,34.49,58.3,181.75,255.52,12.076667188478396
orange,108.81,29.46,68.51,369.47,531.16,14.416145794111005
rice,33.76,30.68,44.46,50.42,4171.24,13.57355366749456
coconut,129.03,24.92,65.63,214.82,995.54,16.636307933382888
banana,104.78,12.41,62.61,377.78,1406.74,11.26190340787921
rice,54.64,26.19,37.78,299.73,3376.5,16.736848807937214
banana,145.22,35.72,75.68,226.08,3281.96,9.380467769259832
banana,86.67,25.55,89.58,427.52,1806.71,19.97229771241649
coconut,24.53,20.91,53.14,395.66,1345.21,14.575397149887378
orange,140.64,30.82,84.33,188.78,4020.76,11.930008257145412
orange,97.48,37.09,39.19,156.11,408.31,10.613700374715291
orange,44.77,27.23,91.47,150.73,3863.86,14.744587019198416
mango,143.53,37.58,80.52,349.55,2003.27,11.53142112645824
rice,53.76,25.44,63.87,197.29,4532.14,12.66691893895599
lentil,38.06,17.91,51.98,394.14,215.81,14.786664195357028
coffee,83.26,26.47,53.69,102.27,52.0,15.631730769230767
orange,71.57,36.11,31.62,76.67,2502.22,6.076224312810225
coffee,36.39,38.56,66.21,63.0,2559.81,8.125657763662147
coconut,81.2,24.89,38.88,172.84,2914.56,15.095462093763723
jute,70.74,25.38,85.31,367.81,4203.06,17.89295656022041
chickpea,28.49,23.06,36.25,464.95,4312.43,17.744459620214126
coconut,121.56,37.05,34.15,400.14,3484.06,12.86138298421956
apple,39.21,38.05,67.69,133.86,3235.05,9.007659850697824
cotton,147.37,14.44,91.84,263.81,679.8,11.095042659605769
watermelon,70.35,39.86,60.41,155.86,3651.16,9.449550279911042
rice,134.97,27.22,86.97,353.98,4735.3,16.75525732266171
chickpea,103.59,22.71,71.0,401.16,1999.03,18.09551132299165
rice,118.86,30.67,43.45,405.49,2406.3,15.220329967169512
watermelon,65.15,15.65,86.25,161.41,1448.03,10.325946285643251
orange,34.33,30.1,90.63,472.79,2901.83,16.04996502207228
coffee,71.32,28.75,92.23,462.18,1678.06,18.897006066529208
grapes,119.76,27.58,51.57,207.46,781.87,13.227275634056811
mango,135.31,22.6,64.79,304.21,3614.01,12.897681522740667
apple,70.67,15.74,41.66,414.08,3657.04,12.087890753177431
muskmelon,140.19,20.15,41.94,310.99,1084.48,14.662713927412216
chickpea,44.3,36.21,88.76,99.77,1780.28,9.344114408969377
rice,39.44,29.98,86.16,331.66,467.23,15.708387731952143
muskmelon,100.54,28.31,69.26,493.99,3154.11,19.520682538021816
mango,143.49,39.12,74.35,230.57,4147.27,10.71368635270913
lentil,110.75,35.92,78.61,337.28,4610.37,14.84630300821843
maize,96.17,11.36,90.08,411.13,4981.17,12.922090593173891
watermelon,139.45,23.09,83.65,145.04,1621.73,13.100855259506822
grapes,102.74,11.27,44.06,437.82,1728.37,12.607144303592404
grapes,147.79,39.0,93.16,125.92,3895.08,9.2510192345215
orange,49.58,15.77,41.5,410.99,2548.17,11.581130772279714
cotton,74.54,21.45,66.92,51.89,2960.77,10.85657109468145
coconut,102.24,32.16,36.78,326.46,4124.13,16.141501359074518
maize,73.45,23.98,67.71,211.76,1917.75,13.822922695867552
grapes,110.86,25.27,83.36,319.62,2974.49,16.769604201056314
rice,122.95,29.6,64.14,426.26,1613.31,17.661813290688087
chickpea,129.97,12.61,93.87,393.35,2205.46,13.015289327396552
chickpea,99.17,37.91,34.92,468.67,756.31,13.335907233806244
coconut,97.07,13.61,74.5,191.21,3621.96,10.765102320290673
cotton,23.3,24.78,61.46,199.67,2886.43,16.955571415208407
grapes,56.87,17.18,92.97,293.93,778.62,11.89596979271018
muskmelon,149.39,15.88,56.42,54.45,2291.17,11.05643404897934
banana,54.88,14.39,42.69,335.24,1380.65,11.399804439937707
cotton,50.26,18.89,91.9,89.36,216.61,11.10632011449148
apple,94.99,34.16,88.72,494.12,4132.46,14.508779274330545
chickpea,143.57,22.57,52.74,437.65,1170.27,17.44052227263794
cotton,41.62,19.79,60.09,74.01,4627.1,11.991573555790882
cotton,65.73,26.58,39.5,116.7,439.35,14.756890861499942
mango,90.23,16.85,81.77,357.08,3121.4,13.733635548151469
watermelon,62.31,32.87,87.7,112.94,4091.03,12.138287912823907
maize,20.06,15.56,68.44,488.0,4666.07,17.609082161219188
banana,35.02,28.75,55.27,310.43,2407.05,12.27710683201429
chickpea,134.2,38.71,58.45,157.49,3432.45,8.121207883581699
banana,60.25,21.2,69.94,82.73,3410.99,12.589814100891532
coconut,120.72,13.77,62.88,378.06,1175.37,12.508878055420848
maize,143.98,29.37,88.84,224.19,2534.14,15.449714696109924
mango,40.26,22.15,70.77,266.6,4016.67,15.59926755247506
maize,82.49,36.99,42.65,392.94,154.06,11.878229261326757
coffee,53.69,10.75,78.51,357.62,3075.55,12.364939604298415
rice,77.14,18.68,52.25,439.09,3112.91,14.950624977914556
jute,38.95,16.3,30.12,308.32,1802.06,13.28062328668302
cotton,32.97,12.3,46.18,288.42,3259.77,13.044908076336675
maize,129.93,13.1,36.8,308.11,2804.11,11.761689092082692
maize,76.21,26.74,64.56,411.61,1440.82,17.308393831290516
cotton,125.41,26.72,57.44,273.61,248.62,14.825436408977556
chickpea,129.31,13.66,74.24,121.83,4355.5,10.34650441969923
maize,68.12,11.25,70.93,485.59,4096.66,11.514301894714231
watermelon,137.12,19.63,35.93,189.13,2160.29,12.09334857820015
coconut,138.59,11.13,44.9,203.52,3782.12,8.039049527778072
mango,135.56,27.92,60.52,196.61,4926.76,12.182340929941788
muskmelon,116.96,14.41,71.08,299.57,1793.89,14.980935285887094
jute,122.41,14.14,57.94,339.83,1481.26,12.76646233611925
chickpea,114.01,14.12,90.59,287.09,1321.44,13.007688582152804
grapes,123.95,19.33,60.8,132.39,2350.35,12.756180994319996
maize,120.45,19.27,77.12,120.81,629.39,12.186688698581166
maize,123.77,33.15,68.77,354.57,4071.64,17.214414830387753
chickpea,38.52,22.26,93.7,211.6,4319.82,14.415021922209723
muskmelon,114.33,38.59,83.6,273.47,3416.88,10.697756432769074
grapes,46.2,30.01,88.17,241.5,3152.59,14.337773069127287
cotton,132.8,36.98,65.08,83.32,1106.72,8.437183750180715
rice,128.02,23.89,55.17,193.23,3826.55,16.187929074492686
coconut,137.85,17.55,59.68,397.2,3553.26,14.12549883768708
apple,22.3,11.12,39.2,90.28,775.04,11.062977394715112
jute,61.67,38.03,41.69,499.51,4168.98,11.946423345758436
muskmelon,145.73,34.37,76.63,119.25,1632.58,7.933142633132832
orange,35.31,14.64,89.73,426.69,4842.94,13.820957930513286
chickpea,117.92,13.9,76.76,448.19,1534.57,13.90271541865148
banana,102.69,36.82,54.16,98.05,710.38,10.92378726878572
cotton,78.88,35.29,54.52,165.0,458.35,13.19515653976219
lentil,69.87,33.6,32.53,349.69,943.85,12.221857286645124
maize,51.04,31.57,36.37,144.93,2994.11,12.38580078888217
orange,104.07,16.04,78.27,303.24,659.95,9.878369573452533
chickpea,61.94,37.78,91.41,493.4,1985.72,11.57860121265838
jute,62.66,24.41,91.01,288.36,1926.49,13.199409288394955
orange,103.82,10.95,65.98,342.16,4251.25,11.384084680976184
chickpea,135.87,17.86,53.95,150.47,3181.36,11.82207923655292
apple,149.25,20.93,70.67,50.84,1676.12,9.79607665322292
orange,145.85,24.45,47.83,93.31,1419.98,13.060155776841928
banana,57.02,25.57,84.72,85.06,1763.18,14.47366689731054
maize,31.37,22.03,60.81,113.73,2109.56,11.71887028574679
muskmelon,94.17,34.53,74.76,79.29,1584.52,11.008551485623409
apple,101.56,16.24,52.3,289.04,1227.38,15.797788785869086
apple,113.54,30.36,43.51,486.23,1355.41,15.925727270715132
grapes,55.08,17.35,68.66,259.83,4654.09,12.877503443208017
cotton,149.73,26.11,46.45,304.25,3213.58,19.30758219804704
watermelon,21.49,30.52,63.34,369.23,1166.48,17.69118201769426
chickpea,104.57,33.26,46.51,135.17,1569.56,9.895728739264507
muskmelon,23.2,19.15,51.02,226.23,1043.87,10.955090193223295
grapes,127.74,32.18,63.49,364.85,2096.58,15.781153116027053
lentil,103.9,17.04,51.71,285.12,484.77,16.59846937723044
orange,57.76,28.58,50.22,61.61,1235.4,12.549328152824996
jute,75.23,20.17,38.88,319.03,3050.31,14.526028502021106
apple,81.31,19.53,66.12,111.08,4264.85,13.515206865423169
coffee,21.97,39.2,31.47,274.19,1576.16,11.870558826515074
apple,22.19,10.2,39.32,428.1,3692.9,13.457542852500744
maize,121.39,23.97,66.27,262.04,661.43,14.258394690292247
coconut,31.31,17.06,56.74,280.66,3948.95,13.388700793881918
grapes,58.58,38.92,66.07,451.56,3129.33,14.679493693538236
orange,131.38,27.56,90.79,71.2,4591.95,11.205773146484608
chickpea,57.21,19.16,93.99,380.82,2690.46,14.23949436155899
jute,112.2,38.05,57.3,185.26,706.24,8.749136270956049
coffee,61.37,36.42,60.64,240.35,3910.59,12.396758545385731
mango,87.87,22.23,44.27,464.93,3371.11,19.88348051531988
banana,52.23,13.57,90.02,425.97,2156.21,15.295064024376105
coconut,134.21,23.13,84.36,223.12,1733.25,14.139754795903649
coffee,100.77,33.58,30.28,383.22,2885.7,14.097806424784284
jute,35.83,20.82,56.66,485.78,831.21,16.200033685831496
maize,94.33,12.81,75.8,139.35,2061.14,9.159993983911816
muskmelon,22.97,35.96,33.89,216.07,543.0,13.088453038674032
mango,40.99,21.95,37.38,196.8,713.98,15.3871396957898
muskmelon,89.48,37.15,38.1,499.89,3126.23,13.006093601558426
lentil,48.53,14.04,63.27,392.73,4017.85,16.494943813233448
maize,90.05,17.57,51.55,374.82,3770.16,13.059013410571437
apple,81.84,36.61,30.24,363.57,4688.66,11.190007379507152
watermelon,78.43,31.57,59.78,161.74,2249.07,12.226395799152538
coconut,34.77,21.94,53.42,395.5,197.05,16.122202486678507
coffee,106.5,26.4,43.98,52.21,4465.96,11.081194188931384
coffee,36.92,10.43,50.98,325.61,1459.99,12.486825252227757
chickpea,44.01,30.48,47.82,463.47,3481.03,18.58361174709784
coconut,77.13,36.7,33.9,444.0,3317.57,15.76663039513861
coconut,132.04,22.4,48.49,441.85,89.59,17.718718606987387
coconut,71.46,38.52,70.84,489.1,3369.16,15.292639708413969
jute,143.35,37.99,73.33,495.98,4608.63,15.72859179409065
maize,43.66,11.49,81.86,119.24,3047.15,6.978921287104343
cotton,71.23,27.29,84.32,409.95,3291.51,18.83239911165392
cotton,66.02,22.91,38.47,190.57,1319.16,13.145956517784043
cotton,67.96,18.68,60.3,53.48,2081.22,6.300088409682783
watermelon,73.88,19.13,51.93,63.39,762.42,9.67060150573175
coconut,139.89,33.36,71.51,299.11,3798.36,12.708837498288734
orange,133.85,11.46,83.56,449.79,3084.37,12.319433141938225
grapes,86.84,31.29,54.05,445.64,3503.27,14.5939422311155
orange,50.41,15.69,44.11,416.77,4683.72,14.162097648877388
watermelon,85.58,33.15,94.21,320.07,620.02,14.022531531240928
banana,38.36,30.81,83.12,311.71,2335.8,15.42033992636356
chickpea,132.62,19.78,85.53,318.74,2416.91,12.373476877500613
banana,138.67,16.76,49.83,162.12,3981.97,11.369146427522056
banana,128.89,12.6,91.96,175.92,2308.16,8.170807049771247
coconut,21.81,34.78,72.96,141.55,31.4,9.527388535031848
cotton,67.32,33.7,45.53,118.1,1674.64,11.968518606984189
jute,45.3,11.07,33.03,384.84,1994.85,14.377276486953908
maize,50.0,15.82,71.26,466.59,802.36,15.128047260581283
banana,90.99,29.43,62.11,263.5,2813.91,14.233706834973402
coffee,97.15,23.29,70.99,70.37,4177.73,16.11847821663918
apple,44.85,19.75,93.58,106.71,3721.96,11.120025470451052
jute,111.42,39.56,68.39,149.77,4698.63,9.933099648195324
rice,35.15,14.03,92.74,453.39,551.13,15.213071326184384
orange,103.18,18.13,71.09,64.93,3939.33,9.44390543569592
coffee,51.17,39.13,55.86,120.84,3847.85,8.021146874228466
coffee,145.06,32.85,60.25,112.26,711.86,12.126583878852584
watermelon,30.95,11.01,73.74,106.6,1714.46,10.100299802853376
jute,66.5,20.28,42.25,88.17,2324.67,11.80786950405864
coffee,109.47,28.4,84.86,400.05,1801.46,17.758079557692096
muskmelon,99.09,33.15,44.9,120.83,805.81,9.672602722726202
jute,74.03,11.34,57.74,138.09,4192.01,11.377053012755216
coffee,48.92,19.55,63.23,179.6,3173.51,13.583792078802336
chickpea,86.51,35.11,90.64,214.48,4451.38,12.812449173065431
muskmelon,25.44,26.11,71.35,290.93,2732.69,17.32453736062268
mango,47.81,11.28,55.31,230.62,943.49,8.998738725370698
coffee,90.22,33.18,79.92,126.84,3706.51,10.904360166301991
apple,30.06,38.64,94.5,204.08,1330.63,11.860276711031617
jute,110.39,23.69,82.9,358.88,208.44,18.06970830934561
mango,133.5,17.87,55.57,486.63,4026.92,16.20925421910542
coconut,34.8,17.71,47.59,132.55,2298.25,11.285652126618078
coffee,141.64,31.62,61.83,173.79,3289.06,12.754920858847209
mango,63.56,33.13,38.3,166.95,3226.21,10.803286208895267
muskmelon,61.66,35.17,56.61,272.92,1213.88,11.841845981480873
rice,22.93,11.44,37.26,81.09,880.67,7.270214722881443
orange,105.0,32.68,88.26,297.64,3972.96,16.328483045386815
mango,113.25,29.57,56.01,466.82,4643.1,15.087908940147743
maize,148.84,12.2,62.22,410.49,3155.21,10.13913812392836
grapes,42.87,32.03,30.15,88.16,2800.53,10.34063195180912
apple,43.94,17.73,62.54,154.55,917.54,10.793175229417791
orange,68.16,37.08,58.3,236.09,35.48,11.812570462232244
jute,114.12,20.29,57.66,166.47,494.39,14.268897024616193
rice,70.26,32.05,32.36,84.74,1009.41,11.033316491812048
maize,77.17,12.89,44.63,248.01,2130.53,14.058656766156776
mango,87.91,35.68,52.15,481.11,2508.3,16.911721085994497
coconut,97.37,34.38,79.68,162.69,762.51,8.45028917653539
chickpea,100.62,29.79,53.89,230.24,1922.57,13.10171281149711
muskmelon,76.89,11.54,77.18,71.49,1847.14,7.615389196270992
mango,122.1,37.44,33.14,204.26,3309.33,11.283848996624696
banana,54.88,21.59,67.22,423.06,4687.29,15.325126032312914
grapes,135.26,30.5,34.42,244.29,4426.7,13.905218334199292
mango,21.87,39.34,36.2,243.69,1395.79,9.574047671927726
muskmelon,73.47,25.37,39.92,362.1,1719.36,16.091481714126186
apple,124.09,17.82,53.84,159.01,4337.29,12.828263731500543
lentil,112.22,32.98,68.34,64.69,3022.35,9.954254139990406
maize,60.56,18.08,31.36,452.71,3080.47,13.625917473632272
watermelon,51.15,35.31,71.04,392.14,1789.1,13.338432731541
lentil,126.6,30.46,61.78,479.0,3427.31,17.022411162106724
grapes,87.78,22.42,65.1,344.48,3316.08,13.35536235555234
rice,141.01,14.29,90.39,65.28,289.05,8.990555267254798
rice,71.49,16.78,70.08,173.25,4977.6,12.441879620700735
muskmelon,33.8,23.82,78.28,96.92,2997.67,11.607401748691483
maize,42.6,13.97,81.81,294.93,1335.04,12.292897591083412
watermelon,143.39,36.74,37.27,242.61,1757.23,10.20891402946683
coconut,133.52,19.94,85.02,325.92,2609.41,11.05734629667243
coffee,63.26,17.35,47.22,300.62,2000.62,13.246908458377902
coffee,28.1,22.16,94.57,169.92,3192.36,13.234406520567855
orange,149.23,22.42,30.79,119.46,3318.64,13.78418569052383
mango,149.02,28.94,94.71,470.13,4752.72,20.134657627632176
apple,67.35,17.82,66.26,324.29,3574.78,12.493828990874963
maize,74.4,24.3,41.04,444.5,4755.72,19.90103916967357
maize,146.45,21.67,56.19,401.37,3599.25,17.74900326456901
maize,76.39,28.13,61.57,326.49,4070.96,16.1024696877395
mango,111.09,14.97,54.5,71.3,1334.45,7.798208999962531
coffee,95.62,20.14,64.51,71.48,1131.09,11.62400869957298
orange,91.86,22.36,43.68,119.58,480.25,11.071129619989588
cotton,96.31,11.15,40.7,239.74,689.92,8.975214517625233
apple,29.02,31.14,55.68,412.58,1402.11,13.991641169380436
grapes,60.99,18.61,47.71,415.2,3745.2,14.046112357150486
maize,136.96,34.58,62.88,428.92,4199.85,16.539769277474196
lentil,136.52,39.66,90.83,459.56,4118.39,13.771621920216395
mango,92.51,19.94,48.39,206.97,4153.96,11.368799892151104
maize,139.25,15.55,86.2,371.45,1949.57,12.339767230722671
rice,73.81,12.9,91.24,170.7,1009.2,10.702853745541022
cotton,119.71,17.53,55.91,301.0,3047.94,14.22300963929736
jute,62.84,17.56,89.29,138.91,3683.97,10.400633012755264
coconut,85.19,12.43,85.41,109.43,3314.8,6.640596717750694
muskmelon,53.45,39.34,46.24,134.45,4243.54,7.724623781088431
lentil,67.92,39.27,58.16,291.49,2908.53,9.854421305607987
apple,87.45,27.12,61.33,160.21,4875.5,11.960178443236591
muskmelon,139.04,30.31,72.24,247.41,629.52,17.095326598042956
apple,56.01,37.55,87.94,459.35,2067.54,14.771157994524897
jute,110.76,18.2,64.99,452.38,2174.96,14.989728546731897
muskmelon,128.46,38.37,33.2,237.4,3188.12,11.05397538361166
cotton,53.75,13.61,84.72,285.9,1941.94,11.433051484597875
coffee,128.41,21.64,34.11,429.27,2479.02,18.37672548023009
grapes,60.01,38.69,65.9,439.15,3154.51,13.882764676605875
maize,39.28,25.12,40.26,446.3,1563.26,20.974809052876683
cotton,129.77,23.54,92.23,472.85,1910.1,15.419800010470658
rice,85.59,15.83,36.31,267.17,724.45,11.758409828145489
cotton,86.63,35.19,30.73,231.42,1902.36,12.141844866376502
muskmelon,80.04,27.68,57.29,142.69,3991.12,12.46010894185091
apple,71.4,35.34,41.44,106.93,221.81,8.468824669762409
chickpea,149.78,31.39,93.07,309.52,843.29,12.38058082035836
coffee,83.81,11.76,64.51,73.93,561.06,8.996773963568959
mango,80.59,32.34,39.87,471.69,3119.79,14.85009567951689
lentil,118.86,17.03,72.29,339.38,101.24,11.85717107862505
jute,57.32,38.93,65.96,135.83,867.79,9.812938614180853
coffee,126.18,19.28,64.25,494.64,291.54,17.68892776291418
banana,134.95,14.55,50.17,224.72,193.68,11.967110698058653
muskmelon,43.06,34.47,52.35,228.0,980.72,12.871767680887512
banana,137.26,12.73,71.65,405.46,4405.57,15.591746357452044
coconut,101.45,12.21,85.47,130.13,3678.15,9.79080516020282
coconut,132.17,22.3,67.94,143.46,1265.82,15.142895514370132
apple,30.42,38.83,76.52,260.11,55.82,7.930311716230742
cotton,128.84,24.47,36.15,125.88,3405.52,12.988465784960889
watermelon,72.43,37.92,30.57,464.74,350.67,11.659280805315538
grapes,133.46,19.01,85.44,345.83,705.71,14.14041178387723
rice,39.74,22.1,38.06,132.02,4446.31,14.231292914799011
coconut,67.63,22.34,62.41,365.98,844.79,17.0981308964358
orange,69.86,25.53,83.46,436.74,4597.5,17.715393148450246
coffee,99.1,12.89,66.32,271.04,4679.83,11.858276903220844
orange,64.74,15.91,35.57,466.88,2553.45,14.536716990738022
maize,42.76,13.3,76.7,280.76,1603.44,12.322151125081076
coconut,126.97,27.55,44.57,285.03,2409.03,15.313997750131794
cotton,52.02,17.95,55.07,113.76,1423.41,10.963566365277748
jute,59.17,34.26,36.04,255.53,2682.56,12.293752982225936
banana,42.83,25.52,82.61,392.15,3157.65,19.253669659398604
muskmelon,117.5,13.27,66.67,373.17,4912.37,12.76085881153089
watermelon,118.94,30.39,62.89,59.81,4358.62,9.689890378147211
grapes,67.51,39.16,50.7,499.84,3650.5,14.362629776742912
grapes,126.19,23.96,73.67,132.54,3372.81,14.42495723150726
jute,82.2,13.56,55.11,51.63,4772.66,5.272118692720621
coconut,105.47,17.74,84.78,68.02,618.7,10.116857927913369
cotton,23.49,38.59,51.93,401.92,2119.93,14.537281891383207
chickpea,111.59,32.84,51.25,141.96,4145.83,9.655118516678206
lentil,142.12,20.45,55.75,132.62,1647.13,11.293449818775688
watermelon,135.58,26.39,56.36,173.35,2317.47,12.17611015460826
apple,126.48,25.13,47.45,209.85,1754.32,17.401802407770536
maize,24.46,16.23,89.74,333.65,58.56,12.13200136612022
rice,145.83,21.81,78.25,391.1,3577.37,18.0370467689951
jute,39.18,14.66,83.18,266.69,4361.0,13.679458839715664
mango,61.73,29.68,46.18,231.66,1665.87,11.307671066769917
coffee,33.03,31.06,74.7,449.93,548.71,16.049534362413663
coffee,95.48,16.7,51.85,366.28,886.87,14.140212206975091
chickpea,148.45,10.06,76.02,161.54,775.35,9.628799896820787
lentil,29.72,20.21,61.32,495.19,60.11,18.08401264348694
coconut,85.81,27.9,69.05,432.03,3707.93,14.218642207377163
orange,32.54,38.52,81.23,435.66,3248.71,13.641005198986674
muskmelon,68.58,16.24,62.49,217.68,3931.49,14.34637503847142
watermelon,104.22,12.94,43.77,218.62,3299.55,7.330905729569183
maize,113.01,10.58,45.49,446.59,3743.31,11.248459251304329
maize,92.22,15.4,83.28,295.88,3255.78,11.103588080275692
coffee,101.94,26.16,51.05,474.16,1378.91,18.95047537547773
banana,66.33,32.98,38.52,121.02,4095.3,8.59094083461529
coconut,94.43,34.75,30.75,388.5,4813.1,9.930977955995097
orange,84.1,20.8,74.41,246.83,3517.72,14.357723184335308
coconut,149.98,17.3,37.93,336.08,1838.98,12.78522333032442
banana,82.08,11.48,58.26,412.08,3729.68,10.22131121168572
maize,58.01,28.08,49.55,486.38,1736.83,16.438546086836364
rice,104.63,35.21,47.73,370.97,4836.95,11.794451048698043
rice,100.67,18.56,39.27,192.75,2592.87,11.362162391481256
maize,27.97,36.11,58.32,491.99,4866.68,15.276449242604814
cotton,134.52,18.63,40.12,122.27,1134.11,10.911340169824795
watermelon,22.67,30.9,55.94,210.77,624.75,11.62535414165666
grapes,104.37,13.21,77.5,127.94,1408.73,11.85881609676801
watermelon,33.46,33.4,59.79,66.21,1701.46,10.114295957589365
banana,81.67,39.78,53.5,71.71,4127.11,6.735541335220045
lentil,74.86,11.12,91.05,488.61,795.31,15.808062265028733
jute,128.2,26.0,86.11,202.68,3023.3,18.23535540634406
grapes,29.95,37.05,42.52,290.32,3557.93,11.700002529560727
grapes,36.9,36.88,65.47,104.75,2686.18,10.126901399012723
cotton,92.59,16.89,56.1,482.51,405.45,16.24002959674436
cotton,141.14,33.2,37.35,492.65,4308.07,13.724038838737531
grapes,54.87,15.03,85.04,56.43,4978.61,9.983145898152296
lentil,24.29,30.81,70.4,212.24,2777.58,12.470387891617884
chickpea,47.94,17.56,46.89,160.34,937.73,11.454021946615764
chickpea,45.95,24.87,88.35,383.15,3486.25,17.586039440659736
jute,131.44,28.8,61.44,332.67,1393.85,13.8390357642501
chickpea,30.19,26.29,52.22,472.04,191.34,18.32439636249608
maize,63.34,19.03,92.54,148.09,1960.21,11.510725891613651
rice,106.06,26.91,40.12,399.9,3565.47,17.61592440828278
coffee,90.33,30.35,34.86,374.43,2623.09,13.255240956276758
mango,90.17,34.67,54.22,163.38,997.89,11.212929280782452
apple,24.25,33.42,35.16,445.95,3490.63,14.308517373654611
rice,49.76,37.23,94.81,88.94,4311.5,9.185898179287951
apple,71.61,10.01,49.26,74.29,2614.0,4.964303749043611
banana,109.77,16.26,80.02,454.52,734.07,12.790088138733362
chickpea,88.08,35.77,51.4,375.06,2939.69,13.640278396701694
maize,92.01,37.59,64.35,372.0,4499.22,8.051966785353905
coffee,61.59,12.57,40.21,320.27,4361.26,12.081024749728288
muskmelon,140.6,22.2,36.31,423.8,3513.75,17.132320170757737
cotton,58.59,26.86,67.07,466.99,567.61,19.98858371064639
coffee,38.93,32.26,79.81,78.34,3318.6,7.884903272464292
cotton,26.69,17.54,60.47,50.1,186.81,10.994968149456666
lentil,95.19,18.61,78.89,216.42,2842.89,14.883453105818374
cotton,81.18,22.45,90.45,165.31,1590.81,12.281768407289368
coffee,92.69,27.05,45.7,126.01,81.7,14.575275397796815
mango,47.51,22.04,31.52,460.55,2301.53,15.455058156965148
muskmelon,62.26,10.93,92.82,131.4,2535.21,7.426935046800857
muskmelon,25.92,21.73,43.53,135.74,3396.13,13.267439703427137
cotton,93.97,27.28,70.91,343.47,1082.8,13.7352973771703
lentil,81.79,19.88,31.15,64.07,1268.07,11.320053309359894
orange,27.7,23.77,34.91,385.37,1447.56,17.910380226035535
orange,96.35,34.07,32.82,127.29,2307.69,10.645255645255643
coffee,125.64,21.64,32.11,468.3,4262.52,16.513405215694
coconut,71.16,26.94,92.78,252.37,3491.12,15.033946126171545
watermelon,41.84,38.98,88.06,423.3,554.38,11.885764277210576
muskmelon,115.02,26.86,37.47,204.14,386.96,14.910171593963202
cotton,124.71,33.16,51.81,411.04,3450.41,12.817583997264093
lentil,92.32,10.09,35.74,402.44,26.51,11.107506601282534
apple,75.12,22.8,32.85,125.58,614.99,11.89370558870876
grapes,101.49,12.89,80.6,305.04,4309.95,11.538456362602815
coconut,88.51,31.41,79.93,357.4,3913.75,13.638934525710637
rice,33.17,12.96,34.55,76.31,2552.93,5.731159882958013
jute,109.93,23.93,81.71,187.29,850.86,12.943986084667278
cotton,31.45,26.85,53.9,256.02,4847.01,11.863602509588384
chickpea,134.52,16.2,46.78,345.88,611.5,14.435388389206867
maize,55.54,25.85,42.52,113.61,906.87,14.714589742741516
orange,148.91,33.9,44.18,408.73,306.84,12.844707339329943
cotton,57.76,25.09,64.74,247.54,1852.17,13.933602207140812
coffee,43.14,13.43,42.46,82.43,2213.28,9.537098785512905
orange,118.36,26.84,67.41,121.07,2998.74,12.658089731020365
chickpea,107.59,29.97,82.75,281.44,3162.23,15.322952473412748
chickpea,48.82,14.4,73.98,472.26,4424.65,13.511839354525218
banana,22.13,19.17,34.0,234.66,1660.39,11.622022536873866
watermelon,77.97,24.87,56.05,466.39,2153.03,20.14806574919996
rice,115.76,25.52,62.51,415.3,88.12,17.55640036314117
jute,24.2,39.0,37.57,424.95,3703.47,13.25917855416677
lentil,76.77,20.33,76.05,147.27,3676.87,12.1014640169492
mango,145.33,33.55,67.94,117.86,2611.95,10.224923907425488
mango,144.99,29.04,41.97,296.43,1692.74,13.681085104623271
coffee,63.27,20.81,69.52,207.51,4561.3,14.189038212790212
apple,131.67,11.56,45.39,456.85,2142.61,13.968725059623544
maize,66.71,20.59,78.71,214.36,4196.19,16.420078690431083
coffee,67.51,23.37,47.7,136.3,2144.58,12.23280082813418
chickpea,25.54,20.08,65.22,102.78,2311.39,13.089180103747095
banana,111.61,18.29,92.86,191.43,2536.17,11.407437198610504
grapes,59.07,14.12,47.58,68.68,1516.9,10.973360142395675
watermelon,65.49,18.78,47.68,372.91,4940.26,15.020085987377184
maize,89.52,17.88,84.56,226.14,1355.15,14.668361436003394
lentil,21.74,30.5,82.2,365.47,67.55,14.665581051073278
banana,73.17,38.98,49.2,396.95,2139.31,11.894489344695252
orange,41.57,20.64,41.59,383.57,4989.72,16.459574885965544
jute,146.46,15.39,69.79,316.97,4922.18,13.397110629842874
apple,74.78,24.47,85.4,438.84,207.43,18.62228221568722
chickpea,122.73,33.1,78.31,153.77,4824.64,11.435763082841412
mango,50.36,30.25,88.4,443.09,4297.22,13.82710450011868
mango,38.39,18.99,50.99,499.0,4022.72,14.663379504414925
grapes,96.54,28.05,37.79,351.13,4152.08,15.509908286930887
muskmelon,88.52,34.94,53.93,341.8,1415.08,13.324137151256467
jute,139.29,38.81,60.81,167.88,3612.95,8.885536749747438
maize,113.73,20.6,33.57,236.49,3603.23,14.29937861307771
apple,71.66,15.07,49.1,450.3,1947.28,14.74621523355655
cotton,99.82,20.68,84.36,450.9,2547.78,14.916001381594956
watermelon,35.32,37.37,69.59,335.04,1328.53,10.658396874741255
muskmelon,124.35,20.3,74.74,280.35,4349.38,14.704295784686552
lentil,40.69,14.59,49.64,97.93,4003.74,12.07970547538052
lentil,99.38,28.97,35.23,298.17,312.54,16.402092532155883
coffee,117.02,20.96,80.75,146.98,4933.06,12.007905843431866
muskmelon,46.94,31.85,49.54,316.19,783.22,14.699496948494676
mango,74.54,32.41,42.01,290.05,542.54,14.91160098794559
coffee,135.65,29.16,50.18,166.47,4604.45,13.091578798770756
orange,78.07,13.83,54.92,119.14,53.33,8.66866679167448
orange,145.35,38.02,54.92,381.9,4778.22,11.722660321207478
cotton,84.8,18.4,55.66,465.18,4324.92,18.95441302960517
jute,94.49,27.18,93.34,435.0,3686.77,18.727254480208963
banana,42.9,23.62,81.88,83.25,947.41,12.87537602516334
watermelon,123.29,12.98,69.74,404.4,3321.84,10.832764371553116
orange,44.66,28.39,87.93,255.92,1786.46,16.74165668416869
rice,76.7,21.43,86.05,184.78,3529.55,13.03044864076157
muskmelon,144.46,21.03,58.87,53.76,2876.45,9.979961410766744
jute,30.9,37.95,63.91,308.2,862.83,12.358193386878064
coconut,72.4,33.69,85.44,54.13,1798.06,11.049319822475336
chickpea,90.15,23.98,59.25,97.85,4415.47,13.57462965437428
cotton,123.06,17.32,76.63,214.19,3212.61,11.234055798867589
muskmelon,71.15,34.45,68.09,81.82,215.95,7.242093077101181
lentil,144.69,17.24,68.96,65.81,4483.5,13.690148321623733
grapes,45.17,22.55,90.08,485.56,1970.0,17.855781725888324
mango,108.29,13.18,46.61,429.48,232.16,14.42673156443832
grapes,27.26,36.98,81.06,427.77,1258.55,12.411878749354416
grapes,25.39,15.6,72.39,379.25,4335.43,13.190306382527222
muskmelon,90.87,15.29,82.79,258.3,1105.17,11.688500411701368
maize,146.28,37.92,59.83,256.95,653.42,9.62293777356065
coffee,42.13,12.37,39.56,229.25,393.52,7.760977841024599
banana,53.15,12.81,73.2,430.18,3220.73,12.530646778835855
grapes,39.02,23.65,69.11,284.91,4097.45,16.502439322017352
lentil,61.87,38.3,90.37,254.31,3355.03,9.599708497390486
coconut,55.12,17.64,52.71,68.76,4799.97,12.145848828221842
cotton,43.12,19.44,51.08,210.42,974.65,14.34496485918022
grapes,32.18,18.49,45.19,289.93,3978.93,11.82945163649524
cotton,142.68,18.43,45.09,109.45,2267.71,11.620330641925117
orange,141.93,16.35,35.77,232.41,3466.36,12.56734730379995
orange,42.82,15.52,53.94,273.37,263.12,12.589844937671025
cotton,132.28,33.66,39.71,445.17,3371.15,16.05089064562538
chickpea,60.23,32.04,50.89,195.75,1226.68,11.908761861284116
lentil,33.74,33.35,59.54,292.14,408.22,13.013326147665474
chickpea,91.38,12.31,89.01,418.0,3851.33,17.059517101884285
coffee,76.14,35.36,67.48,76.99,4418.65,10.050470166227242
banana,76.0,26.16,66.13,394.9,4446.26,16.92550817990851
apple,116.55,17.51,92.93,347.8,2495.79,14.61713926251808
maize,140.01,35.21,41.48,211.73,1587.52,8.620634700665189
coffee,119.9,23.55,56.43,322.08,4680.63,16.0409346605051
banana,40.59,38.21,93.39,75.88,3922.44,7.274951305819847
lentil,119.66,24.84,31.73,275.77,3885.17,16.24457874430205
orange,94.48,27.18,42.95,159.24,3755.73,14.51273387597085
mango,86.56,37.61,61.49,412.83,3776.18,10.948357864296725
mango,125.92,16.05,65.39,200.44,3987.95,12.925370177660202
apple,59.45,11.52,38.65,221.93,1196.73,10.804751280572894
coffee,75.04,33.17,72.36,233.03,3314.29,13.368380558128589
banana,128.83,14.08,66.76,467.28,428.48,16.23391990291262
maize,27.89,21.55,55.38,234.96,4477.68,12.770742884708152
cotton,113.47,14.3,45.3,435.64,4125.71,12.651865981855243
watermelon,138.14,37.43,51.73,356.14,2071.12,11.72937830738924
coconut,23.51,30.39,40.0,227.26,1859.99,13.958386873047704
cotton,71.33,18.83,45.26,63.16,2836.01,7.928346514998183
lentil,135.93,31.86,93.75,312.19,1529.77,14.767389869065283
orange,27.61,29.32,80.3,58.8,2560.98,10.632172059133612
rice,82.54,14.27,63.88,471.35,3271.37,14.507347074772955
watermelon,108.64,14.71,38.21,293.93,1435.33,13.785241024712088
coconut,50.23,19.5,80.41,87.62,4495.57,9.110760148323797
maize,93.98,25.64,88.27,189.59,1676.82,15.82451903006882
watermelon,31.81,27.77,60.84,227.48,2422.29,12.497116365092536
banana,67.58,30.68,77.37,406.26,2148.12,15.182913431279443
orange,67.95,15.53,62.97,217.67,3197.93,9.819370655392708
rice,147.62,20.38,80.39,78.31,760.98,11.71733816920287
banana,33.56,19.6,44.96,66.47,1083.13,11.956570310119744
apple,126.67,38.74,63.59,287.56,2839.26,13.586909969499091
coconut,51.78,37.51,32.42,298.22,751.54,10.644077494211883
rice,92.99,15.51,67.92,415.43,894.91,18.36170117665464
chickpea,130.88,30.98,48.62,335.4,2287.97,14.015175024148045
orange,75.81,38.48,86.0,163.21,2670.68,11.0319019875088
watermelon,107.83,18.54,92.29,381.68,3541.12,17.137705019880716
rice,26.08,37.75,87.0,442.36,3381.01,14.395795930801745
rice,117.93,30.64,71.95,162.15,973.07,12.449936797969311
chickpea,143.03,38.71,94.7,84.94,2715.22,9.589812243575109
coffee,92.81,12.81,81.29,331.88,918.69,11.430732891399709
banana,57.99,13.06,45.79,403.89,508.88,14.058461719855368
coffee,99.79,11.26,51.75,98.81,4039.04,7.27175764538108
banana,70.76,37.55,78.32,215.22,1494.09,9.979666552885034
coconut,121.89,37.32,56.59,342.28,2284.37,13.14375079343539
mango,95.38,10.1,46.98,159.1,2368.35,8.098634070133215
cotton,74.71,34.21,86.47,341.06,326.26,14.139275424508062
jute,108.7,24.1,45.71,299.44,1700.67,17.390534318827285
orange,111.38,35.22,34.26,178.93,170.55,12.602755790090882
chickpea,116.93,34.38,70.8,443.29,2121.14,16.269685169295755
coconut,112.08,18.15,61.47,477.91,1539.01,17.066523284449094
mango,48.23,10.37,47.16,294.04,458.23,12.763481221220784
apple,46.81,25.27,33.38,251.7,2693.4,16.082475681295016
chickpea,101.84,17.11,85.57,128.06,3002.6,13.011273562912145
banana,127.45,18.92,54.93,464.49,2013.94,16.610906978360827
rice,96.04,13.41,67.04,285.94,3342.76,11.933519008244684
grapes,135.07,19.6,77.09,175.11,2360.04,12.345540753546551
jute,61.54,30.25,90.67,176.72,4419.89,12.077038116333211
grapes,82.12,36.55,59.01,229.74,4939.87,10.853158079058762
lentil,39.23,26.27,80.96,86.18,4700.98,10.4111206599475
banana,35.14,13.43,44.1,87.56,1928.08,7.942512758806688
grapes,75.84,29.32,51.43,393.25,149.46,17.949217181854678
maize,24.19,36.15,86.87,114.89,3550.94,8.997504886030177
chickpea,92.09,12.45,55.45,306.62,2234.77,10.327398345243582
watermelon,132.15,29.27,35.72,480.29,2567.07,18.77245264055908
maize,29.45,18.58,77.05,394.73,1047.36,16.695329208677055
cotton,26.08,19.96,32.45,226.98,1501.5,15.45892773892774
chickpea,98.61,18.85,43.8,332.58,697.03,13.802820538570794
orange,136.46,20.69,38.7,155.41,2239.1,13.113675137331963
banana,142.33,39.91,58.99,275.62,4914.49,10.72722093238566
maize,70.94,36.03,31.2,323.11,3084.12,11.436228162328314
chickpea,81.57,16.64,69.18,230.26,541.47,11.967458954328032
apple,129.67,29.67,35.96,235.45,470.09,16.033950945563614
orange,143.91,29.76,74.2,389.1,3320.78,14.855124398484692
jute,131.26,34.96,31.91,92.14,1272.58,9.229313677725566
jute,20.01,18.17,77.93,265.94,2098.26,10.987117897686652
cotton,122.39,37.58,68.72,438.78,4944.56,12.697226851327516
cotton,94.2,31.6,81.74,363.0,3581.63,14.16485231584502
mango,109.3,25.32,49.61,354.78,2691.72,18.095269938923813
watermelon,93.46,31.51,92.02,445.79,4396.94,16.989460852320025
watermelon,32.0,20.12,68.28,346.6,161.89,14.32299709679412
muskmelon,124.38,21.07,45.13,112.37,1000.41,14.206625283633713
maize,85.07,24.73,48.72,152.54,1464.2,12.98303510449392
grapes,40.58,38.32,76.99,70.88,90.05,6.749694614103276
maize,57.01,30.58,53.85,70.14,3597.22,9.764220703765687
chickpea,140.02,14.62,34.91,184.99,4522.41,9.087769574187217
coffee,96.53,39.46,52.01,337.78,3555.59,14.633115741691253
jute,73.44,15.35,74.16,246.79,397.49,13.830184407154896
banana,125.85,32.73,37.2,67.12,1296.99,10.457860122283131
banana,143.34,23.9,77.14,248.02,3718.55,17.259415632437374
maize,27.48,39.68,56.01,384.03,3685.75,15.32994912839992
banana,50.7,37.94,30.93,404.53,743.09,12.193839238853975
lentil,82.64,20.51,48.82,460.33,4119.72,17.55019273154486
grapes,96.55,29.68,56.49,169.26,4081.47,9.62892781277334
orange,116.65,28.32,86.14,310.48,637.45,17.444944701545218
mango,109.92,38.26,77.56,465.42,1725.92,11.186567164179104
watermelon,23.38,31.73,78.18,73.32,3758.8,9.052210811961263
coconut,137.27,10.68,57.7,52.59,780.0,6.577179487179487
banana,40.29,23.43,74.24,226.14,1650.78,12.358703158506888
grapes,107.39,25.48,91.66,260.93,284.67,17.649278111497523
banana,125.76,23.59,58.85,150.11,4710.76,13.761221119309834
banana,42.0,35.22,44.57,461.94,3985.66,13.497551221127743
jute,104.28,17.02,52.47,91.39,3816.51,10.353545516715531
coconut,69.92,38.11,62.2,460.16,3492.71,15.634730624643902
mango,135.51,18.26,72.82,203.84,2669.19,11.2692165038832
banana,58.56,27.95,75.28,456.32,1811.34,18.498691576402
apple,31.0,30.67,88.42,459.26,4101.81,18.87453343767751
apple,74.03,28.29,50.2,340.07,786.95,16.721494377025223
muskmelon,123.06,21.25,48.8,246.3,4686.96,15.584579343540376
maize,87.58,14.86,91.62,103.62,3948.92,7.356459487657385
coffee,61.01,10.5,73.39,383.76,3332.68,11.797772363383222
coffee,55.96,34.3,76.86,469.0,3260.27,14.380450085422371
orange,53.57,29.53,35.57,442.21,2852.12,14.581030952414345
coffee,75.85,14.38,42.09,171.25,3671.56,13.300616086894944
coffee,148.5,38.33,37.64,100.29,1615.34,7.666132207460969
maize,84.39,38.89,71.72,393.8,2188.55,12.891434968358045
jute,53.47,13.14,43.6,224.42,4633.17,9.263193450704376
maize,59.29,18.97,89.12,56.87,1097.59,14.305113931431592
coffee,26.93,13.57,69.36,201.46,1675.64,10.17002458762025
orange,70.37,32.81,57.24,285.12,4258.52,10.713074025717852
watermelon,27.36,34.01,57.31,208.21,4191.26,11.99462452818484
chickpea,103.15,37.8,49.49,466.06,1040.4,12.07984429065744
jute,49.94,21.58,31.01,225.23,2160.66,10.328408912091676
jute,55.92,24.73,45.58,202.33,2938.66,16.6605731864183
cotton,128.6,13.4,91.29,447.25,1670.36,11.4891340788812
lentil,103.16,27.76,63.41,139.11,212.04,10.16643086210149
coconut,72.78,12.53,68.02,66.74,2309.79,7.382805363258131
coconut,63.0,12.5,80.6,427.57,3956.99,12.97387408105656
jute,125.19,27.3,71.34,214.04,216.42,14.01446261898161
orange,117.22,34.71,44.59,243.79,1315.87,12.082150972360491
chickpea,25.36,14.81,44.28,261.21,1397.33,11.520578531914436
chickpea,45.44,32.75,58.9,489.72,3037.16,17.30070197157871
apple,110.37,32.28,46.93,350.68,3321.72,12.942141420709753
cotton,130.21,23.77,62.52,234.64,2080.49,12.140808174997238
rice,104.16,30.03,64.28,354.04,3231.88,13.689459385868288
coconut,112.1,39.29,76.96,108.83,1069.13,8.104832901518057
rice,126.33,29.5,74.78,246.18,48.63,12.990129549660704
chickpea,138.87,22.41,44.97,379.94,2193.52,16.631017724935266
coffee,48.78,32.73,49.61,109.24,694.47,12.43974541736864
banana,103.42,12.95,43.77,351.55,1400.77,12.375586284686278
lentil,76.54,10.19,41.78,467.01,2319.47,11.380526585814865
muskmelon,77.3,26.64,31.75,86.56,410.5,11.688404384896469
coconut,44.04,17.27,31.39,357.4,1384.8,14.632192374350089
coffee,41.53,36.69,87.27,96.49,4645.33,9.926386284720351
maize,71.4,30.47,67.08,414.39,1223.3,14.863794653805282
coffee,141.81,15.96,45.75,140.61,4191.09,8.409595117260665
jute,44.34,24.93,87.16,421.17,4448.0,18.95516861510791
grapes,20.64,17.07,51.59,195.85,1716.84,8.075685561846182
maize,30.99,38.2,51.72,93.48,109.99,6.426856986998819
mango,144.73,25.53,82.96,405.5,2744.48,18.446354136302688
muskmelon,141.64,23.48,54.01,487.3,3507.55,19.3654972844293
mango,21.78,29.97,35.81,254.71,4361.52,10.89483941378235
grapes,113.54,24.61,50.7,460.36,681.62,17.568117132713244
cotton,94.02,25.66,78.18,117.28,2081.0,14.764204709274388
mango,122.34,31.12,92.41,443.28,3059.75,14.072273878584852
apple,106.14,38.13,93.87,143.53,3071.72,7.92301707186853
watermelon,138.89,12.34,73.86,442.61,3652.0,12.449411281489594
coconut,28.17,14.91,61.5,175.91,485.83,11.578741535104871
muskmelon,88.67,35.13,91.24,94.25,2102.97,8.451085845256948
jute,61.96,21.71,91.45,284.43,494.1,16.206962153410238
lentil,106.21,39.16,46.67,192.54,759.79,10.34842522275892
lentil,122.61,39.24,56.29,172.16,4351.39,9.290075125419692
banana,39.76,36.63,49.23,399.18,4441.67,13.783056823221896
watermelon,49.55,20.79,91.74,229.42,3099.72,18.822396861652024
apple,37.0,20.61,32.72,463.61,4109.37,16.597901868169572
cotton,53.93,18.23,81.44,347.99,3275.11,14.538388023608366
coffee,41.06,15.16,37.82,344.74,2080.14,15.075802590210277
mango,26.94,38.16,87.9,423.97,1719.78,10.878670527625626
lentil,136.87,28.82,90.26,298.29,2364.22,15.403689165982865
coconut,83.51,18.15,65.45,303.88,2029.43,16.237973224008712
mango,126.02,20.74,90.08,116.16,379.13,10.470234484213858
apple,128.81,27.93,31.91,372.49,4732.7,17.908920911953008
cotton,142.03,10.84,83.49,258.63,2475.81,11.684870809957143
mango,41.55,12.51,61.93,181.88,2973.13,6.290892090154147
watermelon,75.53,24.44,90.61,236.59,1009.53,14.530217031688014
rice,149.19,36.31,30.28,155.28,2058.32,11.055851373936024
apple,21.51,39.96,64.38,340.01,4021.65,13.398677159872191
banana,83.49,38.37,58.15,114.44,4778.93,6.499835737288472
jute,131.59,37.25,58.7,316.78,4460.2,9.891800816106905
maize,147.09,35.7,83.51,298.6,3544.19,12.766149670305486
coffee,92.52,10.73,71.56,465.96,4719.51,14.011068945716822
cotton,144.65,11.95,91.89,101.6,2793.11,11.781591129601052
watermelon,118.52,17.42,37.78,84.67,3294.18,11.704594163039058
lentil,99.0,30.9,87.98,153.5,4997.69,12.51041181025634
watermelon,76.64,32.1,89.72,204.77,4272.28,12.258374919246869
watermelon,86.55,13.98,56.26,310.45,4224.1,13.084202552022916
maize,54.56,22.93,40.2,435.11,1610.13,17.4939352723072
muskmelon,107.37,29.25,62.71,460.09,2761.31,17.654605966008887
orange,145.16,34.04,38.57,234.28,992.12,9.606085957343868
jute,63.14,17.24,58.87,269.17,1963.17,10.36134924637194
jute,106.02,16.77,32.52,276.86,1678.26,11.8254918784932
orange,146.36,18.72,33.57,73.05,4484.82,12.62086326764508
lentil,121.64,31.9,93.35,51.47,336.95,8.971093634070337
rice,26.43,31.4,92.39,190.12,4055.01,11.991805199000742
coffee,60.43,33.47,91.06,298.5,3176.47,10.367366919882762
grapes,60.12,19.69,42.26,476.77,1305.2,18.54374042292369
muskmelon,32.17,24.33,72.61,179.29,1327.03,14.016292020527043
cotton,149.7,13.17,79.25,278.09,3968.96,9.16959102636459
maize,122.28,20.86,51.63,382.45,4173.55,15.395528986114938
mango,33.04,14.65,87.45,279.6,2048.59,16.751897646674053
grapes,134.47,22.31,70.8,192.9,3451.2,10.956096430227168
orange,145.78,17.66,51.73,397.81,508.63,13.003519257613588
muskmelon,45.25,38.36,56.38,180.54,4062.19,9.309911648642728
orange,37.03,21.31,52.33,74.22,3330.38,10.162002534245342
orange,77.62,32.4,91.77,93.01,2985.58,11.42390088358041
watermelon,77.85,14.62,39.15,390.04,3351.78,11.638377220461962
coconut,34.62,36.72,58.49,276.47,4335.25,13.242599619399112
watermelon,42.77,14.72,73.98,460.73,2573.37,14.54209460746026
jute,37.15,28.54,76.08,403.45,4014.14,19.078497511297563
coconut,107.53,10.56,79.64,427.74,2878.25,15.131288109094069
coconut,92.43,26.08,54.35,116.61,1887.0,12.204186539480656
watermelon,90.59,29.61,93.37,221.98,427.02,14.782375532761932
apple,98.56,38.4,58.73,123.72,1591.2,10.987776520864756
maize,123.46,36.24,83.47,136.0,34.5,7.555942028985507
lentil,23.06,19.7,68.71,324.51,1643.83,14.83270776175152
maize,22.94,30.64,30.17,79.7,2912.8,12.542495193628122
cotton,113.4,23.63,93.89,229.07,2393.23,19.25159721380728
lentil,90.72,28.02,87.31,239.14,4237.41,13.954684583271384
lentil,36.95,29.56,68.24,291.13,4714.8,16.18826885551879
apple,27.85,22.61,59.21,162.82,650.85,12.299516017515556
chickpea,133.85,19.08,70.85,251.02,2339.88,13.544301417166691
watermelon,35.51,11.86,48.58,97.2,1696.27,7.439617513721282
watermelon,96.38,24.91,38.05,398.74,4516.03,17.699623341740423
maize,41.53,26.05,63.22,299.36,1361.91,16.32679105080365
rice,73.27,35.66,71.08,241.79,2958.78,9.42797031208809
chickpea,98.01,20.25,90.86,73.47,2679.8,11.79826479588029
lentil,69.49,24.92,59.65,229.94,4587.02,15.894317007556102
cotton,142.6,20.06,83.11,325.82,3892.61,16.014912873367738
mango,81.5,39.62,49.34,176.87,3366.62,9.69865027832069
chickpea,48.54,28.03,54.2,99.6,4820.76,13.133321302035364
maize,21.46,25.34,57.94,400.0,4975.2,15.820568017366138
watermelon,69.68,17.37,73.4,330.79,2635.01,15.405812501660334
coffee,102.45,11.37,94.64,485.26,1017.9,15.645240200412616
banana,130.54,23.44,74.55,183.65,1028.85,13.235320989454246
jute,114.16,13.38,85.1,292.19,1213.88,11.311900682110258
watermelon,20.71,15.07,90.52,268.61,544.39,12.694116350410551
rice,96.79,18.6,72.7,458.37,1627.97,18.00194721032943
orange,55.06,29.48,79.86,467.93,214.76,19.27905569007264
coconut,74.98,33.37,46.24,109.54,1027.24,9.420242591799385
coffee,113.16,32.01,39.66,420.98,3587.94,15.592557289140844
apple,33.54,33.76,81.29,90.08,4358.35,8.64152488900616
orange,22.5,13.34,45.54,63.82,4839.75,8.130998501988739
lentil,130.76,16.3,66.81,53.29,3906.56,11.703936455602882
rice,28.53,21.39,82.92,275.9,396.69,14.499105094658296
lentil,47.22,12.32,48.28,349.93,863.94,11.88545500844966
orange,148.82,38.79,72.05,170.05,329.28,10.868136540330418
coconut,141.73,13.28,86.58,302.14,294.8,10.022455902306648
jute,105.22,34.9,68.08,484.96,3790.93,17.009572848878772
coffee,56.85,13.05,34.59,310.41,4560.73,14.10867339219818
maize,141.47,34.8,57.42,173.19,1490.05,9.07581624777692
coffee,29.39,32.27,83.74,280.17,2568.04,12.121610255291971
coffee,70.84,23.41,36.03,144.45,3709.81,13.751847129637367
maize,66.58,38.52,79.83,246.45,4835.42,8.982671619011377
rice,80.81,29.35,91.09,97.24,3041.24,9.626004524470282
watermelon,47.52,16.11,87.18,408.28,386.35,13.66237867218843
watermelon,38.96,27.84,40.79,243.68,833.56,15.895160516339557
jute,28.98,31.73,39.63,401.85,720.1,15.305707540619355
coconut,32.76,15.0,64.83,218.18,190.27,13.07289641036422
rice,21.08,28.95,63.76,462.69,2510.19,16.275509025213232
grapes,29.17,32.73,63.15,225.97,1433.74,11.485938873156917
watermelon,117.54,28.25,51.78,220.44,715.65,13.009739397750298
jute,88.65,33.46,49.75,355.87,3226.02,13.88171183067681
banana,89.81,17.5,94.62,107.46,4977.0,10.423463934096846
cotton,68.71,11.99,87.09,131.01,804.01,7.517431375231651
jute,133.96,26.9,67.61,373.78,4290.31,16.84659616671056
muskmelon,96.39,11.14,44.02,450.16,3942.92,13.910802146632443
lentil,131.16,27.01,76.92,307.86,587.24,17.488948300524484
orange,79.01,12.63,77.63,114.5,4505.87,8.36055412162357
coffee,47.25,23.51,62.65,177.74,2081.3,14.47926776533897
mango,52.3,33.51,38.74,149.25,4537.09,12.558902291997734
chickpea,37.28,11.23,33.47,368.83,4786.86,14.040840968818808
coconut,37.26,17.25,72.9,92.65,2517.61,10.607290247496634
lentil,79.0,13.6,60.2,79.49,224.9,6.266696309470876
banana,54.3,10.71,53.58,240.98,4375.25,10.15696245928804
apple,31.01,27.8,34.03,169.94,1391.06,15.314493983005766
coconut,80.29,10.14,84.37,254.58,355.13,8.81713738630924
grapes,80.05,13.33,46.13,194.1,516.61,10.67443526064149
rice,95.89,28.41,92.57,310.84,3471.02,16.030552978663334
grapes,79.76,16.98,31.0,497.37,1221.26,15.476917282151222
coffee,59.76,29.22,58.59,251.19,1777.47,15.350818860515226
jute,78.99,20.5,57.81,83.84,4103.52,11.877653819160136
grapes,147.1,33.34,47.54,479.83,1091.36,14.140109588036946
coconut,33.2,10.16,80.42,420.23,3600.58,8.976467680207078
coconut,87.74,27.12,45.14,304.57,154.55,17.16920090585571
lentil,87.76,37.24,44.31,136.52,1406.49,6.839330532033644
coconut,138.58,33.82,90.46,98.93,290.58,10.277961318741829
grapes,105.63,35.19,87.64,419.56,246.05,14.766632798211743
muskmelon,97.77,33.86,39.06,77.36,2190.96,7.505782853178514
rice,86.4,11.69,81.79,60.54,2809.58,7.882683532770022
jute,121.49,32.39,49.62,360.35,1158.25,15.603108137276063
grapes,110.49,37.46,31.5,267.93,884.16,9.936832699963809
chickpea,23.47,12.71,63.2,165.78,1854.61,10.079483017993
maize,32.05,25.1,92.21,146.58,4188.3,13.250304419454194
coffee,111.92,13.27,40.0,291.36,1611.4,10.90629887054735
maize,134.48,38.54,53.03,86.08,2693.04,5.276341977839171
watermelon,130.23,38.28,45.3,160.88,1209.87,8.799548711845075
orange,84.84,23.14,63.44,65.45,3374.3,12.919666301158758
rice,103.02,12.01,83.99,103.49,929.21,8.383131907749593
coffee,65.02,38.57,33.67,52.19,4920.79,8.287701771463526
muskmelon,89.62,32.0,93.68,69.99,1319.25,10.991555808224373
apple,100.99,25.22,68.33,398.55,3343.29,18.39736008542484
muskmelon,37.3,20.91,85.66,439.89,4275.64,16.40611464014744
maize,124.89,17.22,56.68,331.06,4848.57,12.730048241027768
jute,89.07,34.78,80.6,126.0,660.88,7.787707299358431
chickpea,139.25,20.53,50.03,151.67,2090.86,13.020202213443271
jute,72.92,29.81,64.15,165.01,3845.13,11.060466096074776
chickpea,105.85,13.68,36.49,60.14,3476.61,6.287685417691372
coffee,45.09,24.12,31.5,414.45,1344.76,18.748483000684136
grapes,72.12,20.12,91.72,102.43,4163.09,10.343026453908031
maize,51.61,39.1,58.92,236.78,3731.31,8.268956479091793
coconut,81.3,19.47,61.76,244.32,4610.09,11.267359205568654
cotton,119.32,16.83,81.9,416.94,4506.52,19.456372100867185
coffee,54.29,17.56,34.05,200.04,1121.63,11.743498301578953
banana,35.98,26.18,31.63,201.43,3191.54,12.973207291777635
grapes,90.09,13.62,69.76,375.43,705.1,14.201006949368882
orange,115.01,23.79,68.54,109.59,3543.05,14.118589915468313
cotton,82.52,13.82,46.15,88.34,2168.84,9.03436860257096
rice,50.7,39.55,77.55,464.04,3915.9,16.73844582343778
cotton,115.85,13.75,34.27,428.63,476.72,14.574068635677126
maize,93.67,29.59,88.26,234.34,1582.99,13.039558051535389
rice,33.82,22.67,38.82,230.99,1898.44,15.527501527570005
grapes,75.09,39.23,91.6,260.08,558.53,10.106529640305803
muskmelon,54.1,27.42,67.83,326.62,277.34,15.70494699646643
mango,45.79,25.8,45.3,60.67,2598.23,15.29932300065814
apple,134.33,16.86,88.16,247.86,2216.56,11.316097917493774
rice,23.42,34.56,78.62,363.7,1315.63,16.074755060313308
mango,83.08,38.92,52.83,126.32,75.82,7.354128198364549
maize,24.68,23.13,49.62,359.75,4860.84,15.780762172793178
orange,136.14,20.63,82.25,351.39,4708.97,16.03609918941934
coffee,59.45,33.82,59.29,216.61,3989.97,12.77016869801026
maize,130.95,37.6,71.81,389.0,4611.22,14.432122084827876
maize,96.25,25.27,61.42,382.82,2120.94,15.960427923467895
banana,147.77,18.38,74.59,345.82,3844.2,16.447424691743407
muskmelon,24.38,30.69,58.61,410.48,601.13,19.32922995026034
jute,93.9,28.98,68.67,91.88,3982.66,11.84675568589837
jute,90.1,17.79,87.49,156.73,2792.26,13.211438046600245
jute,74.98,29.3,79.33,471.26,2538.82,17.475000196941885
jute,84.96,11.05,54.98,140.85,2622.85,6.717059686981719
orange,107.28,10.48,84.81,443.52,2702.38,13.71404835737387
chickpea,42.35,26.38,92.82,151.83,1047.48,11.839710543399397
chickpea,98.64,24.85,43.46,351.06,3437.69,17.747583406298997
chickpea,25.44,26.08,34.51,393.14,2826.31,18.402931737849
watermelon,31.96,12.76,66.78,279.14,821.8,12.609174981747383
coconut,89.92,29.21,75.1,126.88,3312.74,12.13586336386194
orange,29.42,35.39,43.99,480.86,1678.22,15.993659949231924
grapes,46.46,29.8,64.41,190.14,3886.13,15.11409808730022
mango,60.28,27.68,70.79,371.73,3650.16,17.120255002520437
lentil,80.57,17.37,80.75,76.99,2528.81,11.303609207492851
coffee,44.93,12.73,35.43,380.31,4301.19,12.138487255852452
grapes,135.39,36.13,61.28,421.92,2874.47,13.937967694914192
orange,22.55,32.54,41.25,419.43,1865.57,16.184495891336162
muskmelon,98.45,34.54,89.45,291.84,2935.66,10.425904225966224
jute,129.92,32.26,49.87,461.32,1507.68,14.69054441260745
lentil,81.86,33.17,89.35,94.47,505.59,8.733855495559643
coffee,103.85,27.87,35.82,151.36,3074.69,12.269584901242077
jute,21.38,22.58,62.81,420.12,3610.4,19.11225072014181
orange,127.59,21.48,83.33,272.32,659.97,14.842538297195324
banana,135.01,18.64,75.19,145.46,4072.57,10.254050881875571
grapes,109.98,12.32,43.57,190.54,4122.12,13.291546582826312
muskmelon,77.14,21.79,78.63,223.14,3463.92,13.40888646389062
lentil,75.76,15.23,70.07,463.34,2215.51,14.172691615023178
chickpea,141.1,24.72,32.8,425.18,3325.89,17.43291870747379
coconut,145.38,15.65,89.43,68.23,3409.33,10.845608961291516
apple,104.61,16.72,91.7,388.91,2717.2,15.309174885911968
muskmelon,109.31,15.12,60.25,77.17,3549.65,8.911287028298565
cotton,35.87,23.81,40.33,407.15,3430.13,18.20099821289572
orange,102.05,13.2,91.19,195.32,3577.97,11.715721484528938
lentil,67.67,32.55,42.7,399.26,4777.84,12.577532943757012
grapes,20.07,28.98,81.37,55.54,1468.76,10.170620114926878
apple,70.49,31.46,46.27,229.56,3618.02,11.7765628714048
cotton,68.2,27.76,76.85,476.22,1206.01,14.494315967529293
muskmelon,46.09,10.2,32.41,395.82,3771.82,13.423824572752675
orange,143.17,33.25,66.56,133.22,2045.12,10.358805351275231
apple,49.8,28.45,74.25,133.47,3986.23,12.283591262922611
chickpea,34.28,12.63,82.42,129.39,847.96,7.110689183452049
coconut,74.92,38.41,34.34,260.95,3397.96,9.819424007345583
mango,115.74,19.45,60.74,92.64,4369.23,10.39460271031738
mango,62.12,16.81,42.7,242.69,2937.84,13.525682133812596
chickpea,111.68,35.64,85.2,351.78,4066.95,13.814858800821254
grapes,113.1,35.76,61.22,345.72,783.69,12.488994372774949
watermelon,99.86,22.39,41.98,201.55,1537.93,12.958671721079632
apple,54.35,20.77,86.93,205.88,3934.73,12.023864407468874
cotton,66.95,36.22,55.75,423.09,3550.48,13.70309929924968
jute,39.1,16.35,91.74,400.96,530.58,15.300237475969691
coconut,63.08,11.09,83.22,70.69,599.63,6.338158531094175
cotton,94.29,13.55,44.14,255.79,2291.5,12.02451232816932
orange,130.74,14.11,65.88,396.51,64.08,14.893882646691637
rice,128.64,20.07,31.31,281.53,2247.18,12.448001495207327
grapes,141.28,38.9,46.89,242.38,284.34,7.922803685728354
chickpea,59.57,11.11,66.5,450.69,3994.82,11.984605063557304
banana,52.42,12.47,54.46,447.43,1998.35,12.311126679510595
apple,75.28,34.06,90.74,368.14,4410.63,15.555707461292378
coconut,66.04,12.13,33.28,227.98,182.05,7.679318868442735
chickpea,86.67,19.4,62.55,94.36,3719.33,7.92868608055752
coconut,112.0,22.64,75.83,249.78,1178.11,13.63397305854292
grapes,31.05,15.95,82.75,105.76,4754.41,11.583069192602238
coffee,23.46,22.62,52.32,282.72,505.16,12.612499010214584
maize,59.81,31.93,86.35,218.42,2280.99,12.15834791033718
banana,60.73,34.45,61.2,166.87,3155.89,7.273247800145126
grapes,34.25,34.72,31.34,325.7,3470.22,11.238846528462172
rice,103.45,35.12,88.35,188.77,1915.2,9.912949039264827
coffee,142.49,37.46,65.37,472.74,2745.56,18.52335406984368
jute,35.23,16.33,67.29,230.53,1536.47,13.52685701640774
orange,29.83,26.7,78.63,187.86,2885.2,12.082243865243312
grapes,42.88,17.98,33.92,79.75,4301.1,10.72148287647346
apple,36.54,30.99,71.38,325.6,3498.03,14.93981469570015
maize,63.19,31.76,51.17,458.39,1610.31,16.850798914494725
muskmelon,46.75,11.02,94.44,148.68,4333.34,6.406201682766642
watermelon,127.81,15.35,79.7,378.93,4830.67,12.413398141458638
mango,147.62,33.06,51.37,340.18,1720.2,13.511021974189047
chickpea,120.15,31.28,69.31,285.05,2978.96,14.95117759217982
banana,36.3,19.01,33.32,74.93,4450.4,10.46089564982923
lentil,64.42,32.61,82.3,201.95,1211.68,10.541240261455169
lentil,104.01,29.44,91.17,306.01,2337.95,12.94407066019376
watermelon,44.69,13.45,86.96,102.65,4099.37,9.62918448444517
cotton,80.18,38.98,65.64,376.72,4891.01,11.30585093876316
watermelon,145.77,15.97,69.29,227.49,774.6,11.9779886392977
orange,94.05,31.25,86.73,178.94,3933.85,9.280155572784931
coffee,82.57,21.96,67.67,138.56,4627.97,13.333889372662313
coconut,55.97,26.08,53.88,351.56,3827.34,15.716212826662904
jute,144.71,31.36,41.59,444.02,3799.55,15.597678672474371
watermelon,136.39,26.11,56.79,274.51,3808.02,14.081656608946382
coffee,128.02,32.72,94.03,468.12,3882.22,15.475812808135553
watermelon,61.22,27.84,49.51,408.4,1292.3,15.163940261549175
watermelon,45.26,32.02,73.76,156.29,1366.25,12.437013723696248
jute,22.93,27.82,94.19,381.08,4011.51,16.461013433844112
coffee,52.07,28.07,51.02,390.14,2518.72,16.768783350273157
grapes,27.88,38.82,38.22,163.18,4613.74,10.71069241006212
muskmelon,77.04,10.81,81.68,142.06,2974.11,8.145122406366946
cotton,86.99,12.51,38.9,361.04,1056.36,11.426596993449204
mango,122.9,33.07,76.97,420.16,4142.85,14.200547931979193
rice,101.16,10.86,85.07,74.53,1661.38,7.277913541754444
banana,92.85,35.3,91.31,345.82,377.27,12.351737482439631
rice,50.52,14.91,64.25,487.44,971.2,13.784493410214168
mango,35.22,24.75,70.53,170.49,4132.01,17.04145924138615
grapes,53.48,12.93,41.94,354.84,792.42,11.297039448777165
watermelon,100.27,38.63,44.12,417.94,4147.21,10.875880411167987
apple,128.45,26.46,62.69,60.71,124.16,11.388772551546392
banana,46.69,12.76,88.64,318.14,3404.87,10.494101096370787
grapes,114.43,15.36,32.67,327.19,1529.36,15.336814092169272
orange,78.86,15.19,39.9,100.46,233.53,9.221170727529652
orange,70.48,32.26,49.49,171.87,1544.66,9.369265728380356
watermelon,24.57,28.1,52.4,395.78,842.13,14.562525975799462
apple,34.18,11.84,41.72,189.06,3033.15,7.637950645368676
cotton,26.48,16.22,92.4,484.19,1917.12,17.591011517275916
jute,37.15,24.47,84.41,193.43,4691.42,19.062885011361164
chickpea,48.67,17.92,42.08,356.18,736.81,13.741914469130442
chickpea,25.45,21.26,32.63,353.09,3133.22,14.54703787158259
chickpea,96.59,15.23,67.56,196.61,3663.7,9.947422005076836
coffee,89.42,32.83,84.46,411.36,3661.59,14.134113868565295
maize,104.48,36.8,48.73,455.72,1715.59,12.81428546447578
mango,90.12,13.04,81.32,187.83,4246.27,12.502667046607964
muskmelon,129.81,36.48,71.33,93.02,3281.98,9.193645299483848
apple,111.89,37.9,32.33,114.22,457.2,8.536461067366579
coffee,126.2,10.97,38.47,197.06,1527.2,6.545881351492929
lentil,138.91,24.94,50.4,81.27,2725.59,12.3732109378153
banana,84.96,24.95,61.46,100.63,1771.87,13.911737317071797
grapes,138.05,37.79,86.41,234.26,1381.86,8.959279521803946
maize,76.15,37.26,78.81,63.3,3144.98,8.950339906772061
maize,137.67,38.18,49.78,303.19,3071.48,8.61628270410356
coffee,34.39,14.31,94.99,454.99,2239.2,13.26658628081458
apple,47.62,16.17,84.93,85.63,2349.69,7.314207406083355
chickpea,130.84,25.22,58.0,370.9,2316.31,18.0968480039373
watermelon,97.9,14.71,39.17,145.58,1871.39,11.676887233553668
jute,84.8,31.4,69.74,236.23,4690.74,11.835081458362648
mango,99.08,36.08,94.14,112.12,2295.28,10.106013209717332
coffee,54.02,11.98,75.43,180.1,1311.48,11.289238112666606
chickpea,103.5,28.22,93.54,143.91,4067.0,13.77340299975412
coconut,145.82,27.2,93.01,222.17,15.4,12.096753246753249
mango,147.31,26.23,88.43,388.95,1737.58,17.758693124920867
banana,148.62,24.46,59.54,446.81,1775.55,17.55664442003886
apple,125.68,26.65,37.83,145.01,3242.35,15.049948339938624
grapes,148.8,27.76,57.83,384.38,4764.89,15.302435103433655
orange,132.44,17.1,53.33,236.96,3636.71,10.999199826216554
maize,54.61,39.69,73.45,334.05,479.65,7.115063066819556
banana,139.16,14.86,63.59,206.88,4892.03,10.933984460438714
cotton,42.43,21.95,48.91,187.03,1762.9,13.12157808157014
watermelon,48.89,18.28,39.95,332.29,4201.96,13.092956620243886
watermelon,137.08,15.54,82.66,89.82,1630.43,6.922449905853057
rice,67.41,10.36,69.45,346.67,3337.41,8.64959654342739
mango,67.63,22.02,33.6,371.73,1465.04,15.996300442308744
apple,69.51,17.28,85.4,229.14,325.26,12.88476910779069
banana,64.05,11.72,75.11,433.41,333.3,13.37092709270927
lentil,52.3,27.3,34.14,227.66,4521.92,14.690666796405068
banana,32.23,30.78,80.77,256.44,2169.48,11.065564098309272
muskmelon,32.45,15.87,88.08,355.81,2669.08,12.948390456636744
grapes,131.57,38.52,34.03,303.12,2718.3,11.586300261192656
apple,68.63,21.36,57.75,96.31,2684.48,11.151448325187744
watermelon,31.14,12.23,68.81,204.3,1383.43,6.929624194935775
coffee,31.7,15.04,60.76,148.96,759.29,11.148493987804397
banana,73.73,20.27,33.86,197.36,4584.36,11.51921533212924
muskmelon,135.38,38.03,39.34,309.94,626.08,11.481647712752364
chickpea,89.74,30.64,42.97,320.34,1154.91,12.333991393268738
watermelon,72.63,19.24,37.04,473.13,3625.67,17.913580110710573
coconut,51.42,24.83,51.84,96.67,1315.97,9.958008161280272
orange,63.27,16.17,55.89,133.9,4677.55,9.524977819585038
chickpea,121.85,10.97,75.22,79.83,2260.66,8.280767563454921
muskmelon,111.27,27.4,83.02,460.57,3903.74,17.38552003975675
grapes,114.3,36.38,72.71,326.53,4803.58,11.20925018423759
coffee,149.28,11.75,75.87,306.1,4832.89,9.977860038196606
cotton,119.85,26.11,74.6,314.38,2938.24,15.34838883140928
maize,121.39,14.85,88.55,325.38,3944.73,12.02322592420774
cotton,97.65,34.45,35.2,231.35,2639.23,12.771043069380084
orange,148.07,32.83,78.4,250.4,4406.8,11.00436824906962
cotton,47.43,30.26,86.08,246.86,4056.79,13.048622186507066
banana,50.77,13.67,34.47,440.21,1180.19,13.22261669731145
maize,54.24,10.21,34.34,360.1,965.42,10.627581777879058
rice,133.08,28.98,45.76,415.75,4155.48,18.989904896666573
banana,49.39,37.72,78.56,465.13,2837.91,14.469659009623278
chickpea,67.11,29.93,55.05,488.31,504.55,16.700644138341094
cotton,38.09,31.36,94.74,167.27,4716.13,10.20320898702962
apple,81.34,36.45,37.08,264.31,4098.0,10.813445583211324
maize,71.6,29.53,35.64,470.73,4577.18,16.14007096072254
lentil,82.47,33.86,69.27,380.64,1227.42,13.317576705610142
coconut,31.86,29.17,58.71,187.73,3110.15,10.717245148947798
jute,80.47,15.07,65.4,376.24,955.11,15.01973594664489
mango,88.04,22.24,39.57,478.81,1849.56,17.33327926642012
lentil,36.25,15.81,60.71,84.76,1260.81,9.324394635194835
coconut,74.24,17.47,73.9,121.3,3359.06,10.94825635743333
chickpea,35.07,12.24,58.71,415.95,1926.55,11.249035841270668
orange,145.52,38.36,57.39,352.29,1827.46,12.4665218390553
banana,64.85,13.01,38.08,464.24,803.34,12.930340827047075
muskmelon,101.58,18.56,63.46,378.93,3038.9,12.659567606699794
banana,127.15,10.76,43.92,192.27,973.64,11.007846842775564
orange,41.76,21.04,84.33,113.29,3965.64,13.47550962770196
chickpea,43.13,34.71,86.08,253.39,2360.31,12.460960636526558
jute,110.69,11.16,63.9,334.29,1131.84,11.862418716426353
lentil,77.0,23.31,77.55,61.27,3804.78,12.603614400832637
grapes,36.9,15.05,58.11,131.02,3823.44,8.218894503379156
banana,79.33,29.38,39.13,199.97,2359.59,14.412914955564313
cotton,60.8,24.56,36.67,427.53,1779.14,20.342940971480605
orange,52.92,37.71,57.46,220.3,1263.78,10.351888778110114
lentil,52.21,27.46,93.78,342.72,2607.13,18.02741712150909
lentil,136.6,29.32,66.43,263.8,2096.86,14.981934893125912
muskmelon,144.32,38.24,86.69,157.39,4694.66,11.053935748275702
cotton,93.34,33.63,88.41,356.13,890.14,13.4726110499472
apple,46.19,26.85,63.99,401.93,2451.72,17.987404760739402
muskmelon,100.82,31.04,74.55,210.66,752.26,9.824076781963685
lentil,128.15,13.59,61.18,171.77,4638.32,10.440965694475588
lentil,115.79,28.55,46.97,383.04,1882.64,19.34107423617898
cotton,36.2,29.96,54.67,298.02,482.08,16.73547958845005
cotton,55.39,13.3,63.52,175.8,166.0,6.490843373493976
mango,41.47,17.36,86.59,311.07,1137.86,13.307937707626598
apple,99.82,14.36,69.37,165.68,4435.13,12.709338846888366
maize,38.6,13.87,87.8,321.37,109.01,11.054123474910558
cotton,83.33,16.98,89.86,307.1,4347.45,12.94016492426595
muskmelon,122.94,29.72,48.51,343.0,4954.11,15.887485340454695
apple,143.2,38.6,48.13,274.44,587.02,13.108667507069606
grapes,124.46,10.23,78.16,278.68,2933.66,10.618255012509971
maize,121.01,19.23,34.46,75.23,4489.33,8.715122301100608
grapes,26.66,12.36,69.94,189.27,2873.18,8.515094773038934
watermelon,46.84,11.06,88.84,432.19,2584.78,13.164439526768234
orange,114.47,27.64,49.39,92.06,3737.62,13.483007903425175
apple,26.01,21.86,42.45,484.86,3950.72,15.761752288190507
banana,74.02,19.25,81.42,425.31,3724.63,16.643365918225435
chickpea,116.57,10.6,73.18,176.21,1388.21,8.793676749195006
apple,93.34,10.78,69.77,190.29,1200.79,11.744276684516027
maize,43.9,34.91,40.28,403.41,4230.7,16.15286359231333
lentil,109.67,34.39,55.52,200.57,2498.69,9.572684086461305
watermelon,36.06,23.21,64.14,232.21,2422.57,14.006592172775193
coffee,27.97,11.53,80.72,295.84,1209.68,11.05433668408174
lentil,39.38,13.15,34.93,398.19,1695.08,12.711577034712226
lentil,118.17,31.36,47.5,114.0,4886.88,12.778005598664178
muskmelon,35.54,30.41,30.5,160.6,629.93,12.37869287063642
watermelon,83.08,38.77,87.03,214.9,2724.65,6.9201071697282215
chickpea,63.69,37.88,37.85,194.64,731.23,8.894944135224211
rice,91.77,27.17,64.24,370.21,3137.74,17.568294377481884
maize,21.08,23.69,78.64,472.1,3010.53,18.43722866073416
jute,131.71,15.96,35.26,217.91,1728.14,12.825245639820848
banana,145.43,39.73,84.23,475.05,1160.9,13.612300801102592
jute,53.82,27.33,45.74,339.77,4124.77,14.861371664359464
cotton,75.42,39.9,50.43,371.26,464.86,11.0092931205094
rice,88.77,38.24,92.43,358.0,780.44,11.212854287325095
jute,79.82,29.67,93.14,459.63,4429.23,16.532446949018226
banana,69.17,30.22,71.29,427.17,324.53,16.86417280374696
lentil,129.16,19.2,43.64,203.93,4690.42,13.825932432490054
coconut,79.98,26.89,91.37,370.39,371.33,15.46029138502141
apple,32.44,33.41,35.45,185.15,4584.66,12.589262889723557
chickpea,80.2,27.1,69.73,376.21,1419.21,18.04105100725052
rice,144.87,15.17,39.82,134.92,390.11,10.794698931070725
coffee,121.69,21.72,45.99,393.39,388.15,17.478036841427286
maize,100.19,34.37,45.01,163.46,3435.52,9.599551159649776
banana,62.38,26.61,51.64,96.69,115.48,12.163145133356425
banana,100.02,23.78,81.83,86.22,2327.37,14.93534332744686
watermelon,31.8,30.27,51.33,363.25,2848.34,15.27120357822451
chickpea,104.43,16.28,93.76,109.8,4598.75,12.60992443598804
apple,83.53,14.54,73.74,171.96,1243.21,9.582701233098188
mango,53.12,28.7,87.17,172.05,234.57,13.74263546063009
orange,40.24,31.74,84.67,230.23,1558.02,12.081731941823598
orange,113.29,22.71,73.73,451.27,225.14,19.48809629563827
coconut,84.79,31.08,86.48,109.12,2557.76,11.62885102589766
maize,87.75,14.65,74.3,322.13,201.43,11.523060120140991
jute,28.2,25.86,68.41,182.72,4777.48,15.611259492452088
apple,82.42,22.09,45.35,189.52,2925.32,12.344837487864574
mango,93.56,24.89,57.93,127.6,3911.22,15.029208277724088
rice,76.51,38.35,38.32,453.12,3171.58,13.678904520775134
banana,83.18,26.36,73.93,393.83,1002.19,16.87498378550973
orange,139.87,30.85,93.74,67.23,4958.02,10.815874078765312
mango,107.35,22.06,35.42,141.44,4250.0,12.60493882352941
coconut,37.75,14.77,78.42,342.5,3551.15,12.367954043056477
watermelon,22.71,35.87,34.91,421.8,1571.66,13.51432243615031
mango,52.66,39.1,76.11,240.83,2974.09,8.211681556375227
coffee,118.09,28.34,90.0,413.03,464.81,17.021621737914415
orange,142.83,31.96,56.69,308.61,1846.46,13.674588130801643
apple,85.58,14.29,69.99,281.38,2177.16,10.581891087471751
coconut,42.73,15.12,48.99,434.27,4620.25,16.065054921270495
jute,122.72,13.78,88.96,153.02,4164.68,9.575823352574506
grapes,109.86,13.13,40.78,488.52,2552.19,13.65283540802213
mango,64.03,24.37,87.83,259.27,4628.97,16.235784634594737
mango,60.87,37.45,72.12,135.81,2785.99,8.308066432399254
cotton,112.39,34.97,30.87,183.58,1825.73,12.997453073565094
jute,24.41,20.38,88.76,488.03,4894.62,19.50430268335437
muskmelon,26.79,15.0,55.31,213.69,600.05,12.48102658111824
coffee,86.84,12.23,71.96,224.66,1175.16,12.58286531195752
coffee,83.77,39.36,79.01,147.54,3062.23,8.790492549547224
banana,136.08,26.33,67.38,398.31,78.23,18.742426179215133
maize,93.53,18.37,46.1,319.72,170.22,13.774350840089296
maize,126.95,22.54,47.4,459.06,3968.3,18.04275886399718
coconut,133.08,38.12,89.39,436.08,2844.39,14.800625090089616
coffee,104.9,28.36,40.11,456.23,3899.04,16.278106918626122
chickpea,72.59,13.57,90.83,166.86,2697.43,10.151507175348389
maize,83.95,16.36,70.49,86.46,2789.03,9.791500987798624
watermelon,26.76,35.3,89.33,282.16,4040.47,13.958462753095557
muskmelon,101.52,18.28,65.08,202.33,3793.36,11.213647004238986
jute,45.6,12.1,47.85,169.79,1654.9,9.141899812677504
coffee,79.29,28.84,35.26,411.17,1144.21,17.878142998225847
watermelon,23.36,14.02,46.05,397.21,3585.59,11.942388839772534
rice,99.91,39.64,86.7,223.26,769.85,11.474936675975838
watermelon,148.54,25.28,76.23,318.02,72.53,19.86060940300565
apple,33.94,33.98,38.48,310.88,4485.95,10.993662434935745
apple,109.91,16.35,89.13,424.2,4938.95,15.07655878273722
jute,37.64,27.02,73.03,368.25,3722.47,12.970764035707472
coffee,80.57,28.14,75.31,371.61,1379.77,15.156170956028904
chickpea,148.22,18.62,85.24,494.69,2404.17,17.764326149981073
cotton,70.34,13.09,73.42,209.05,2760.92,10.84034669602886
rice,90.06,30.64,65.93,261.45,4687.16,14.450675889024485
apple,83.7,17.86,62.54,192.65,4024.74,12.796289946679783
chickpea,121.27,17.41,59.42,263.99,734.5,12.952089857045609
watermelon,126.93,39.14,61.42,376.73,480.02,10.253426940544143
jute,127.58,28.29,66.61,139.88,2835.51,12.049038797253402
watermelon,44.58,22.9,44.86,167.89,4099.15,13.169927911884171
barley,30.0,18.28766124,69.48515056,48.60449438,1563.4798458380783,1.6561788425858088
barley,59.0,18.57665902,19.22008229,72.94940441,4376.705509390896,1.7222001132036193
barley,18.0,27.37659643,63.93927841,49.47371773,3615.0036158631783,1.6535391554928671
barley,44.0,20.18649426,19.63719995,78.26039559,3367.560756635982,1.9041901019522305
barley,31.0,18.8202251,16.1074793,89.73119396,2297.446008575155,1.379214775000802
barley,26.0,29.87854588,65.73085206,44.95654782,1588.966247380636,1.4407535020146849
barley,31.0,28.31886863,60.19461399,45.36521251,885.5638486139972,1.687932159207308
barley,59.0,20.36720401,16.89574311,82.2545577,4110.409586175367,1.8601609965803085
barley,31.0,17.57212145,14.99927489,89.31050665,2323.1051593344446,1.6109843692965153
barley,0.0,25.86928193,61.88321072,36.68284038,1309.4534591809213,1.3059324107536092
barley,22.0,18.86805647,15.65809214,88.51048983,1723.82649660261,1.6644842080363773
barley,52.0,17.25769499,18.74943955,94.00287214,2816.878275767584,1.9023262995470729
barley,32.0,27.60195453,63.46170674,54.37814199,1207.0911317569269,1.6948894824472944
barley,54.0,17.141861399999996,17.0662427,83.74606679,3926.457136369502,1.9688131702164937
barley,39.0,25.43459777,69.12613376,41.02682925,3534.07811934084,1.8255260618251234
barley,22.0,23.7937153,68.03209183,49.73922097,3377.8518238037473,1.4920085851373552
barley,4.0,26.25070298,67.62779652,40.8106299,2228.372159100415,1.479615787702029
barley,58.0,20.99373558,19.33470387,93.55280105,3009.2353628097726,1.761595690174252
barley,13.0,19.1345771,62.57526895,36.46946971,2836.3918756509424,1.5827595870172297
barley,6.0,24.388717,62.50453062,47.26052494,3099.38640621928,1.451208072355962
barley,26.0,23.05276444,60.424786,52.60285259,837.7772845595564,1.6112811241540865
barley,26.0,23.05276444,60.424786,52.60285259,2163.2296086824385,1.5463769624284507
barley,35.0,17.81564548,17.60756635,90.82097601,666.4566954475699,1.814277570376909
barley,15.0,25.13163619,66.92642362,49.04015558,2475.9632769780756,1.5209390905801974
barley,22.0,17.16606398,14.42457525,72.32667516,1819.4448493311413,1.4748680436471697
barley,7.0,19.55750776,64.45268309,53.04669416,1078.0967554641875,1.390522152232374
barley,34.0,20.97195263,63.83179889,53.10207889,913.6118708902065,1.7626888704910448
barley,42.0,19.2582557,14.2804191,65.78042032,2850.578288710848,1.7900104491262099
barley,22.0,17.84851658,19.09172907,76.32470713,1182.3718741475445,1.589726798906293
barley,31.0,25.40474421,65.8567539,51.92057267,4200.480473507188,1.7445507355741556
barley,40.0,20.94981756,65.8108757,44.23913012,2824.24455880158,2.043597451878917
barley,22.0,29.03017561,64.49166566,54.93937710000001,1887.4792181393482,1.5307335275444753
barley,26.0,18.06486101,65.1034354,51.54922825,2863.661965925667,1.5130879597769047
barley,49.0,19.71098332,17.63879418,85.57925437,591.21548411879,1.6910604847180775
barley,40.0,17.02498456,16.98861173,88.55123143,4334.2368529657815,1.7643884528082456
barley,37.0,24.02037872,61.62313345,49.78102578,2429.213747771601,1.8973908609905024
barley,6.0,24.388717,62.50453062,47.26052494,3630.940909001145,1.443745579790379
barley,60.0,19.12065218,18.43475844,85.52950164,830.9199996897543,1.7697710855561828
barley,34.0,20.65691793,15.84572566,65.23811143,2446.633323352641,1.575727080613015
barley,25.0,20.09340593,15.11279612,85.74904898,2462.8279774180837,1.6821756085396629
barley,34.0,23.43974653,63.22011726,45.40277297,4251.3058198999315,1.8122700225007704
barley,42.0,17.22385224,15.82069268,76.57580954,2786.9122095043017,1.7768629916481722
barley,7.0,27.52185591,63.13215259,45.20841071,2393.957604227815,1.3809983878266046
barley,51.0,18.88852533,14.99451145,80.11133840000002,1567.9026523675743,1.8468129799826358
barley,43.0,19.46233971,15.22538951,74.58565097,1826.2759893702087,1.767646619209008
barley,22.0,17.16606398,14.42457525,72.32667516,2582.689609886151,1.5539178907504576
barley,40.0,17.02498456,16.98861173,88.55123143,2255.6458412201864,1.7987520240197954
barley,22.0,18.86805647,15.65809214,88.51048983,586.4483195213218,1.5828981169531682
barley,17.0,26.03026959,69.55863145,37.11395801,3805.167696777431,1.6414601730446114
barley,59.0,17.3348681,18.74926979,82.61734721,4084.643087359067,1.8636972853071028
barley,59.0,18.57665902,19.22008229,72.94940441,1060.996355994443,1.9219365034382139
barley,24.0,18.19903647,17.41333199,80.6405403,2716.1445741561975,1.6412199736081294
barley,57.0,17.17012591,17.30457712,72.78624223,934.3029645417741,1.6190799110575502
barley,10.0,24.98287462,66.895409,38.21370568,3188.9603721592466,1.455954929944711
barley,52.0,17.25769499,18.74943955,94.00287214,1624.9351353560332,1.723500156108612
barley,25.0,17.48042641,15.7559405,66.96980581,3137.690538767607,1.4792724254419913
barley,52.0,17.48504075,16.96070581,86.05078037,3407.9784571475307,1.7559920780372045
barley,58.0,20.6543203,16.60820843,74.6631118,3574.589967670628,2.13112363146579
barley,52.0,20.118744600000007,14.44228303,88.68168643,930.9637838235863,1.7142849507851077
barley,36.0,18.2872007,16.67921616,74.87445574,4164.047380550432,1.799111066496829
barley,4.0,26.25070298,67.62779652,40.8106299,1420.8559635795232,1.243725745574552
barley,37.0,19.45591848,18.02235902,78.44910564,649.6502247047191,1.6521107887126667
barley,2.0,23.89271875,61.78779413,52.55730112,2719.4098775659336,1.4378043081171012
barley,0.0,29.82112112,69.4073209,51.56461082,1983.689135449755,1.4398135739256426
barley,36.0,18.2872007,16.67921616,74.87445574,3819.1589725296526,1.7647737384043192
barley,23.0,18.97424756,19.5161216,80.7108745,3733.005888257207,1.6649203536596575
barley,0.0,25.86928193,61.88321072,36.68284038,1768.5555712908613,1.3624799184824725
barley,28.0,18.72963144,19.18197264,71.58010169,4311.59758027898,1.5468232854397386
barley,47.0,17.18248372,16.42891834,72.85017344,1663.6713525604746,1.865522964197415
barley,24.0,22.6371424,65.44544859,38.30411077,2560.228516926858,1.5900002663927484
barley,32.0,20.0467711,65.84395319,46.05333124,1523.8603622704109,1.49167742191841
barley,4.0,29.19585548,68.01965728,44.93261911,4244.1742801958535,1.2892868002496551
barley,39.0,19.96837462,15.57324389,69.15759062,1158.4312703280725,1.5962369485367147
barley,48.0,17.43732714,14.33847406,73.0926704,679.6424775693159,1.8295165785754586
barley,13.0,19.1345771,62.57526895,36.46946971,2240.388240012152,1.4956829891548633
barley,38.0,29.84823072,60.63872613,46.80452595,4469.502256223348,1.8113474011417623
barley,22.0,18.8392908,14.74071856,94.78189594,4066.709065019656,1.5015112589058666
barley,60.0,19.12065218,18.43475844,85.52950164,3494.432077827797,1.9213566190978175
barley,30.0,27.14911056,67.02664337,52.50812701,4063.1699635140994,1.7544484161313147
barley,14.0,27.99990346,65.57653373,49.94043064,4073.786558791453,1.4814661207354205
barley,44.0,20.18649426,19.63719995,78.26039559,2575.433441545796,1.835649296081143
barley,59.0,19.03025305,18.66725565,94.70992037,1763.716207323172,1.7868728424540228
barley,10.0,24.84918386,68.98088448,41.61080544,3588.049728443952,1.4507409868137495
barley,49.0,19.71098332,17.63879418,85.57925437,3146.645052671044,1.7535782690493074
barley,6.0,25.78746268,60.2816298,49.14337177,1994.6309154948403,1.3173563737440377
barley,28.0,20.56601874,14.25803981,83.75937135,877.8666722460611,1.6953671318591959
barley,24.0,18.19903647,17.41333199,80.6405403,3487.158445396104,1.5036496674294602
barley,17.0,26.03026959,69.55863145,37.11395801,1549.8420636914586,1.5584562917915534
barley,2.0,26.57597546,60.97876599,50.89110726,4247.252602135117,1.47231076719644
barley,39.0,19.96837462,15.57324389,69.15759062,1463.882300022739,1.7845210717953404
barley,5.0,18.28072173,68.10365387,48.80253285,991.0317296459441,1.4700957929309484
barley,28.0,24.70626432,60.26854183,53.12442925,3824.4506884996244,1.6459710919511696
barley,3.0,24.38041875,61.18458224,53.13946695,1113.1372664979763,1.3811145977053225
barley,3.0,28.67408774,63.18832976,42.96018627,1217.0732326309562,1.404614796076999
barley,12.0,25.62896213,63.14909763,45.49683991,2897.531166083374,1.3078835644246625
barley,4.0,24.84063998,60.09116626,48.77790371,3998.248163349858,1.272527732000387
barley,54.0,17.141861399999996,17.0662427,83.74606679,1285.738662858293,1.6148548247175818
barley,22.0,17.16606398,14.42457525,72.32667516,1741.294691600379,1.405359822401309
barley,22.0,27.70496805,63.20915034,37.46160727,3609.6193529647103,1.6450888523482194
barley,32.0,20.45078582,15.40312102,92.68373702,4387.3057042438695,1.5457231098946353
blackgram,74.0,23.24113501,84.59201843,233.0453455,2411.5090960949833,0.8789728838951358
blackgram,113.0,28.87726019,92.48839665,24.44267592,2167.55747437954,0.7127560067969837
blackgram,72.0,18.52510753,69.0276233,88.10234397,1430.2797621154948,0.6139383661266271
blackgram,50.0,31.18298415,90.21646909,54.01872359,1970.047240460512,0.6018059958955606
blackgram,140.0,22.72767171,77.07598065,77.55176318,1965.5697993049896,0.8079838270772122
blackgram,102.0,27.72338349,90.93897939,22.81863447,1809.9822576501817,0.7326881994035798
blackgram,40.0,31.89356292,49.02450149,89.59371481,2017.8563189077158,0.42682691834295355
blackgram,120.0,24.23850608,54.30329632,115.1564012,3242.9733818237814,0.747447925334441
blackgram,61.0,23.33844615,59.24580604,105.0083144,1687.5058982851413,0.5474918048256416
blackgram,6.0,27.31155708,99.96906006,201.8258633,4295.431706861362,0.4804708769762661
blackgram,8.0,29.75150773,46.73723302,91.405983,4165.392078152712,0.40388653896338506
blackgram,96.0,20.58314011,69.00128641,66.29390357,2423.6417132003144,0.6555344749347057
blackgram,101.0,25.5421695,83.31883376,57.57343233,1813.444820018755,0.7494894409006942
blackgram,112.0,29.244063800000006,77.32017166,90.66727868,2641.7391593200127,0.6415479835683094
blackgram,34.0,23.48546973,93.71043692,191.7760562,3894.2419550944983,0.597978431352472
blackgram,5.0,27.351105600000004,54.43945147,96.27792547,3110.349362240408,0.4156852535001817
blackgram,94.0,28.55980972,84.51602322,111.0843029,3717.56731178831,0.6543259700380811
blackgram,107.0,23.17124551,52.97841162,153.12016440000005,2630.8891042629607,0.770128503127632
blackgram,89.0,25.19192419,66.69029010000001,78.06639649,3031.670517070483,0.6941270720465835
blackgram,22.0,28.43572863,95.8840407,203.9283708,1652.6224567298468,0.6518185311458221
blackgram,56.0,31.56213762,93.0484859,63.62250788,3439.572649241163,0.5479373847859905
blackgram,12.0,31.09779147,47.41196659,90.28624348,1309.6183725028734,0.4155125997013893
blackgram,83.0,26.89750174,83.89241484,43.97193745,3279.1925152739927,0.6353975631609848
blackgram,12.0,33.36140093,45.02236377,98.81596545,3942.8762733035765,0.4376285414123555
blackgram,110.0,28.91105641,90.78413842,23.44398467,1028.4113492061756,0.7239816111872496
blackgram,123.0,25.78544484,75.00539324,91.39578861,2957.518962167679,0.6927851519255406
blackgram,68.0,26.14384005,66.20569924,107.2361366,880.3829929197384,0.6114559485025632
blackgram,107.0,29.57240298,93.61870344,27.56918621,3402.8625130857076,0.7153098780087204
blackgram,6.0,27.31155708,99.96906006,201.8258633,837.972875294081,0.6396010419319568
blackgram,68.0,33.20258348,92.76437927,197.5282582,4243.7592908025035,0.7932198499026282
blackgram,103.0,27.15998538,51.59100753,126.1752206,1049.6317201512088,0.6533101938330435
blackgram,31.0,33.7960155,93.00754254,182.026807,4335.520983636321,0.5132607457926661
blackgram,82.0,29.34033587,90.01506395,21.44532907,3703.5367043403867,0.5615578830866564
blackgram,38.0,29.33710543,90.81781439,202.0572747,2874.7280178654164,0.6031328289098179
blackgram,31.0,28.22373428,47.40519056,97.76832322,3630.4964185181875,0.5141791252882612
blackgram,117.0,25.99237426,77.0543546,89.1188212,3680.4593559323434,0.8134329228208269
blackgram,83.0,24.92994759,85.00802358,48.75859458,4284.108251269321,0.6111433637801255
blackgram,107.0,23.73868041,75.77503808,76.63669195,1513.5334153567487,0.6766496526780335
blackgram,26.0,27.45907759,92.90736493,142.1430003,2860.3035814332366,0.40557202903457523
blackgram,25.0,33.56150184,45.53556603,95.70525913,880.1967902576049,0.45598958673933576
blackgram,89.0,24.69368934,85.56967628,48.99390828,2964.662800096485,0.6088874690765165
blackgram,99.0,29.19378695,91.46241065,26.48240255,1185.165216371155,0.6538189876788301
blackgram,83.0,28.92705913,91.39356832,23.20076686,2759.8024458897676,0.5956071947444636
blackgram,1.0,27.5136304,94.18955816,156.6732553,2789.722056135399,0.41802624664574634
blackgram,99.0,24.80624984,82.09281674,156.3616174,2363.9406119249093,0.5955321325783489
blackgram,39.0,32.51247398,94.65904123,51.07048113,2590.527102052491,0.44529857964380054
blackgram,7.0,29.25902906,95.11294697,184.7624496,3555.693560026352,0.5678267434941267
blackgram,34.0,35.37775595,45.58110023,97.41586402,3696.9788660482664,0.42530641532599744
blackgram,120.0,23.56960509,50.56339727,130.3797119,2468.6128623017166,0.6836649809289698
blackgram,131.0,23.65724079,84.47601498,88.54479121,2898.373766090449,0.8943727608836727
blackgram,34.0,27.05826457,91.10510371,224.70069530000004,4224.944942760407,0.8599239331382819
blackgram,86.0,28.96586565,90.71832938,22.25838137,978.9343540044913,0.5877347869567949
blackgram,113.0,22.00085141,79.47270984,90.42224164,968.414263600442,0.7044924051616811
blackgram,76.0,20.08369642,83.29114712,263.6372176,850.8360476430737,1.012906601686142
blackgram,50.0,31.18298415,90.21646909,54.01872359,3131.453140162111,0.6157056785389516
blackgram,126.0,25.84997269,84.16855231,77.03421249,2174.4332031615177,0.7062340898694596
blackgram,82.0,28.50416396,93.46806467,24.20007242,3597.285664567373,0.6269578640980414
blackgram,117.0,29.11858526,92.12543021,24.52020164,3184.92565323437,0.7773963158620877
blackgram,105.0,26.2148837,87.68839820000002,59.65590798,1834.5510333129528,0.733239100551458
blackgram,63.0,28.64555584,93.22642604,115.8163936,4093.466189446143,0.5696296046706819
blackgram,104.0,28.96361426,93.88482153,23.56130173,3550.128588282609,0.6899040308319628
blackgram,67.0,23.50297882,61.32026065,64.77791424,1582.1397636407028,0.5374116107022556
blackgram,86.0,21.54156232,59.64024162,109.7515385,1956.768071088216,0.6381699610685282
blackgram,120.0,22.31871914,83.86129998,65.35747011,1757.7599208170516,0.7302221787106363
blackgram,35.0,42.93605359,90.09448142,234.8466111,1130.4465944999986,0.6234608351339693
blackgram,89.0,24.69368934,85.56967628,48.99390828,1091.1334901687665,0.6358825927581896
blackgram,105.0,25.01018457,78.76260938,108.3690513,4244.509853502976,0.7362644602468085
blackgram,95.0,26.22916897,83.83625819,286.5083725,2251.616148795013,1.2785034892068565
blackgram,71.0,26.63952463,70.95705996,199.3355744,2033.2792911096394,0.7516897389127308
blackgram,114.0,26.33544853,76.8532006,118.6858263,3418.7428347095115,0.7537470953657303
blackgram,119.0,29.68846716,94.30111601,26.83924845,2711.9722610115996,0.7373806178869102
blackgram,70.0,23.31689124,73.4541537,94.29712821,4244.55994735385,0.6117534945306041
blackgram,39.0,23.012401800000006,91.07355541,208.3357976,3621.205975637569,0.6260514582097991
blackgram,104.0,25.7131428,80.22972777,43.08961827,2417.4782564981615,0.7243249594980034
blackgram,140.0,25.5308271,80.04662756,99.39557151,2005.437893923305,0.7992834501999683
blackgram,39.0,33.33024826,45.61143594,98.28583013,4446.526179697288,0.5834190902640533
blackgram,118.0,26.35034208,58.50650238,121.5586297,3371.040944014574,0.8377295331635028
blackgram,75.0,19.39851734,62.35750641,60.95197486,4304.7786400153645,0.6296746288989855
blackgram,1.0,27.5136304,94.18955816,156.6732553,973.9143088681654,0.39549040620789494
blackgram,94.0,23.30355338,73.62548442,97.59081274,3902.13471676313,0.6172633662573125
blackgram,107.0,28.59052369,91.33617236,29.44008034,3048.2955359648304,0.7745627052748035
blackgram,117.0,23.1069385,67.06230539,162.57696059999995,987.6867133404503,0.7557635694731798
blackgram,102.0,27.98780984,92.78226196,27.14509034,2853.0319998768828,0.7226297876318256
blackgram,36.0,26.58413917,95.78923137,171.6262299,3244.3854604217954,0.4641606963740762
blackgram,85.0,26.0713757,88.7285657,57.79652846,549.2107435544114,0.7023615475966714
blackgram,84.0,23.17714381,52.13864034,117.3113562,2317.2718473669865,0.6735064372057155
blackgram,28.0,28.94099669,93.00109012,191.7723087,3801.5980447852844,0.5202027264216328
blackgram,27.0,28.83214859,92.17170353,145.41723869999996,1681.4361013763594,0.47040774322982737
blackgram,114.0,24.32630461,80.13456404,69.45072055,2334.192327194204,0.7494455980145148
blackgram,100.0,29.72791119,94.29753295,26.52364146,2269.256508271573,0.6856262197856625
blackgram,12.0,33.36140093,45.02236377,98.81596545,1707.7095657699663,0.4192658946893512
blackgram,2.0,29.73770045,47.54885174,90.09586854,4173.767582062217,0.4147974465556245
blackgram,102.0,28.65456263,79.28693687,102.4633775,3625.1761417260636,0.6793298325890188
blackgram,44.0,42.30495821,90.51431779,74.876786,942.353643984442,0.45973665901466854
blackgram,83.0,29.54097171,92.91778307,21.9653077,4488.138631350292,0.7128693781301862
blackgram,32.0,29.60718808,93.15642801,62.68710535,4016.800097230981,0.39710569792788486
blackgram,37.0,27.63551259,99.34854917,157.91715369999997,1635.6337514561558,0.5095459373792733
blackgram,105.0,25.29954705,81.77527562,57.04147057,3847.5863186437527,0.7194628109712878
blackgram,61.0,24.97669518,83.891805,204.8001847,925.6781274855315,0.7477504388794243
blackgram,80.0,26.05433004,79.39654531,113.2297373,4496.418921896955,0.6210869249160664
clover,27.0,21.45278675,90.74531921,116.7036582,1191.9777807663752,2.5764447183152233
clover,0.0,21.22503442,90.09877774,113.9760462,1755.573479207957,2.3348277321728386
clover,10.0,22.31253665,90.03577124,113.0688155,3470.7702669003424,2.625356918555675
clover,8.0,21.18667419,91.13435689,122.233323,558.7313742402831,2.473992981790799
clover,29.0,23.08950736,90.22507299,108.2166601,3808.693698082746,2.8893399917850155
clover,29.0,22.19055385,92.43764169,121.6622761,3926.192094298233,2.6060718753263283
clover,33.0,21.0365275,94.33919546,114.7412734,1989.0462927661927,2.7636646964218823
clover,18.0,22.35548159,94.47811755,116.7366261,1114.4515962425392,2.637710782104102
clover,7.0,23.8494014,94.34814995,114.0512495,2903.3616317803235,2.60191666407426
clover,32.0,23.83053666,90.84422164,109.5966791,978.6902234595773,2.7341175691020396
clover,18.0,22.44307715,91.59234006,102.5565807,1959.67744431301,2.706153259310845
clover,7.0,22.96388477,93.58065995,104.64729859999998,4333.7167236038895,2.3839099953558858
clover,10.0,21.19852186,92.15595143,105.8554351,4481.857890334548,2.4366788559073833
clover,30.0,23.76881552,90.59810302,102.2648546,3588.4195654183422,2.97745647725207
clover,26.0,21.41363812,92.99124545,118.3979065,1743.8460396830649,2.273584913426433
clover,7.0,23.8812458,93.45067555,104.9116663,3250.6601966643702,2.1885368874112627
clover,25.0,22.31944084,90.85174383,100.1173443,3321.6254619360507,2.382220957708196
clover,15.0,22.52709326,92.54780429,115.3830068,2051.366780654599,2.0765330537979185
clover,19.0,23.34467359,90.37981478,112.8954016,3063.5545383446374,2.4793083645724954
clover,2.0,22.69780133,92.82223419,105.0508234,542.910579902705,2.498589109544545
clover,13.0,22.9215706,94.89613443,105.6941544,1336.2306344089657,2.4690872654554683
clover,13.0,22.20700989,93.50574163,120.1593771,2600.3532118690446,2.559029591404975
clover,38.0,23.76121837,93.661643,100.825956,1155.0052170331835,3.1681127082874174
clover,38.0,23.76121837,93.661643,100.825956,1163.6274715061345,3.223707926703683
clover,24.0,22.53779727,91.48135786,101.8474768,3845.217162200952,2.675205673221917
clover,0.0,23.67287749,90.4935574,104.2298028,4456.532010734421,2.586671934626796
clover,14.0,23.35225078,90.90054697,113.0381382,2723.8777121137937,2.564163898515122
clover,36.0,23.65167552,94.50528753,115.3611268,3856.2789235268538,2.68982288510082
clover,28.0,23.46260321,91.45665004,111.7763395,4461.286657305091,2.6284015219663197
clover,18.0,22.44307715,91.59234006,102.5565807,1066.3835542750987,2.290144688776013
clover,32.0,22.86006627,93.12859895,117.7296726,2292.9824530174046,2.6152175801918043
clover,2.0,22.47420512,91.22759742,124.2179699,2070.29086336768,2.287632925717792
clover,29.0,22.84852833,94.32130209,123.5977843,820.1971345847401,2.947512880606506
clover,22.0,21.91191314,91.68748063,117.0761277,3521.320691178978,3.016897994487217
clover,5.0,22.35628673,91.92360477,107.7697413,2235.116109290372,2.134105305445809
clover,28.0,22.76643029,92.12438519,120.4359949,2377.307736761605,2.8399347005636546
clover,14.0,22.60800988,94.58900601,116.0396587,1102.6918952529609,2.3274998667771074
clover,37.0,23.59997268,90.97597665,107.17281909999998,1223.7066089234725,3.0079038891804304
clover,30.0,23.76881552,90.59810302,102.2648546,4128.41448862486,2.762882970673722
clover,29.0,22.43324518,92.48667725,119.1025189,678.5963558971155,2.35986211853087
clover,2.0,23.12652652,94.71203306,108.62118329999998,1431.409139774825,2.536212521731072
clover,32.0,21.25941052,92.84416234,109.06584709999998,1668.2373212581135,2.657705001327427
clover,40.0,23.80593812,92.48879468,119.6335548,2460.7901696063454,2.8191851060047406
clover,35.0,21.07273439,93.56585985,107.8737015,2845.780692059184,2.592178398318952
clover,32.0,21.25941052,92.84416234,109.06584709999998,2473.1599034026663,2.6466937760774996
clover,29.0,22.44075021,92.70785115,121.4977331,836.4613382275281,2.8595717614887395
clover,14.0,21.72484506,92.83975602,121.6961761,1474.6698162228543,2.4897952434561184
clover,30.0,22.91430043,90.70475565,118.6044645,3874.3535390501647,2.85859036961078
clover,13.0,22.20700989,93.50574163,120.1593771,3050.354801913836,2.592107635591717
clover,29.0,23.08950736,90.22507299,108.2166601,3096.5962005370975,3.064650202165205
clover,26.0,21.41363812,92.99124545,118.3979065,3180.81302140542,2.6306859059650654
clover,16.0,23.71475278,91.53331177,121.8961665,3551.6120761581165,2.2736357532843705
clover,18.0,22.44307715,91.59234006,102.5565807,732.4339268857893,2.8196383965683984
clover,32.0,21.25941052,92.84416234,109.06584709999998,1966.4335397304496,2.718816030409826
clover,10.0,22.16939473,90.27185592,124.4683112,2658.1097410467146,2.693724715407235
clover,33.0,22.29423493,90.69033986,122.7418744,1853.8259331893041,2.9104424737663455
clover,11.0,22.98458907,93.3204487,122.1952483,3877.915493148746,2.470589370281982
clover,37.0,23.59997268,90.97597665,107.17281909999998,2430.2900343491756,2.9787117741095015
clover,17.0,23.87192332,90.49939035,103.0548094,3574.5103578375165,2.9992897716548788
clover,22.0,21.91191314,91.68748063,117.0761277,3908.0620675246764,3.0924671340507675
clover,29.0,23.08950736,90.22507299,108.2166601,2519.165931613992,2.787186127334805
clover,7.0,22.96388477,93.58065995,104.64729859999998,4138.2089754854,2.466924735189445
clover,14.0,22.60800988,94.58900601,116.0396587,2848.4957621479225,2.7574342961889227
clover,40.0,22.85267372,94.57645809999998,117.53140259999998,3901.097195334887,2.7382129888906257
clover,30.0,22.50050273,92.45878335,100.9343903,1862.3631823660971,2.8549314211672505
clover,30.0,21.37784654,92.72043743,106.1417017,2495.2678341259407,2.7589860418258154
clover,0.0,22.02775403,92.96129462,121.1349176,2625.6441640183107,2.3781042608041205
clover,35.0,21.17089176,90.23730166,123.6495149,919.9188635842823,2.6474675351954633
clover,33.0,22.45696744,94.76285385,114.8407725,2094.210026806162,2.4665363972011427
clover,6.0,22.98208095,93.84505029,109.5852253,4169.350690206704,2.0192048198433263
clover,18.0,22.35548159,94.47811755,116.7366261,3023.3289614589694,2.3646985994832224
clover,21.0,23.86087054,94.92048112,105.0241329,1210.02632974787,2.557910398832356
clover,30.0,22.91430043,90.70475565,118.6044645,1855.42254243842,2.7200237224958683
clover,17.0,23.87192332,90.49939035,103.0548094,1266.4120386507993,2.9964294596193666
clover,5.0,21.42177231,92.62665309,102.8045658,599.2925271942902,2.5989055540430916
clover,35.0,22.03911546,94.58075845,110.9804014,4209.841834016107,2.631283487458045
clover,25.0,22.81212536,91.51861705,107.855225,2292.829313027486,2.783572164326561
clover,9.0,21.12152071,90.6878768,102.8017203,1730.1402896831446,2.3639353878578384
clover,2.0,22.71271308,90.45261746,109.8852597,2893.908766230946,2.3037696730928534
clover,25.0,22.31944084,90.85174383,100.1173443,529.2578251720626,2.7427624903378676
clover,2.0,22.47420512,91.22759742,124.2179699,1612.0884264032554,2.471741809745516
clover,20.0,23.50201428,92.21083961,107.9868949,3312.13386279557,2.566332062868704
clover,27.0,22.48403042,93.40819246,105.5473627,3035.079092277052,2.967829238102462
clover,21.0,23.6119202,91.70293849,123.5900822,4427.223790170142,2.411454633561217
clover,13.0,22.9215706,94.89613443,105.6941544,2981.4308386321763,2.5279532903460766
clover,26.0,22.44516988,94.73763514,107.1843273,2410.0234945109314,3.284531203944241
clover,28.0,22.76643029,92.12438519,120.4359949,3545.7302527360307,2.8025439530679352
clover,29.0,22.43324518,92.48667725,119.1025189,4113.311487856212,3.0818422414119007
clover,32.0,22.86006627,93.12859895,117.7296726,3382.7837868734064,2.8358546780085394
clover,8.0,21.18667419,91.13435689,122.233323,4352.844894197518,2.542321733773985
clover,17.0,23.87192332,90.49939035,103.0548094,3628.0206829527087,2.5825742477394895
clover,10.0,22.12659387,90.97818277,104.5412275,3967.205753047706,2.4389740778322366
clover,2.0,22.71271308,90.45261746,109.8852597,956.4162847345488,2.210394337992689
clover,2.0,22.78234161,94.36803516,122.1449949,3429.6540119751508,2.439205052488316
clover,13.0,23.1094265,92.79630809,108.183792,2260.3547981094744,2.3560563310784732
clover,32.0,22.86006627,93.12859895,117.7296726,2712.4152096451007,2.9651452686260398
clover,29.0,23.64142354,93.74461474,116.6912176,3116.409637929427,3.017145310848832
clover,19.0,23.34467359,90.37981478,112.8954016,4379.2604668222775,2.698427720660055
clover,29.0,23.64082979,90.95257927,116.7431319,4438.312325726498,2.7125382760568675
clover,2.0,22.71271308,90.45261746,109.8852597,1652.912981951621,2.443012598953504
cowpea,12.0,16.14820285,91.4448027,107.4287664,643.3710056726527,0.6518747388223424
cowpea,54.0,35.67667332,93.30641944,141.3381168,4339.098089316882,0.6048789393401525
cowpea,99.0,29.19378695,91.46241065,26.48240255,912.0107365206352,0.8170210497674776
cowpea,22.0,22.92052307,85.12912161,110.2437841,664.3163732193877,0.617611930900939
cowpea,67.0,22.72791041,82.17068809999998,260.8875056,1484.2664460197539,1.2169025049434932
cowpea,20.0,29.07412717,93.27189064,100.7896871,762.1217356735297,0.6661114230527713
cowpea,30.0,26.31270635,98.62048026,208.1181381,2320.4713696470494,0.8614227201898338
cowpea,38.0,31.22790131,94.94021378,46.44279118,2564.3512050284494,0.5819599753068476
cowpea,88.0,25.7354293,83.88266234,233.1321372,1750.2797961143358,1.2994236681425901
cowpea,76.0,20.08369642,83.29114712,263.6372176,703.8419302995442,1.2538812785246312
cowpea,5.0,27.351105600000004,54.43945147,96.27792547,946.4014729969068,0.6353656593753189
cowpea,67.0,26.73072391,81.78596776,280.4044392,2038.0175119597125,1.2986710780943134
cowpea,14.0,23.82576704,24.75485098,84.64143632,742.1138033061445,0.5804537623203004
cowpea,118.0,25.44926208,79.49221962,100.6619171,3292.758902439654,1.036501453532789
cowpea,56.0,38.2016825,93.97379963,218.09088140000003,1328.0821660992478,0.9527482721966776
cowpea,69.0,23.05804872,83.37011772,251.0549998,1708.286275134554,1.2787646145747904
cowpea,108.0,29.12036889,80.18080728,112.3982055,2076.50310871239,0.8161015424046212
cowpea,74.0,25.65553461,83.47021081,217.3788583,2166.4385322765916,1.1433280155836676
cowpea,4.0,22.67594476,93.36348717,110.3332655,506.64283069920214,0.5255806826297941
cowpea,93.0,27.84767901,83.31110751,117.2878912,948.2814839947902,0.912598789130428
cowpea,31.0,22.91350245,21.33953114,109.225556,3951.0582549635124,0.5955807567821606
cowpea,37.0,27.552973600000005,47.90859131,90.40332704,504.9322500476325,0.7175052649373601
cowpea,101.0,29.09910406,94.22237826,22.52497327,2532.6694232515,0.8588923903602927
cowpea,37.0,25.79490531,93.84150618,152.42387119999995,2458.0080260288323,0.6248386248630381
cowpea,2.0,26.00175125,94.79998418,209.540094,1832.3766440425513,0.762301681083745
cowpea,0.0,27.1326009,95.23797989,204.7206567,2225.3080805857985,0.7067269093254354
cowpea,93.0,21.53346343,82.14004101,295.9248796,3622.324550106337,1.522547187255523
cowpea,67.0,23.50297882,61.32026065,64.77791424,3864.814824859826,0.8985714191738741
cowpea,114.0,29.34081108,94.5513539,28.22908103,1541.3941736610002,0.9295341428903682
cowpea,2.0,32.38697531,53.2328243,90.21633216,1789.9617638709194,0.5452062185480643
cowpea,80.0,24.53442564,88.989272,49.11618732,1469.931412113331,0.8725485238999985
cowpea,75.0,20.68899915,59.4375337,103.651438,2419.4536022042603,0.782143322960872
cowpea,92.0,27.39341554,81.4654833,94.31102057,3233.0334306352515,0.9276027025731397
cowpea,117.0,27.92374437,67.96910852,115.2325531,1413.0115018536821,0.9408212471535234
cowpea,98.0,27.33897716,90.69759008,28.69113835,1822.9429682194666,0.8858389615491014
cowpea,70.0,23.31689124,73.4541537,94.29712821,4221.5384703566015,0.9045827011126094
cowpea,37.0,26.03097313,91.50819306,101.2847738,694.2771593878323,0.6380831462069239
cowpea,2.0,28.89409382,54.80750249,94.76322976,2343.078420958265,0.4527513823593345
cowpea,66.0,22.08576562,83.47038318,231.7364957,3346.232166387111,1.2638787326335232
cowpea,21.0,24.88244467,89.39686219,107.1951707,1101.8160462298963,0.7681084846731501
cowpea,88.0,24.43011925,66.02411187,181.6368274,689.4960800219274,0.9409623482326903
cowpea,99.0,22.88330922,71.59722446,67.72777298,1052.821486554123,0.7778156172627625
cowpea,92.0,28.0106804,76.52808057,103.7040783,4175.292774122731,0.8692345003574433
cowpea,16.0,26.91624843,80.76838926,69.30927185,537.0391272844937,0.6035599281822215
cowpea,120.0,25.67324193,51.29043632,196.2736367,1253.2878992454073,1.172173927136992
cowpea,19.0,18.09551014,18.29318436,144.7902323,625.1340516065782,0.5525823000579431
cowpea,12.0,24.45132792,93.10527686,109.4711098,942.5178702488131,0.632885416675224
cowpea,21.0,27.69819273,51.41593238,100.7720705,2980.597146513185,0.6606223878299918
cowpea,40.0,34.16438906,54.16482251,98.33351125,1466.555634956343,0.5836629958127885
cowpea,89.0,27.04863538,91.34685096,25.08146686,2776.848201722707,0.9335782204090367
cowpea,35.0,31.99490489,50.84881347,97.38741498,2860.7815310645046,0.7711844686155006
cowpea,97.0,27.74576987,54.36976075,139.8619431,3897.7413323591163,0.9232743590888688
cowpea,89.0,25.19192419,66.69029010000001,78.06639649,518.9655716474957,0.8633601396663261
cowpea,82.0,25.05802193,84.97323747,110.4408803,3913.477837369467,0.8518754222847424
cowpea,119.0,25.18780042,83.44621709,46.87420883,2976.476345707896,1.0463905851766104
cowpea,27.0,35.3915464,52.48823147,91.22881052,1150.9739444198303,0.5241724522596245
cowpea,92.0,18.66746724,71.516474,69.93293255,3591.749552541136,0.8805722207120962
cowpea,99.0,19.20129357,68.30578978,87.85092352,3921.966167162343,0.8704768989305653
cowpea,67.0,26.04371967,84.96907151,186.7536773,1517.053935016629,1.0469966531664299
cowpea,66.0,22.08576562,83.47038318,231.7364957,4175.174723610724,1.1039912480202512
cowpea,81.0,18.04185513,60.61494304,104.2321615,2317.829721194631,0.9348634050954534
cowpea,22.0,28.69818144,47.71875722,99.642454,2913.697817333286,0.5782250893597793
cowpea,37.0,18.70679077,83.4795292,66.5964488,4438.598134470574,0.7059685027454716
cowpea,105.0,23.52648086,68.44030686,171.8839938,1946.1443145567973,1.008751254577424
cowpea,78.0,25.00933355,67.816568,62.91359494,3752.6373832804516,0.7881132988869327
cowpea,35.0,9.949929082,82.55138983,66.00817551,1773.5964713138385,0.6039398095121881
cowpea,26.0,30.91471455,49.92963856,90.14047759,3696.854088965964,0.6994095958046784
cowpea,108.0,25.16278237,84.97849241,90.94554618,2902.9356754505698,0.9321890655652306
cowpea,81.0,26.80750629,88.22874955,58.79889057,1365.4227809016056,0.7397716423724134
cowpea,25.0,18.91251245,87.74938524,111.28005159999998,2156.1043751569455,0.6320769826742632
cowpea,85.0,26.31355498,82.36698992,265.5355937,1770.5425374542467,1.3010543046929675
cowpea,84.0,25.48591986,81.40633547,182.6549356,812.4335723214556,0.9354448841745183
cowpea,99.0,26.59580783,82.99556744,100.5123341,619.33908039879,0.9159487218802495
cowpea,37.0,24.24779615,85.56033312,106.9216033,1885.9146216287238,0.6013097918919729
cowpea,17.0,26.14162144,93.28415295,195.4115025,576.1365912699463,0.6420785837868196
cowpea,5.0,32.32362177,52.58967710000001,93.36718816,1161.9510303271002,0.5761162287718219
cowpea,65.0,23.35905428,83.59512273,188.413665,3400.733283403475,0.8725554609179001
cowpea,81.0,29.86895762,93.25103208,26.26243014,3332.3649427343516,0.6684842007014941
cowpea,39.0,26.50908611,94.48414544,199.8778403,3454.321545829531,0.9045734028777817
cowpea,22.0,23.81995682,80.12211649,67.27398640000001,1768.612684519915,0.6548576996173002
cowpea,89.0,25.37548751,57.21025565,101.7004306,4060.0778284707817,0.8365553674273822
cowpea,1.0,30.79375683,46.69536813,92.21318555,2875.32219211379,0.4912862830179808
cowpea,8.0,29.75150773,46.73723302,91.405983,1004.1053669865062,0.617934252289465
cowpea,107.0,26.45288458,55.32222678,144.68613359999995,1074.8746458221367,0.9781880388045625
cowpea,12.0,24.45132792,93.10527686,109.4711098,3272.381707718806,0.720129815082218
cowpea,33.0,30.25578031,92.03272799,116.7173125,1191.7757457683124,0.6888077500112607
cowpea,15.0,33.80398664,46.12866113,90.82549241,2529.170806328173,0.5976414181573146
cowpea,36.0,27.98392787,53.33018851,99.61465679,4467.097903714843,0.6785416914097486
cowpea,117.0,29.50704598,78.20585613,98.12565829,516.030418933358,1.0367318144236237
cowpea,99.0,24.13078816,84.84494575,51.19470197,566.3192075902277,0.9695708305745587
cowpea,40.0,24.45840036,86.10874614,111.3779693,4472.3383277220255,0.778332857815525
cowpea,74.0,18.28362235,66.65952796,80.97573281,2838.5553365366623,0.7687103349969711
cowpea,11.0,13.42988625,80.06633966,71.40043037,1007.6399020740525,0.5264475181690923
cowpea,86.0,26.1387869,52.26311691,136.3027766,4089.2087990163745,0.8417984403605471
cowpea,82.0,26.53543168,67.09608099,120.6494434,4021.5212005107687,0.9143119716124488
cowpea,112.0,29.244063800000006,77.32017166,90.66727868,2644.801652445501,1.071647817760036
cowpea,83.0,19.74213321,59.66263104,65.50861389,2987.168119443026,0.814495802930071
cowpea,20.0,20.51343484,92.51675903,110.5764023,1592.7487660035054,0.6024358396408185
cowpea,0.0,35.47478322,47.97230503,97.79072474,702.0787854880206,0.5295473795921058
cowpea,12.0,30.84835031,92.86773675,107.4142681,2878.2704355634573,0.576501151469822
green gram,69.0,24.30748599,78.54340987,186.2337571,1161.2452934691646,0.7966086245871963
green gram,125.0,25.03149561,82.21276599,95.0191318,1513.0218976007895,0.8760322974391579
green gram,89.0,23.09433785,81.45139295,196.6587013,1141.2480999290322,0.7529829082154055
green gram,100.0,22.45145981,76.25674874,86.84998693,3907.7326311791944,0.7612007301251963
green gram,131.0,23.65724079,84.47601498,88.54479121,2836.9114402448727,0.9354398106464692
green gram,62.0,25.97825807,81.65769588,163.3488091,3440.5177100785336,0.7120215378294987
green gram,62.0,24.21744605,82.85284045,166.13658859999995,1684.131451640103,0.7153744710764721
green gram,132.0,24.29144926,81.02453404,90.41694635,1985.0105483531086,0.8731639258333783
green gram,107.0,22.04612876,84.62978302,86.00758678,2119.419857706135,0.7352108429746002
green gram,67.0,26.82489244,78.20392774,153.91998069999997,3540.0598869761393,0.6121787256321571
green gram,133.0,24.88738107,75.62137159,89.76050416,3589.4119506982724,0.8979707145127005
green gram,119.0,22.14593688,82.85975490000001,60.65381719,1327.2541100561268,0.8503588298948904
green gram,100.0,23.17403323,87.88255345,160.6217342,4266.155426952396,0.8502162390518443
green gram,139.0,25.248679,83.4630147,86.55517751,982.6213497747456,0.970684220144418
green gram,78.0,25.12417673,85.72530641,159.5718087,4084.4883296945213,0.6983574742652577
green gram,94.0,24.7634518,87.06071115,179.1630865,901.5825825992372,0.7378987315525777
green gram,90.0,24.81441246,81.68688879,190.7886386,1558.1592446052443,0.8366063726606378
green gram,107.0,23.0865933,83.55546146,71.84080724,3885.914144271828,0.8056982822655248
green gram,67.0,26.284017,75.14640198,182.2685447,1217.9682893843496,0.729528007804545
green gram,88.0,25.63215038,79.95150917,182.2582277,2154.2717252398793,0.7755375219493394
green gram,87.0,23.87484465,86.79261344,177.5147313,2299.4371997765047,0.8040329179801098
green gram,87.0,23.87484465,86.79261344,177.5147313,1481.0358920928386,0.7563161591536025
green gram,101.0,22.92360984,82.68738535,92.91915074,3340.9808053439465,0.7343770553578237
green gram,69.0,25.37122686,76.2403666,183.8270791,3905.3385976088152,0.7744709399051101
green gram,105.0,23.53371386,77.21705554,87.54004943,3998.3005594222873,0.7615623402093754
green gram,65.0,23.75091572,71.14782585,160.0889553,1857.2885829462439,0.6782018844108038
green gram,90.0,24.44743944,82.286484,190.9684885,2623.4015771512577,0.877907990752479
green gram,132.0,24.16402322,76.7433897,61.94626051,1493.625615462606,0.7909735624531796
green gram,113.0,25.03300222,79.04368718,97.10087029,1479.1860062005817,0.781485671632455
green gram,90.0,25.72668885,81.86171563,191.9649389,1145.0162514076965,0.9627620918121932
green gram,71.0,26.63952463,70.95705996,199.3355744,4260.076043230059,0.7482601841139505
green gram,82.0,26.96656378,78.21047693,169.8391177,4051.9553144223196,0.611911308677233
green gram,61.0,24.97178693,79.47557931,195.7571622,3609.434853310769,0.660227589477975
green gram,129.0,24.41212325,80.80343786,98.60457373,2570.646085150916,0.8634143664166979
green gram,133.0,24.40228894,79.19732001,90.8022356,2462.4316620474874,0.8757788376456855
green gram,74.0,23.31410442,71.4509053,164.49703730000004,2618.982664729992,0.6853981590749815
green gram,88.0,25.63215038,79.95150917,182.2582277,2646.272054308357,0.8921132635364555
green gram,100.0,22.4204752,84.55794703,93.46595573,2238.2523387907613,0.6042854421826451
green gram,100.0,23.7805123,83.03878838,66.26555904,1027.01933156827,0.7965149497374635
green gram,101.0,25.66891439,81.38103349,78.59595817,1002.6554114741439,0.8727202339484258
green gram,89.0,24.89326318,77.01222585,196.469984,4308.998863382733,0.8010299078059946
green gram,107.0,24.86560781,78.22080815,79.56866268,2428.123038345402,0.7702935539741277
green gram,95.0,23.24925555,73.65346838,184.7674863,4312.822099620756,0.7953412488265292
green gram,107.0,22.426733,81.53480799,65.54475812,1154.30751084044,0.7334124023789519
green gram,122.0,23.5000992,83.63488952,79.81328183,2717.666208159734,0.8167538262965458
green gram,105.0,23.53371386,77.21705554,87.54004943,1330.869013406157,0.8767268788786778
green gram,133.0,24.40228894,79.19732001,90.8022356,1512.7384245064063,1.0020319788996723
green gram,133.0,24.88738107,75.62137159,89.76050416,620.2183150447152,0.8503936420361937
green gram,89.0,26.24532085,72.97198375,189.9711184,975.8132429608453,0.9797849909647353
green gram,121.0,22.45942937,81.30681027,64.23026638,4167.393630516783,0.8349531851001958
green gram,125.0,25.03149561,82.21276599,95.0191318,1786.131965929327,0.9686166583731847
green gram,131.0,25.32023717,81.79475917,83.46532547,2932.5168476583663,0.8612241182407788
green gram,133.0,25.72180042,81.19666206,99.93100821,2360.056527957092,0.8826522852433162
green gram,67.0,25.84879500000001,87.81661683,152.6194403,2101.804980981113,0.6914444730241186
green gram,119.0,22.14593688,82.85975490000001,60.65381719,2627.5443653842726,1.0352016287638208
green gram,123.0,25.00755095,78.17952126,86.06411872,1248.9557784613662,0.9007666888671735
green gram,111.0,25.16820129,80.30351815,84.62419032,4454.415594078306,0.761005840111272
green gram,113.0,25.0017188,80.53965818,96.32600992,3773.2314748154517,0.8757841703857895
green gram,109.0,25.40059227,76.53237965,62.51388670000001,3466.458530926061,0.7772739321783048
green gram,102.0,22.77076388,82.5993307,81.49543437,2375.0371880558096,0.7454371323401907
green gram,90.0,24.81441246,81.68688879,190.7886386,1111.5084885053438,0.9209276343719653
green gram,117.0,24.68854799,78.51206972,69.31153566,4182.663433094272,0.8269820199316392
green gram,74.0,25.75734909,88.36668522,189.4263485,1865.5482695269106,0.8136335657594098
green gram,77.0,25.49941707,75.99987588,193.71418280000003,700.426758787735,0.825823280916558
green gram,102.0,22.77076388,82.5993307,81.49543437,1869.6147072425147,0.7967249524918459
green gram,102.0,24.69315538,84.84422454,89.799462,3677.8281219835376,0.8055903716250677
green gram,67.0,26.82489244,78.20392774,153.91998069999997,2990.834979952833,0.5664237500533877
green gram,131.0,24.49112609,82.24415809,64.02949379,3503.3543389794386,0.9138473604382986
green gram,126.0,24.43847399,81.69801729,60.79645852,3674.54153544951,0.7853113885022016
green gram,75.0,24.97042599,78.62697699,166.6415254,1347.8184443221703,0.6224132278937297
green gram,81.0,25.7629429,80.76238215,174.5071843,4195.133264372721,0.7522842406778597
green gram,85.0,24.90075709,73.84186449,153.8990984,2251.9584116814904,0.7321017912364859
green gram,114.0,24.32630461,80.13456404,69.45072055,3056.054597056658,0.7702671470386292
green gram,102.0,23.03814028,76.11021529,91.49697481,509.23509034696804,0.828209814344162
green gram,67.0,26.284017,75.14640198,182.2685447,4473.473993644712,0.6618963101419413
green gram,63.0,25.29781791,86.88705350000002,196.6249511,1623.5855438566205,0.7608363358163246
green gram,120.0,22.46054478,75.40989245,71.85436078,748.2524261606209,0.7907344024312503
green gram,100.0,22.4204752,84.55794703,93.46595573,2333.048166146056,0.7657768627991207
green gram,72.0,24.09874353,80.57226761,176.8604109,1016.120228728167,0.7528279592615035
green gram,86.0,26.14576648,71.23690851,193.1007598,1109.3068406303028,0.7848446666042963
green gram,100.0,22.45145981,76.25674874,86.84998693,3029.1312521208406,0.813288935010579
green gram,131.0,25.49848236,79.9751579,67.05961949,2071.7095662809334,0.8719635015518812
green gram,82.0,23.325013100000003,79.79609448,187.3096148,4187.40980061998,0.6900904991485677
green gram,129.0,24.41212325,80.80343786,98.60457373,1776.6259784322801,0.7264365650423545
green gram,89.0,24.88692811,71.91711523,150.2498675,3404.7205135356044,0.7387074915139289
green gram,118.0,23.37044424,77.43198948,71.67870701,2344.3977206196305,0.811551323121153
green gram,131.0,25.32023717,81.79475917,83.46532547,3139.8052045171153,0.860521526262892
green gram,89.0,26.24532085,72.97198375,189.9711184,2898.7814268639618,0.8483057630130272
green gram,63.0,23.41798979,85.08640476,185.7446728,2391.1358910359927,0.7547494315107877
green gram,114.0,24.32630461,80.13456404,69.45072055,4300.244378497749,0.8773377468144615
green gram,66.0,24.85441411,74.44070479999998,175.572958,1870.8545710198234,0.6487413356534683
green gram,72.0,26.50838667,86.84264005,152.9801697,1208.9420049970904,0.6218158867504894
green gram,81.0,23.76554749,87.98329901,150.31661519999997,3212.376243519313,0.6516010739248874
green gram,89.0,23.12844351,74.68322732,199.83629130000003,3884.030245231635,0.9134930011363877
green gram,91.0,24.48556447,83.20630007,192.2316221,661.0149597596951,0.9548919485667441
green gram,80.0,23.1426498,74.99739774,151.9035477,2298.530753690722,0.6853311437078673
green gram,139.0,25.248679,83.4630147,86.55517751,4069.950758749305,0.7136181405460839
green gram,105.0,23.53371386,77.21705554,87.54004943,3498.47447569147,0.6796022001906964
green gram,82.0,25.49386782,86.97061481,176.5268267,4467.230865990513,0.7168705072705592
green gram,126.0,24.69457084,81.7358876,78.58494391,2625.6552463889752,0.8143969467541716
green manure,34.0,31.87859192,91.15248149,105.3437825,2193.9815787186153,4.228113266604484
green manure,108.0,23.98143338,61.10935084,161.5279095,2708.73971423732,6.818196725059739
green manure,26.0,31.27180992,52.23810152,89.74409017,2503.064596321113,4.737189241740068
green manure,9.0,32.26935342,53.56092806,95.94035356,3244.6516624606015,4.338674353207005
green manure,7.0,30.02086169,46.78393776,96.63721027,3110.746939477021,4.231932786776146
green manure,28.0,23.06204373,92.39544055,114.7399101,4468.16802211222,4.371398586511631
green manure,33.0,30.25578031,92.03272799,116.7173125,4497.687636896751,4.5680722534201115
green manure,9.0,23.25230817,94.54128292,105.3558408,2565.8376105425637,4.191844672428726
green manure,108.0,23.69287069,66.76090123,144.6576424,880.796347843456,6.432323291212837
green manure,40.0,34.16438906,54.16482251,98.33351125,3411.3731958748735,4.4656740991032216
green manure,6.0,22.98208095,93.84505029,109.5852253,4406.6563128663565,4.128258376057496
green manure,117.0,23.1069385,67.06230539,162.57696059999995,1773.3055505160812,6.548391234091112
green manure,20.0,23.41044706,91.69913296,116.07779309999998,2344.835543350295,3.9734671485488153
green manure,94.0,26.36629861,52.25738495,177.31761609999995,2199.1076992618237,6.263233357787673
green manure,26.0,19.72620525,89.64934166,108.22872759999998,705.6766182277174,4.491646559959355
green manure,120.0,25.67324193,51.29043632,196.2736367,3189.0577248937793,7.936957528582482
green manure,118.0,24.13179691,67.22512329,173.32283859999995,1913.3507802738711,7.143310616439727
green manure,8.0,29.36947679,81.53996362,66.13442813,3649.855498526009,4.080033418205249
green manure,40.0,31.89356292,49.02450149,89.59371481,3828.480301127944,4.402279031958912
green manure,0.0,23.20242586,91.19442671,109.0946323,3784.9231463913816,3.9552065423037908
green manure,31.0,11.69894639,93.25638873,103.2005992,2166.6639921595206,4.102354881036933
green manure,19.0,20.48954522,93.72485075,111.83919509999998,1786.182728963598,3.724501690642159
green manure,27.0,32.71748548,90.54608254,113.328978,3495.2831186682192,4.678476255064462
green manure,80.0,23.11438731,68.00096043,161.8944624,3705.557735370892,5.450623154803602
green manure,119.0,26.35770906,64.57578034,163.62694960000005,2465.0297855654644,5.759324252195792
green manure,40.0,31.89356292,49.02450149,89.59371481,4072.124078145212,4.158948828173019
green manure,104.0,27.51006055,50.66687215,143.9955548,1075.634784314233,5.737858617775619
green manure,103.0,27.30901814,55.196224,141.48316440000005,4016.2751186358405,6.255081971672931
green manure,85.0,26.20811417,52.50987966,189.0944824,884.3809318875251,6.513021923806503
green manure,98.0,27.56088634,68.49299897,167.43580749999995,1114.1020882184557,6.0242592176121885
green manure,24.0,18.86883219,93.24688124,119.3936976,2635.3600530958415,4.402245650372372
green manure,40.0,14.97846952,80.49979873,71.63437433,770.0739207496601,4.489374241536719
green manure,111.0,23.59302313,55.27564977,191.3980675,711.2284056004414,7.66191703592621
green manure,4.0,15.63211033,94.25966183,101.4705704,502.0749766628221,3.70332912265277
green manure,19.0,30.01592643,53.19212381,97.72843182,2245.2666387770523,4.319422832136036
green manure,36.0,27.10710832,50.70880979,92.37238878,3598.4955251689194,3.8262108106983375
green manure,26.0,31.27180992,52.23810152,89.74409017,639.3534011196626,4.112406012912066
green manure,14.0,31.09154239,47.02058367,91.46664318,3109.0304258634214,3.2683591647569616
green manure,18.0,20.87947369,90.93756231,102.4550786,3792.509269664746,4.132059795451556
green manure,5.0,24.692258,93.87030088,104.6735454,1172.0033943114845,3.8604733959518636
green manure,87.0,25.20406808,57.88370456,156.1457255,1087.454939285617,6.357140017618682
green manure,0.0,35.47478322,47.97230503,97.79072474,3943.2038944821443,3.770983426455587
green manure,113.0,27.09617155,63.55324262,190.2440566,3792.498439800379,7.589803493010188
green manure,2.0,22.47420512,91.22759742,124.2179699,2655.7670650567475,3.6173028265140332
green manure,1.0,11.89925671,91.34663797,103.5771468,3776.799517175921,3.471639467138407
green manure,21.0,35.38598705,51.42664176,90.29643888,871.0243096979791,3.7555472161550845
green manure,24.0,29.26382931,54.82257868,100.7586226,2077.926071755018,4.260021393842348
green manure,16.0,32.27652024,50.19368841,95.99487068,3451.1902244254916,4.26989436034944
green manure,13.0,23.1094265,92.79630809,108.183792,1529.8078372958535,3.86475899997337
green manure,10.0,22.16939473,90.27185592,124.4683112,3509.315657734211,4.21216697324721
green manure,33.0,33.34214482,82.51034633,70.68098614,2516.7144175632557,4.535842244127665
green manure,38.0,20.42094753,81.54185044,66.93065667,3501.063951792932,4.236564447714977
green manure,31.0,17.66545409,91.69865887,110.6857506,2358.7185514293183,4.641694518159212
green manure,103.0,27.15998538,51.59100753,126.1752206,1971.6173608872705,6.580951206285052
green manure,5.0,12.80000387,81.20876367,67.10439401,1376.7568659145293,3.5008615405874974
green manure,38.0,17.5438296,82.94703302,73.77063744,1333.51736574006,4.1917452809761295
green manure,12.0,19.68291173,89.75272999,111.2818551,3505.963242285584,3.668297076307501
green manure,21.0,27.69819273,51.41593238,100.7720705,975.641392135842,4.044983652622697
green manure,4.0,27.58258929,48.56916221,95.8445641,843.9294004437805,3.981448540958636
green manure,29.0,22.81227579,92.12992101,109.3383552,1205.1654600885206,4.091841897332744
green manure,29.0,29.67229086,83.71498986,66.48490371,1201.3860458156876,4.520572521837717
green manure,26.0,33.78372897,81.16314317,74.53557341,3792.430491227599,3.709346807050258
green manure,19.0,31.48451729,48.77926304,93.17221967,2094.0264938968494,3.9953475428825063
green manure,25.0,18.91251245,87.74938524,111.28005159999998,4461.553829441929,4.256790558071879
green manure,13.0,22.20700989,93.50574163,120.1593771,1048.8450311624497,4.819110102378451
green manure,22.0,30.41235793,52.48100602,93.92375879,3114.1593027745735,3.714397797639029
green manure,16.0,32.27652024,50.19368841,95.99487068,2294.9180288050025,4.423730028974021
green manure,13.0,34.74004942,93.12316972,100.1967854,2071.6727067882957,3.8183051267320067
green manure,81.0,25.17787724,62.26244581,135.0119649,4000.3367962163293,5.907990007951502
green manure,40.0,24.37766782,85.4017118,106.128338,4402.382583313598,4.760844873266258
green manure,1.0,28.33333307,51.39586505,91.67241761,3991.435835096715,3.8614923931105007
green manure,10.0,22.31253665,90.03577124,113.0688155,1269.2027161405322,3.9110899441186326
green manure,37.0,23.59997268,90.97597665,107.17281909999998,1383.1916848357362,5.175913274824206
green manure,34.0,30.07202564,50.96040505,92.09609766,3124.295516380253,4.310098960335328
green manure,14.0,22.60800988,94.58900601,116.0396587,1656.3343265527667,4.430091478291525
green manure,113.0,26.00373964,62.144510200000006,153.477776,3438.9005231223196,6.161652743899303
green manure,16.0,29.12033769,82.79092939,68.8503047,2765.6826032385784,4.052362434465813
green manure,27.0,9.467960445,82.29335466,66.02765219,2703.635073961612,3.4521789190333116
green manure,22.0,31.53356352,53.06009323,98.57025046,3814.187699355143,4.2808086162249985
green manure,30.0,22.91430043,90.70475565,118.6044645,3342.1310869707113,4.971792413754388
green manure,22.0,24.12188673,90.72351622,102.835632,606.3110599891668,4.248462999681253
green manure,29.0,23.62600218,89.73266695,107.6836871,697.8365485840627,4.371662651890552
green manure,11.0,27.69637763,48.56224879999999,89.85646496,2906.233809824063,3.6286626131034514
green manure,11.0,22.98458907,93.3204487,122.1952483,2444.768302489102,3.9215737692939947
green manure,28.0,22.76643029,92.12438519,120.4359949,1540.7386213719656,3.844091098777055
green manure,21.0,19.54128063,90.29751796,104.3739878,2174.6243492592066,3.8458276594191916
green manure,32.0,10.38004759,83.44518113,67.39173790000001,3531.6412749314422,4.00120467138506
green manure,2.0,22.78234161,94.36803516,122.1449949,3806.44593863172,4.170966275459002
green manure,33.0,22.45696744,94.76285385,114.8407725,2744.8922715601766,5.537558776481814
green manure,29.0,22.19055385,92.43764169,121.6622761,2041.477923428412,4.21145984212984
green manure,29.0,23.13338811,91.94670335,104.4224145,1582.787045980428,4.94481777116036
green manure,3.0,30.33723921,48.88704844,94.42850522,2587.6738830770137,3.796162312918245
green manure,12.0,31.09779147,47.41196659,90.28624348,1758.9984742575239,3.8638783444013316
green manure,89.0,26.44414097,53.83876189,175.3723314,2756.3805481888917,6.4932812531971225
green manure,15.0,10.01081312,90.22399223,119.3941064,3206.6095300385505,3.5681589122472746
green manure,39.0,35.53845018,52.94641947,91.54560427,764.3168436775793,4.35603374238657
green manure,31.0,33.93679864,52.72170281,97.4611918,504.26986009098897,4.087424568820845
green manure,23.0,20.93892916,85.42912869,103.0295938,1349.1085553629719,3.7678580879732126
green manure,7.0,10.16431299,91.22320999,106.362551,4078.045990875124,2.9702100879238764
green manure,39.0,33.33024826,45.61143594,98.28583013,3085.1630529142367,4.67424452098091
greengram,86.0,25.78720567,82.11124033,243.5120414,1992.2423502322122,1.1300093932610293
greengram,81.0,23.67575393,81.03569343,233.7034975,2760.3116425228222,0.9997731263954367
greengram,60.0,23.43121862,83.06310136,219.9048349,1581.3671527973102,0.9716246072696119
greengram,74.0,26.49109635,80.15836264,242.8640342,1142.3532503396746,1.1010951345908664
greengram,73.0,24.88921174,81.97927117,185.9461429,3599.631613525312,0.762232271696485
greengram,97.0,22.2286982,81.85872947,278.0791793,2486.3619153851264,1.3556827351905685
greengram,99.0,24.45802087,82.74835604,182.5616319,2645.951695009003,0.9835038598119511
greengram,99.0,26.75754171,81.17734011,272.29990560000005,4361.663813926942,1.466112416154431
greengram,85.0,21.77046169,80.31964408,226.6555374,4354.319648888615,0.8928152212120138
greengram,71.0,20.2801937,82.1235421,191.9535738,3922.568486809614,0.7235128984309144
greengram,81.0,22.67846116,83.72874389,200.9133156,1250.4371710601345,0.9695342483757698
greengram,88.0,23.57943626,83.58760316,291.2986618000001,2877.0907772063197,1.1879119789268402
greengram,79.0,24.87300744,82.84022551,295.6094492000001,4012.5896986221496,1.135636976993871
greengram,60.0,24.28209415,80.30025587,231.0863347,1997.8557457957509,0.8756620689211037
greengram,72.0,20.41447029,82.20802629,245.1511304,904.4246637423398,1.0372181923100037
greengram,78.0,21.32376327,83.00320459,192.3197536,3743.8516089596874,0.8066104678496184
greengram,93.0,21.53346343,82.14004101,295.9248796,2427.054205448687,1.2648838141555592
greengram,61.0,24.97669518,83.891805,204.8001847,2757.5707214367144,0.7678390795125332
greengram,88.0,24.63544858,80.41363018,253.7202781,4428.577185271377,1.0676921868542775
greengram,75.0,23.44676801,84.79352417,283.9338466,2928.8457219762886,1.1121568593343938
greengram,97.0,26.35927159,84.04403589,271.35861370000003,2199.9175426644056,1.4832262268644798
greengram,95.0,23.86330467,83.15250801,285.2493645,1979.9374713887912,1.3397131624759275
greengram,67.0,26.04371967,84.96907151,186.7536773,2170.477170616183,0.8140543900121248
greengram,67.0,26.04371967,84.96907151,186.7536773,973.5963327146751,0.730389198418878
greengram,88.0,25.7354293,83.88266234,233.1321372,3679.0022336702873,1.0245008832396232
greengram,94.0,25.66585205,80.66385045,209.5869708,3850.8674327481644,0.9035938918355968
greengram,78.0,26.46428311,83.85642678,248.2256491,1637.5885382936356,0.8350446552594256
greengram,78.0,26.54348085,84.67353597,183.6222657,1715.1864736397763,0.6974623031585807
greengram,93.0,23.85724032,82.22572988,195.0948311,3997.3370253392527,0.7591685187396641
greengram,81.0,22.67846116,83.72874389,200.9133156,595.8814221118218,0.7106180473468301
greengram,69.0,23.05804872,83.37011772,251.0549998,2581.8297750689107,0.9303794658595268
greengram,95.0,26.22916897,83.83625819,286.5083725,2354.7028587260043,1.4533844608556208
greengram,90.0,23.97898217,81.45061596,250.0832336,3260.507078313839,1.1203610359358203
greengram,89.0,24.51588066,83.53521629999999,230.4462359,1153.5668005978177,1.1391342329951575
greengram,67.0,22.72791041,82.17068809999998,260.8875056,3173.322963180615,1.0929451003512272
greengram,63.0,24.17298839,83.7287574,257.0343554,2006.9360314995058,1.0918558073122488
greengram,60.0,23.00445915,82.3207629,263.9642476,2974.859112678568,0.962834980285661
greengram,73.0,21.44653958,84.94375962,272.2017204,660.3800394911036,1.1742367602989865
greengram,60.0,24.28209415,80.30025587,231.0863347,2346.9087887380374,0.9642142882444983
greengram,98.0,23.48381344,81.33265073,224.0581164,2589.0035759294883,0.9914366614456696
greengram,92.0,22.17931888,80.33127223,200.0882787,1357.3056114199464,0.9419836056317195
greengram,66.0,25.0756354,80.52389148,257.0038865,1058.4946167164828,1.0894988368232685
greengram,88.0,22.68319059,83.46358271,194.2651719,1253.8972120492056,0.8250550673967858
greengram,89.0,21.32504158,80.47476396,185.4974732,1876.5643122533922,0.7479690467840924
greengram,66.0,25.0756354,80.52389148,257.0038865,887.2405972198858,0.9435521092942668
greengram,76.0,25.15745531,83.11713476,231.3843163,4289.279182918418,0.988010256448968
greengram,77.0,26.88444878,81.46033732,194.5766559,2119.976245983269,0.8478277974221355
greengram,67.0,26.73072391,81.78596776,280.4044392,3735.878410026996,1.0671910018416453
greengram,95.0,23.86330467,83.15250801,285.2493645,4397.668492435387,1.3113511814370251
greengram,73.0,24.88921174,81.97927117,185.9461429,822.9411200109564,0.8137305955469134
greengram,72.0,20.41447029,82.20802629,245.1511304,3106.677871739976,1.0531104728576652
greengram,79.0,21.66628296,80.70960551,210.8142087,3985.636346964856,1.0085304243332847
greengram,81.0,22.67846116,83.72874389,200.9133156,3036.937735866913,0.9551185072810906
greengram,66.0,25.0756354,80.52389148,257.0038865,2216.1044854296506,0.958797611090501
greengram,65.0,23.35905428,83.59512273,188.413665,2224.305430551753,0.861072258984071
greengram,81.0,26.52872817,80.12267476,218.9163567,643.5955440294356,0.9065059517706704
greengram,85.0,24.52783742,82.73685569,224.67572310000003,2638.4030051571012,1.072803650017805
greengram,73.0,21.44653958,84.94375962,272.2017204,4474.17198714739,1.1331271095200488
greengram,76.0,20.08369642,83.29114712,263.6372176,4334.830103887736,1.059396031906581
greengram,89.0,24.51588066,83.53521629999999,230.4462359,661.5969153686527,0.8832103419782102
greengram,73.0,24.88921174,81.97927117,185.9461429,3323.1880145179525,0.767529683403673
greengram,88.0,23.57943626,83.58760316,291.2986618000001,1707.0594667877233,1.1358861172323884
greengram,60.0,23.00445915,82.3207629,263.9642476,4111.956613624547,1.1179128928327213
greengram,83.0,25.75528612,83.51827127,245.6626799,680.4589828371141,1.2033200872042378
greengram,91.0,24.44345477,82.45432595,267.97619480000003,4243.496408044322,1.1333552332673678
greengram,91.0,26.52723513,81.41753846,264.6148697,3849.9029751511075,1.2220823803609009
greengram,94.0,20.27774362,82.89408619,241.9741949,970.0175290104061,1.0231583217611528
greengram,66.0,22.08576562,83.47038318,231.7364957,739.2973492691967,0.8860831187786044
greengram,77.0,21.8652524,80.1923008,224.55501690000003,3838.8306573077434,1.0071806910498677
greengram,93.0,20.61521424,83.77345559,279.5451717,1123.0306838983174,1.2490607766108348
greengram,99.0,26.75754171,81.17734011,272.29990560000005,2639.592611903482,1.4437223490292788
greengram,83.0,25.59704938,80.14509262,200.834898,4162.979431514837,0.8436006109365414
greengram,67.0,26.73072391,81.78596776,280.4044392,2769.7924541972934,1.2305276147719444
greengram,76.0,20.08369642,83.29114712,263.6372176,2088.9332058912964,1.1040548232941862
greengram,82.0,23.83067496,84.81360127,298.5601175,2280.064219415969,1.380368646016538
greengram,60.0,22.69657794,82.81088865,256.9964761,752.468682815484,0.9729847329447281
greengram,97.0,24.52922681,80.54498576,260.2634026,4375.009285446396,1.1999151917511592
greengram,60.0,20.77576147,84.49774397,240.0810647,1742.6167403243312,0.9241443765967632
greengram,67.0,21.94766735,80.97384195,213.3560921,1257.4539666914152,0.8046358659404844
greengram,93.0,21.53346343,82.14004101,295.9248796,1644.189207361581,1.4050038635051163
greengram,95.0,26.22916897,83.83625819,286.5083725,4357.492779565915,1.3824541650859414
greengram,76.0,20.0454142,80.3477562,208.5810155,877.1442139520279,0.9076141732572873
greengram,69.0,22.70883798,82.63941394,271.3248604,3969.2121620047255,1.2469427758720062
greengram,64.0,25.62980105,83.52842314,209.9001977,3331.375577605791,0.9409643324483989
greengram,97.0,26.35927159,84.04403589,271.35861370000003,3820.0767166361125,1.2166585510214818
greengram,60.0,21.01944696,82.95221726,298.40184710000005,4403.590161471586,1.1959351115679413
greengram,63.0,24.17298839,83.7287574,257.0343554,3868.618622067487,0.9762663751420972
greengram,98.0,23.48381344,81.33265073,224.0581164,4273.5294051114115,1.0413273756985504
greengram,69.0,23.05804872,83.37011772,251.0549998,1007.7410271636791,0.9793985254331322
greengram,74.0,26.49109635,80.15836264,242.8640342,3683.1542606678804,1.1510293037016102
greengram,76.0,20.08369642,83.29114712,263.6372176,2682.7027763241913,1.1273923878435352
greengram,98.0,20.26707606,81.63895217,270.4417274,2673.9823803194427,1.212020568210141
greengram,67.0,21.94766735,80.97384195,213.3560921,4095.6863052820545,0.9446528284572167
greengram,75.0,26.29465461,84.56919326,257.4914906,4387.215274586845,0.8970938792101224
greengram,78.0,26.80079604,80.88684822,284.4364567,3319.3532921727237,1.017845098884378
greengram,69.0,23.05804872,83.37011772,251.0549998,2431.7535578871357,1.0942563534811374
greengram,99.0,21.7238313,80.2389895,277.9626192,2325.6154316073817,1.2915131728376446
greengram,88.0,24.63544858,80.41363018,253.7202781,2045.3658288927272,1.1548983007135145
greengram,90.0,23.83509503,83.88387074,241.20135130000003,1946.3961182906505,0.969091608545803
greengram,67.0,21.94766735,80.97384195,213.3560921,2066.0273667377255,0.8607084024721051
groundnut,27.0,28.98545306,90.73966792,148.8398374,1930.7305261038969,1.1936603318607144
groundnut,133.0,23.54234715,75.98203329,84.12536744,2413.619704346712,1.5929188834006047
groundnut,6.0,34.93174223,30.40046769,159.2649827,1089.7038139423435,0.9254731448745825
groundnut,17.0,30.97758716,32.24914235,180.716828,1593.71880850669,1.0237221053676535
groundnut,1.0,19.54317155,56.92831399,173.1686574,1733.332815811377,0.9116597998723454
groundnut,94.0,28.55980972,84.51602322,111.0843029,1009.1047933161569,1.6696837961827484
groundnut,39.0,26.50908611,94.48414544,199.8778403,2700.95876763303,1.3569829564890887
groundnut,90.0,25.85036988,81.95580471,119.08561709999998,3320.1127860967717,1.538945429403907
groundnut,125.0,25.03149561,82.21276599,95.0191318,779.7265259074449,1.444568311704341
groundnut,65.0,25.36768364,72.52054555,107.9124111,2424.492407052599,1.5305242980919411
groundnut,92.0,28.0106804,76.52808057,103.7040783,3628.84478107118,1.5572504451477176
groundnut,105.0,25.96779712,81.97904282,74.14169043,3491.9605158097875,1.5523862151912668
groundnut,119.0,25.99069521,83.33983116,112.0777152,3760.2923848750165,1.7372782591562044
groundnut,131.0,25.32023717,81.79475917,83.46532547,2292.962532682428,1.5396729096197168
groundnut,83.0,18.83344471,58.75082029,79.75328959999999,3782.228330559443,1.5298436162688176
groundnut,107.0,22.04612876,84.62978302,86.00758678,1463.012284857078,1.53616014290667
groundnut,110.0,24.54795322,75.39752705,63.88079866,1943.2422456700613,1.5807030758757814
groundnut,108.0,27.40053601,82.96221306,104.9378,1205.4223056712053,1.5246761701197966
groundnut,16.0,18.41645629,34.80541039,163.27474730000003,2369.938157714287,0.9504040387701981
groundnut,61.0,25.1420613,65.26185135,76.68456006,2068.240089661773,1.3804315780908927
groundnut,19.0,26.93141945,98.80313612,166.5712879,1463.7084656572488,1.0793608109633386
groundnut,25.0,28.56973521,95.67906668,134.83703480000003,3507.122836923126,1.1321103595265605
groundnut,28.0,28.94099669,93.00109012,191.7723087,1755.3870884465864,1.2678187049482892
groundnut,135.0,23.47986888,81.73049149,86.76287924,1591.2173205833428,1.8285979084550703
groundnut,117.0,22.9535715,78.71555832,99.75336197,1023.5613234019803,1.5889566498990977
groundnut,16.0,18.41645629,34.80541039,163.27474730000003,2255.2868072077945,1.1744934312351845
groundnut,100.0,23.45969093,82.44777468,93.50153555,1711.8585153492081,1.3494021643541134
groundnut,102.0,23.65629976,77.52425987,74.8984994,1977.0913653638745,1.7128498453609677
groundnut,122.0,23.5000992,83.63488952,79.81328183,1443.9890504822106,1.86083624894445
groundnut,131.0,25.49848236,79.9751579,67.05961949,3552.621959279602,1.6168893541993
groundnut,31.0,27.1872282,92.19906776,141.3220576,4220.013389418869,1.3195231282684248
groundnut,86.0,29.3159075,80.11585705,90.10978128,2491.7274111555507,1.5521831429252697
groundnut,139.0,25.248679,83.4630147,86.55517751,3071.9936933633303,1.922976709890303
groundnut,7.0,25.03512351,95.89739958,174.796583,3968.6891064268243,1.0381525925732646
groundnut,94.0,23.30355338,73.62548442,97.59081274,4495.318549334635,1.4795262617916831
groundnut,16.0,31.24021696,56.67369054,122.0146733,2954.0659389193283,0.983369898924047
groundnut,8.0,29.50523036,35.72032498,187.8961851,4059.117866159475,1.135765985171807
groundnut,2.0,34.51934775,47.52980027,129.0064612,4134.432986222568,0.9823089282550204
groundnut,8.0,25.54759871,91.64194826,212.867626,3665.8059512304894,1.2873984353883
groundnut,79.0,25.33797709,68.49835977,96.46380213,2343.725564292441,1.3142695109117954
groundnut,112.0,25.68959532,77.90621048,66.19426787,824.6160016955972,1.725541546884316
groundnut,32.0,20.89342749,46.24856523,195.5697875,563.2222217605354,1.4183066468574672
groundnut,110.0,22.60612115,77.34264002,75.13617229,2408.8025331316985,1.683066146746302
groundnut,99.0,26.59580783,82.99556744,100.5123341,2477.258134138471,1.6282540216751176
groundnut,20.0,25.09897688,92.36099489,157.7592626,2129.4495514518894,1.0342989275990027
groundnut,26.0,36.97794384,37.73992903,161.48129630000005,2772.669405165458,0.9132682486381302
groundnut,9.0,28.88302142,50.12323801,179.2155874,2708.650813217708,0.9878490386392882
groundnut,27.0,27.33534897,43.35795962,142.33036769999995,3846.452164130772,0.9515955051777448
groundnut,82.0,25.05802193,84.97323747,110.4408803,934.6284130490496,1.4633295974702447
groundnut,38.0,26.92449525,91.20106019,194.9022136,1400.7106644221817,1.3651733683408158
groundnut,108.0,29.55054817,78.06762846,99.34482238,3672.0199158385217,1.5121672465292026
groundnut,29.0,23.17409556,36.67847052,162.5931264,3891.3474688946185,0.8467942749677385
groundnut,35.0,28.2974764,95.41122824,182.4482352,4479.296854483471,1.133021919816286
groundnut,125.0,24.14386157,84.51591287,80.36146974,3991.6480655483365,1.8500472228686513
groundnut,22.0,34.6455408,54.32342534,180.9009998,4059.5960282893243,1.033546938314646
groundnut,112.0,29.244063800000006,77.32017166,90.66727868,1757.3917705196193,1.640907790787229
groundnut,70.0,24.612911800000006,70.4162444,104.1626147,2106.6465360375055,1.2110046704381128
groundnut,14.0,24.54757829,57.3414485,118.3606557,1572.340419282204,1.1378157361366772
groundnut,30.0,30.33276599,42.35249879,149.299952,2925.1975927708622,1.0794625159915976
groundnut,37.0,25.61294367,94.3138837,224.3206759,4255.221416828153,1.6146540204887911
groundnut,95.0,28.08166093,75.26429821,118.2761894,1878.563546046471,1.782966842629126
groundnut,39.0,22.99774444,60.24218572,159.689339,2728.007127525801,1.311129600076407
groundnut,35.0,28.09269012,44.93322042,197.1144011,1685.1985218139403,1.3279059150883767
groundnut,74.0,18.28362235,66.65952796,80.97573281,1179.19989509083,1.273494092635678
groundnut,108.0,25.16278237,84.97849241,90.94554618,1280.7421192746228,1.5534247257515732
groundnut,36.0,33.64769646,48.41490082,100.4673278,731.7813781525198,1.133387377627488
groundnut,27.0,27.33534897,43.35795962,142.33036769999995,4297.17409203703,1.0856250267512118
groundnut,15.0,28.84270971,99.64328526,224.4016682,2111.5184340305186,1.335232574630637
groundnut,131.0,24.49112609,82.24415809,64.02949379,3836.4835680084325,1.9388297987606358
groundnut,72.0,18.52510753,69.0276233,88.10234397,3225.3178907587644,1.3162942913872888
groundnut,33.0,29.23540524,59.38967583,103.3301803,1267.6846456443416,1.3254591834072307
groundnut,104.0,29.1400919,80.1190228,90.45142867,1201.8489863163513,1.5591059885791532
groundnut,92.0,29.22118628,81.08183635,108.8616474,3747.9528060421794,1.6854001139547345
groundnut,67.0,23.30546753,63.24648023,108.7603001,1558.8468424781495,1.3794463447057133
groundnut,116.0,27.57278064,82.0638878,91.34276507,4153.140734807903,1.7604717556046936
groundnut,133.0,25.72180042,81.19666206,99.93100821,1060.2216187579625,1.6457171059061224
groundnut,100.0,25.56703012,75.94067692,102.7867717,3210.834457817878,1.4401087593799298
groundnut,9.0,20.43517772,39.37252634,137.22796619999997,3757.8955041237355,1.008498566075988
groundnut,5.0,33.50876355,45.70976142,126.6738117,1441.02555366258,0.9840171688125736
groundnut,16.0,28.43647052,91.81320717,145.54144130000003,1604.8294538262642,1.0256974132313323
groundnut,28.0,29.8690834,91.14723422,192.7678575,4358.075544556807,1.136368347363923
groundnut,67.0,24.92162194,66.78627406,109.2162279,1558.390421384633,1.1981347110563227
groundnut,90.0,25.97482359,69.36385721,103.2234212,2219.8281996001915,1.3143728681568487
groundnut,103.0,26.12643374,81.81365007,104.4812858,2230.0623729694644,1.341740505446205
groundnut,98.0,25.34119774,84.47321314,91.06493353,1512.1389997187343,1.5471676250509643
groundnut,99.0,18.14710054,71.09445342,88.07753741,3603.164345748362,1.6154635813804616
groundnut,91.0,29.36792366,76.24900101,92.82840911,3587.397372916621,1.4656416819894647
groundnut,31.0,26.58580443,90.98617591,178.8116076,2013.2720568951424,0.9960408941485571
groundnut,116.0,26.42313317,83.69950440000002,95.12322062,3840.503164322935,1.6159657694920166
groundnut,31.0,26.58580443,90.98617591,178.8116076,1352.2997375960094,1.2000834435643348
groundnut,3.0,29.70143197,95.65754365,215.1968037,517.2231026707146,1.4250312045716398
groundnut,60.0,18.66116213,61.55327249,75.03247667,2784.669448222964,1.1124935858279557
groundnut,76.0,26.16985907,71.96246617,79.84925393,4476.311089809514,1.354099165196227
groundnut,134.0,23.9643129,76.59175937,76.13090645,654.5772393075384,1.9913864854014822
groundnut,29.0,26.87037587,91.72546257,214.4128874,1331.9922948338422,1.4928105683301214
groundnut,25.0,33.15122581,32.45974539,105.03802749999998,2575.6585699483367,1.0782463582069939
groundnut,2.0,34.51934775,47.52980027,129.0064612,3739.7629457794824,0.891392912342308
groundnut,60.0,24.7947077,70.04556743,76.72860067,856.1680203002129,1.3359759134180562
groundnut,40.0,27.55821802,99.98187601,174.62564809999995,2080.9386150355776,1.3184546169200708
groundnut,26.0,31.33170829,57.97429171,161.7820226,3488.3032025195453,0.9898138146012462
kidneybeans,37.0,25.79490531,93.84150618,152.42387119999995,3960.400927642593,0.7071231037660772
kidneybeans,7.0,10.16431299,91.22320999,106.362551,623.5713481441287,0.6832980684265973
kidneybeans,39.0,34.89814946,63.59948557,64.72797143,2085.7449414592484,0.7522158267849784
kidneybeans,12.0,19.86173586,86.19740917,111.0217929,4280.593150683091,0.7127329095876167
kidneybeans,4.0,27.58258929,48.56916221,95.8445641,703.5229381800585,0.6361089390627753
kidneybeans,5.0,25.66901098,92.04670813,112.5424199,3498.8230041785473,0.6422329980969221
kidneybeans,4.0,27.60887393,86.13316408,43.80041104,1530.4504647281458,0.7054329231425438
kidneybeans,23.0,29.25649321,81.97952224,42.02483277,3966.4353286146898,0.7480064806779951
kidneybeans,8.0,27.02766138,83.17093908,70.95666003,3484.2719158374603,0.7575356210189071
kidneybeans,34.0,23.50222822,51.29019509,192.3023991,4042.8206834334514,1.0330597434571804
kidneybeans,7.0,28.2753171,82.76020821,56.04995423,1363.699161725064,0.7452810955893675
kidneybeans,93.0,25.86632408,84.42379269,114.5357503,2625.17101927442,1.1482741887412544
kidneybeans,0.0,21.22503442,90.09877774,113.9760462,3617.079774299203,0.7802311054589939
kidneybeans,33.0,23.19305333,62.74710773,49.55213308,1482.7989719799239,0.7774927473472832
kidneybeans,16.0,19.54314136,47.19188279,192.4372194,1422.9852210688678,0.8773287231266143
kidneybeans,34.0,23.48546973,93.71043692,191.7760562,608.7285339903401,1.0842835386770633
kidneybeans,40.0,28.66086349,86.12194568,50.01534317,4334.061175901809,0.9629982612729457
kidneybeans,98.0,20.26707606,81.63895217,270.4417274,3340.0675202184934,1.6398488227014483
kidneybeans,26.0,19.72620525,89.64934166,108.22872759999998,3042.2414160407393,0.7815064713224176
kidneybeans,14.0,20.95628486,63.68128841,52.39881209,3475.9788907799634,0.8368696640735027
kidneybeans,30.0,21.37784654,92.72043743,106.1417017,2626.4516747817574,0.8631244368591059
kidneybeans,78.0,26.54348085,84.67353597,183.6222657,2404.5352843616415,1.194183794998309
kidneybeans,11.0,12.14190714,83.56812483,69.63122027,2298.1289644940834,0.6579298297050493
kidneybeans,0.0,24.35193812,90.88612388,105.529185,3061.7568484145654,0.6794711438523675
kidneybeans,22.0,32.44577836,83.88504863,68.73932528,1306.1399015695329,0.7846556750418023
kidneybeans,13.0,23.85340379,90.10522549,103.923226,4052.234780059479,0.7446233543380175
kidneybeans,97.0,26.35927159,84.04403589,271.35861370000003,3747.0094848770605,1.875013497673956
kidneybeans,18.0,25.87990287,67.55109024,47.89645224,1898.2544458081354,0.7881488007575697
kidneybeans,23.0,28.77653519,86.69133979,56.12443206,2814.4371872500974,0.7536933959847985
kidneybeans,90.0,26.91643698,73.48655995,171.4716375,1064.1091998000584,1.2028831904691435
kidneybeans,75.0,23.44676801,84.79352417,283.9338466,4389.384991734392,2.212865899291902
kidneybeans,88.0,25.08239719,65.92195844,62.49190812,4111.570750521134,0.9475513629562435
kidneybeans,110.0,27.02415146,91.66737633,21.26034986,4187.590025996802,1.2322951145020988
kidneybeans,100.0,25.56703012,75.94067692,102.7867717,1828.6521908138066,1.0887592449332386
kidneybeans,0.0,23.20242586,91.19442671,109.0946323,1176.5388295314228,0.7315959744862351
kidneybeans,5.0,27.9348279,66.45457122,145.3728801,1347.0886538652412,0.721509779251936
kidneybeans,89.0,24.69368934,85.56967628,48.99390828,860.0055641803594,1.1766727523624578
kidneybeans,36.0,25.71269843,64.1123333,50.17067771,980.4425204055374,0.9472951092308716
kidneybeans,31.0,28.31886863,60.19461399,45.36521251,785.2181367393816,0.848282251710648
kidneybeans,1.0,27.52135365,60.53657684,48.06491307,4459.292276819494,0.7655552493965148
kidneybeans,95.0,19.84939404,61.24500053,100.7689246,796.2307334762943,0.9031753616367696
kidneybeans,76.0,20.41683147,62.55424820000001,65.27798457,1030.1683238056544,1.162323224622039
kidneybeans,112.0,29.244063800000006,77.32017166,90.66727868,3809.018382362946,1.2320655799577778
kidneybeans,26.0,30.91471455,49.92963856,90.14047759,2820.9608669717727,0.8656755595326516
kidneybeans,67.0,26.73072391,81.78596776,280.4044392,3597.6688182773296,1.5423540889902727
kidneybeans,89.0,25.52468965,72.24850829,151.8869972,3023.64803109062,1.0352023574537588
kidneybeans,44.0,39.23342464,91.25589286,64.4478499,4028.7002813157924,0.7981068962231525
kidneybeans,97.0,26.35927159,84.04403589,271.35861370000003,3053.8701110589623,1.8788577295767122
kidneybeans,84.0,23.32293161,53.00366334,168.26442869999997,2588.5003716126034,1.1300738674937272
kidneybeans,43.0,19.40751744,18.98030507,80.25064637,3350.9987750451987,0.9511572520623944
kidneybeans,32.0,31.99928579,54.1077461,71.6266696,2289.571007168438,0.6997000124907394
kidneybeans,115.0,24.22984659,67.37768353,122.4073418,1884.2552916189388,1.3233462800901676
kidneybeans,14.0,27.33580911,55.27755933,73.44775287,2370.6098098008497,0.7623304372137364
kidneybeans,10.0,29.01256899,94.01014388,150.05003119999995,1178.8564203942426,0.7249145564733723
kidneybeans,116.0,24.71252544,77.7293114,85.24963302,3686.2869192107655,1.087737641379332
kidneybeans,33.0,23.89736406,66.32102048,40.74536757,1542.8151253437786,0.8858739662369018
kidneybeans,6.0,34.93174223,30.40046769,159.2649827,1114.12618534819,0.5453761360303565
kidneybeans,7.0,19.6365349,19.68751084,96.65888933,1485.408967132907,0.7530411418854396
kidneybeans,6.0,28.6362812,84.61431076,48.48319335,3868.280607088959,0.6345607053994022
kidneybeans,109.0,27.66752761,79.68542782,108.66464,1820.8051823909254,1.1986110668872667
kidneybeans,107.0,29.42017919,83.96754496,117.229079,3244.199478023601,1.1609517670958225
kidneybeans,103.0,24.06731461,81.64075303,51.75212401,3925.638522622957,1.2821465333210562
kidneybeans,85.0,26.31355498,82.36698992,265.5355937,810.9786677001684,1.7278112125260918
kidneybeans,15.0,22.52709326,92.54780429,115.3830068,3560.0976207121716,0.7234212812148938
kidneybeans,89.0,26.44414097,53.83876189,175.3723314,1730.66186551612,1.1290730685423398
kidneybeans,94.0,20.27774362,82.89408619,241.9741949,1366.4894567361707,1.7951984958775373
kidneybeans,40.0,35.32876402,91.06138506,163.9069365,3255.605809811889,0.8511399341223258
kidneybeans,63.0,19.28889933,65.47050802,71.3195307,4139.186490932935,0.9337746881530266
kidneybeans,33.0,33.34214482,82.51034633,70.68098614,1680.0768348495817,0.7914906195523689
kidneybeans,136.0,22.74446976,80.41198458,90.07326633,2775.335221537276,1.1534435367985567
kidneybeans,99.0,21.7238313,80.2389895,277.9626192,1659.3364553979661,1.9878598808159307
kidneybeans,56.0,17.57445618,16.71826572,77.81891424,2717.1423429057118,0.7872033363288997
kidneybeans,63.0,18.25405352,55.28220433,63.72358154,2987.448122617362,1.0111916205278924
kidneybeans,2.0,29.73770045,47.54885174,90.09586854,2941.341555160719,0.7042733879978544
kidneybeans,131.0,23.65724079,84.47601498,88.54479121,2994.185478570984,1.5478092217251518
kidneybeans,93.0,21.53346343,82.14004101,295.9248796,1040.3191688700963,1.8253404921215897
kidneybeans,24.0,28.95451232,89.07866095,57.65901369,3274.1618783468784,0.7939563567021266
kidneybeans,42.0,18.17912258,18.90426935,81.84997529,3199.001425520893,0.9842024171225237
kidneybeans,91.0,24.48556447,83.20630007,192.2316221,3230.3524888675324,1.4267567607259766
kidneybeans,13.0,30.55992394,35.29006485,178.8998611,796.2822109548254,0.7591607756026852
kidneybeans,6.0,25.96308415,82.57813624,70.31782647,2287.3553696566105,0.7412109967757317
kidneybeans,120.0,23.56960509,50.56339727,130.3797119,2136.140528182919,1.2492353523623385
kidneybeans,83.0,29.08417927,90.73891887,25.33014238,846.8459345727965,1.0905048130183852
kidneybeans,38.0,33.7462686,48.50387598,92.26439205,1389.4717115872427,0.7782879932249398
kidneybeans,118.0,25.44926208,79.49221962,100.6619171,2263.8505271921467,1.2329918738870114
kidneybeans,35.0,22.03911546,94.58075845,110.9804014,3471.625239432329,0.7458747088919084
kidneybeans,59.0,19.03025305,18.66725565,94.70992037,1448.248307938653,0.9535908816248487
kidneybeans,35.0,17.81564548,17.60756635,90.82097601,3818.999640499646,0.8560707329585918
kidneybeans,61.0,39.30050027,94.16193416,120.9512466,2683.1931429578535,0.840593303766912
kidneybeans,74.0,22.6265115,65.77472881,88.17251033,3541.68674073847,0.901603221367706
kidneybeans,40.0,34.16438906,54.16482251,98.33351125,2390.2239333474286,0.8941767073441426
kidneybeans,31.0,24.96273236,92.40501423,109.4169192,2496.7769016888933,0.8679255761740033
kidneybeans,26.0,31.33170829,57.97429171,161.7820226,2978.877557518561,0.7476608744769649
kidneybeans,5.0,22.43377991,90.3396556,112.459697,4211.882432663297,0.7039096463147315
kidneybeans,93.0,25.6217169,66.50415474,105.4654703,2467.2503256516397,0.9918069493977056
kidneybeans,98.0,27.33897716,90.69759008,28.69113835,2614.630152433164,1.051076962241688
kidneybeans,27.0,23.66682067,93.90191078,105.4004751,2907.987854110118,0.7882901124547087
kidneybeans,20.0,29.5888162,89.9939693,54.96121262,3450.060549190903,0.8554895462222223
kidneybeans,2.0,27.53632932,89.92908171,45.48591922,787.4013419449373,0.6703491534615966
kidneybeans,102.0,24.69315538,84.84422454,89.799462,2562.7497540878885,1.2285095785612001
linseed,41.0,20.02381489,16.63294455,68.97806542,3345.637390838969,0.37392778476666155
linseed,53.0,20.19137759,16.41998269,77.33795356,573.7512115007753,0.45499105835634057
linseed,43.0,19.40751744,18.98030507,80.25064637,2256.7140528237387,0.4924679603774814
linseed,22.0,18.86805647,15.65809214,88.51048983,3076.0376057994736,0.4549258672554341
linseed,31.0,20.8248451,17.85057083,79.20509212,2941.616436697229,0.4824980673800736
linseed,27.0,17.06579293,17.54024066,70.87150577,3606.5937435548635,0.36511417012996816
linseed,29.0,19.62416326,18.71483156,88.4585692,3742.07886263919,0.44474629683346395
linseed,57.0,18.72649425,17.58406365,81.20176515,3346.8232836775514,0.5373134893728696
linseed,23.0,19.02061277,17.13159126,79.92698081,911.1907845789976,0.3622551595782913
linseed,59.0,19.07937684,17.86754927,69.40619137,2400.089776017443,0.503056983877653
linseed,47.0,17.18248372,16.42891834,72.85017344,2913.6238299504344,0.4757187076228463
linseed,31.0,20.88818675,14.32313811,90.46228334,1482.2641552378063,0.4326988376742428
linseed,27.0,19.16288268,15.83500655,82.69766829,670.207270587106,0.36434919172941266
linseed,28.0,18.72963144,19.18197264,71.58010169,1394.3612835041877,0.41716883171771135
linseed,24.0,18.19903647,17.41333199,80.6405403,2319.5776069305557,0.405709256992992
linseed,30.0,20.26942271,19.96978871,69.64449182,2155.7212762184035,0.4337726401621488
linseed,48.0,17.43732714,14.33847406,73.0926704,1206.6679253086465,0.44805841004550173
linseed,42.0,19.2582557,14.2804191,65.78042032,3797.6621707339714,0.44734062548146786
linseed,52.0,17.48504075,16.96070581,86.05078037,4202.746674946899,0.47728276288337695
linseed,56.0,17.57445618,16.71826572,77.81891424,1305.393276210861,0.5059301612477323
linseed,36.0,18.2872007,16.67921616,74.87445574,4218.291662268886,0.4344270330733527
linseed,49.0,18.65580107,16.17772668,81.70769297,571.4438367007233,0.46202289068304203
linseed,53.0,19.71359733,18.09665739,73.64476535,4199.849890827782,0.4955483145761686
linseed,53.0,19.71359733,18.09665739,73.64476535,4307.715160323632,0.41631987686783095
linseed,31.0,18.8202251,16.1074793,89.73119396,548.2074520637008,0.4524454965520899
linseed,27.0,18.19737048,14.71070537,70.18185181,3552.0771871069924,0.42365303590582615
linseed,35.0,17.81564548,17.60756635,90.82097601,4380.806290279374,0.4421044011838466
linseed,40.0,18.59190771,14.77959596,89.60982451,4123.608875271113,0.4911605393675209
linseed,24.0,17.30287885,15.15405941,75.57790384,4382.840644784852,0.34810330806644074
linseed,47.0,17.18248372,16.42891834,72.85017344,2701.2940227905574,0.39201158050276047
linseed,32.0,20.45078582,15.40312102,92.68373702,812.624559541553,0.45411711041223324
linseed,20.0,18.17234999,14.70085967,90.7760707,3899.1567912201444,0.4068576621565738
linseed,43.0,19.46233971,15.22538951,74.58565097,2955.3130232360463,0.47337091588531255
linseed,42.0,18.17912258,18.90426935,81.84997529,2958.9469767531564,0.441925313107777
linseed,34.0,17.927806,15.85622899,74.63872762,2169.014439434745,0.46221902863294234
linseed,54.0,18.81198127,15.21618225,77.54294240000002,2787.3679060844365,0.5268292901795061
linseed,39.0,17.88776475,15.40589717,68.54932919,1114.319116344458,0.4678735638446045
linseed,28.0,20.56601874,14.25803981,83.75937135,3459.0801062646015,0.4260657194945593
linseed,28.0,18.72963144,19.18197264,71.58010169,800.0692294061694,0.35610650337197514
linseed,59.0,18.57665902,19.22008229,72.94940441,3419.123068175168,0.5317567982792811
linseed,42.0,17.22385224,15.82069268,76.57580954,3895.913690499416,0.4984812997816462
linseed,22.0,17.16606398,14.42457525,72.32667516,2389.8747102579528,0.4282530509243302
linseed,57.0,17.34150229,18.75626255,67.9545435,2539.3214642281973,0.4552271679702843
linseed,26.0,17.08498521,16.14565756,71.31007253,1748.857091688313,0.43860385056646284
linseed,22.0,17.16606398,14.42457525,72.32667516,4377.834334902351,0.43528945058992163
linseed,25.0,20.09340593,15.11279612,85.74904898,3432.4978982381813,0.47956059286562774
linseed,33.0,19.46210401,18.72831993,68.81405149,1975.9542132013798,0.412122523745058
linseed,32.0,20.62767492,14.44008871,92.06630306,1199.2295449320204,0.43690024775177677
linseed,49.0,18.65580107,16.17772668,81.70769297,1378.3183688083654,0.5062336809304743
linseed,31.0,20.8248451,17.85057083,79.20509212,2355.6891444402,0.4452090887756858
linseed,24.0,18.19903647,17.41333199,80.6405403,4270.273601257351,0.37937824979561335
linseed,57.0,19.1034283,17.26184541,75.49101167,3436.585383043672,0.5152814799512471
linseed,47.0,17.18248372,16.42891834,72.85017344,1360.9749927165992,0.4870706726974301
linseed,22.0,17.16606398,14.42457525,72.32667516,3938.2445336755923,0.4101190276853394
linseed,49.0,18.31561493,15.36143547,81.78710463,2012.8020920387244,0.48440043963454654
linseed,39.0,19.96837462,15.57324389,69.15759062,3906.8887310100745,0.4499500696100124
linseed,32.0,19.69141713,19.44225438,91.76071648,1466.798391924524,0.4939181795957436
linseed,28.0,20.56601874,14.25803981,83.75937135,2974.6424477452706,0.4037910093497316
linseed,52.0,17.25769499,18.74943955,94.00287214,4206.681952325128,0.4551319601184522
linseed,42.0,18.17912258,18.90426935,81.84997529,1531.5760365911765,0.45929386569195046
linseed,31.0,20.8248451,17.85057083,79.20509212,3271.7063623434196,0.4743360213259593
linseed,31.0,20.88818675,14.32313811,90.46228334,4449.250479828575,0.39025592003494586
linseed,39.0,17.88776475,15.40589717,68.54932919,1102.393148972014,0.40321730417713575
linseed,51.0,18.88852533,14.99451145,80.11133840000002,853.6091628026976,0.4046835055833528
linseed,49.0,19.71098332,17.63879418,85.57925437,3196.7807697792646,0.4836130639279884
linseed,58.0,20.99373558,19.33470387,93.55280105,1858.9437909961216,0.4632698371876423
linseed,59.0,17.3348681,18.74926979,82.61734721,784.9779094663645,0.4791064573457716
linseed,37.0,19.95264829,14.82633099,88.6810311,2401.2224715344164,0.4786684920581848
linseed,25.0,17.48042641,15.7559405,66.96980581,3515.082718575823,0.3943840194767138
linseed,57.0,18.49311205,14.72115044,91.94595352,1640.4896016607552,0.5049613608008142
linseed,57.0,18.72649425,17.58406365,81.20176515,1840.1875100205389,0.485041096579901
linseed,36.0,18.38120357,16.63805158,70.52056697,3882.7976025878884,0.469666976334012
linseed,32.0,20.62767492,14.44008871,92.06630306,2580.287649045952,0.46187441976600424
linseed,52.0,17.25769499,18.74943955,94.00287214,3870.9278752258883,0.45113515230647094
linseed,57.0,17.17012591,17.30457712,72.78624223,2285.557968574838,0.4821327524352365
linseed,30.0,20.71424384,15.27824066,76.77888672,4311.900646240414,0.4771987885666503
linseed,59.0,19.03025305,18.66725565,94.70992037,3103.178358870947,0.51897687326025
linseed,54.0,17.141861399999996,17.0662427,83.74606679,963.5954612769976,0.42776684335169085
linseed,31.0,17.57212145,14.99927489,89.31050665,4040.3719529072027,0.45273641438409606
linseed,48.0,17.43732714,14.33847406,73.0926704,2457.060763323191,0.4284965417379457
linseed,20.0,18.17234999,14.70085967,90.7760707,1066.55587189162,0.4530909700128586
linseed,44.0,20.18649426,19.63719995,78.26039559,1110.7605353656827,0.5109399432151925
linseed,58.0,20.6543203,16.60820843,74.6631118,3250.135740439487,0.5193653254235125
linseed,59.0,20.36720401,16.89574311,82.2545577,689.4900269179591,0.5153197561249241
linseed,36.0,18.2872007,16.67921616,74.87445574,1646.3750596552532,0.4378251474356287
linseed,46.0,18.2356751,19.68538502,83.74879344,1059.1503618794723,0.49401552879319705
linseed,54.0,18.81198127,15.21618225,77.54294240000002,2264.309718469137,0.47570915901950717
linseed,59.0,18.57665902,19.22008229,72.94940441,2157.415087977445,0.5103704352306002
linseed,32.0,20.45078582,15.40312102,92.68373702,2587.505738755424,0.4753810430061488
linseed,22.0,18.86805647,15.65809214,88.51048983,1618.545316410121,0.3960503956529448
linseed,52.0,17.25769499,18.74943955,94.00287214,628.1743575127088,0.45402888671858194
linseed,22.0,17.84851658,19.09172907,76.32470713,2957.544426140743,0.37116585031825644
linseed,31.0,17.57212145,14.99927489,89.31050665,1994.8720115294054,0.39354134343494757
linseed,57.0,17.09104223,18.25142068,87.27444866,3105.339994960186,0.4168579794394682
linseed,58.0,19.81344531,14.69765308,78.96514709,934.6678832170738,0.5337222154662685
linseed,32.0,20.45078582,15.40312102,92.68373702,555.1094211762013,0.5086913032068436
linseed,20.0,18.54988627,16.02542689,76.32565249,1493.176991541171,0.45526724737592933
linseed,52.0,17.48504075,16.96070581,86.05078037,2326.1892919762086,0.41651766452952466
linseed,42.0,18.99424448,15.9362937,78.69707199,2076.287896673869,0.48946666775792197
linseed,31.0,17.57212145,14.99927489,89.31050665,3741.2102210938656,0.47911428260005456
millet,22.0,24.30935081,56.32938343,58.99536268,1308.4572006258663,1.0716571590824875
millet,16.0,18.33124824,38.40975482,139.64833169999997,3526.5977096664615,0.975752793609615
millet,17.0,28.50677929,45.20094476,66.1761456,4463.239062204489,0.9633915299374692
millet,24.0,19.63736208,32.31528909,176.4134092,4214.104700229316,1.102830711994565
millet,36.0,34.53823889,39.04468913,168.5948318,2516.877422151075,1.1177091434721254
millet,10.0,30.99256944,43.02151392,58.27600682,2627.295423111737,0.9075707313344171
millet,4.0,25.97948991,64.95585424,72.19245835,1758.3262761433703,0.8968115812719575
millet,8.0,29.50523036,35.72032498,187.8961851,3595.757754550625,0.9815078201893138
millet,16.0,19.54314136,47.19188279,192.4372194,3559.0267517305942,1.2116613512507217
millet,27.0,28.00937423,52.60950014,36.01203025,3877.089430329778,1.139104069597516
millet,27.0,27.33534897,43.35795962,142.33036769999995,4082.0183087875375,1.1151318394192065
millet,36.0,33.64769646,48.41490082,100.4673278,2237.396992901183,1.1730494722238023
millet,39.0,29.34317422,60.50320928,34.03335472,3567.5022724287905,1.1628536370509293
millet,34.0,33.4126864,35.42910045,139.6702541,3725.5949151835143,1.1144185572148666
millet,11.0,28.70012137,44.359648,44.11622138,1733.8384899910006,1.0146682932230047
millet,32.0,26.45707778,56.40226277,64.16167699,4216.9689760246,1.1202155778017273
millet,33.0,24.86803974,48.27531965,63.9187654,877.3660105586218,1.0883808168280578
millet,33.0,35.45790488,68.75810535,108.6333046,4477.076716653131,1.2323154115804562
millet,25.0,27.65472156,58.59986279,36.94255012,3580.3628726354777,1.0421117904948616
millet,32.0,28.63618921,61.39451307,68.54877876,873.083621297309,1.058323810213729
millet,4.0,29.33743412,49.00323081,42.44054315,3124.9185924200024,0.9770625699040588
millet,4.0,29.33743412,49.00323081,42.44054315,636.7176437130406,0.9633021635302161
millet,7.0,22.47253208,62.56532471,96.74706956,3580.7477977767317,0.8631321913505221
millet,22.0,25.42517036,53.22082660000001,46.19374559,3696.891686636221,1.1653129760351324
millet,24.0,19.14729038,45.3733757,132.7748215,2909.6410123657906,1.043420392973955
millet,20.0,29.93964907,54.61813464,45.43669946,3927.441567666282,0.9436999797569594
millet,2.0,25.87682261,45.96341933,38.53254678,891.5331208594388,1.0366142903049713
millet,3.0,25.74679443,40.7192594,100.7791633,1603.6953681632529,1.000567367210725
millet,27.0,23.45379018,46.48714759,150.87122019999995,2156.710086370682,0.9866768901741205
millet,0.0,28.17489437,43.6672299,45.78172762,669.8318113123931,1.058750537267372
millet,35.0,30.88883074,52.62696801,55.51932414,2292.8643502846644,1.1751388019247027
millet,7.0,25.50634557,44.8302551,74.32635105,1560.8538244502638,0.9767628777780032
millet,23.0,24.17093241,58.25204566,59.18953429,2070.940048407012,1.211662529320236
millet,6.0,26.01630259,49.94704718,160.33374469999995,2200.4105279692258,0.9831687063625751
millet,3.0,36.51268371,57.92887167,122.6539694,4017.6469339507403,0.8634793081181981
millet,31.0,30.30260453,47.18283631,68.04039813,1581.3638821105562,1.0402801496661727
millet,32.0,28.63618921,61.39451307,68.54877876,4074.972514865088,1.1699079546088094
millet,28.0,24.7741949,50.54621094,114.2821387,2203.8838592513966,1.1482343591056223
millet,19.0,23.6734328,47.2879691,141.12507219999995,1811.230882775944,1.0507428994565085
millet,9.0,28.88302142,50.12323801,179.2155874,2510.048197340584,0.9944908947554898
millet,21.0,27.10508014,63.56791363,62.20279647,2170.9731454513585,1.0702848583855509
millet,26.0,31.33170829,57.97429171,161.7820226,1529.4892522205844,1.0524417673801072
millet,40.0,30.38257873,40.5926071,47.95406479,2510.7172991842676,1.028414919170539
millet,20.0,34.87248659,38.83786012,148.25027859999997,1107.206932315325,0.8657906464421311
millet,16.0,33.80020039,40.03262418,176.6165894,1907.7197720918643,1.0873611263537628
millet,24.0,19.14729038,45.3733757,132.7748215,2763.1608774963624,0.8325047210145916
millet,3.0,36.51268371,57.92887167,122.6539694,2153.632977559434,0.8796449781732082
millet,27.0,27.33534897,43.35795962,142.33036769999995,3795.649444203186,1.0529673181176191
millet,4.0,31.01274943,62.40392519,63.77192383,1526.887046140665,1.0286011260116021
millet,38.0,33.18184225,38.23184742,198.8298806,4379.086315324041,1.280960132836886
millet,16.0,18.33124824,38.40975482,139.64833169999997,3638.8880834054053,1.0483727415475625
millet,34.0,23.50222822,51.29019509,192.3023991,4370.372103989888,1.2870796109885667
millet,1.0,28.43430726,52.10010827,147.0414824,3852.5462193212165,0.9401484734260811
millet,30.0,24.83206631,44.17085032,52.0810886,1068.4157034065706,1.1842266516886475
millet,36.0,33.64769646,48.41490082,100.4673278,2605.840362540055,1.0486698012115112
millet,26.0,36.97794384,37.73992903,161.48129630000005,1179.9140847831427,1.0652461759866507
millet,36.0,35.95176642,36.52780776,136.0456753,3772.9094105090294,0.9726457680186134
millet,40.0,31.80130272,45.03186173,147.03614419999997,2836.6485967331837,1.1624577439746797
millet,20.0,36.04353699,43.61444121,159.8938645,1553.797257427623,1.0372758496604872
millet,38.0,28.23416057,49.4421345,186.5008581,4218.3958880286855,1.3765997118914888
millet,33.0,24.86803974,48.27531965,63.9187654,960.7442132570427,1.3109155720961316
millet,13.0,30.55992394,35.29006485,178.8998611,2755.449613885256,1.0064494041757714
millet,38.0,25.74095321,45.38497051,67.43488235,3384.162218666902,1.0379459090821956
millet,14.0,30.53684308,59.96664731,33.48919022,735.3941493297272,0.9156598407303369
millet,38.0,28.23416057,49.4421345,186.5008581,2891.4241328248145,1.3766420845515699
millet,16.0,31.24021696,56.67369054,122.0146733,3763.6048618523764,1.0399634958337265
millet,27.0,28.00937423,52.60950014,36.01203025,770.1092576722135,1.1004159543496193
millet,40.0,27.32198928,34.13737127,96.51524028,2548.9718844265085,1.0685097691194456
millet,13.0,30.5753044,34.75591197,177.5764304,1534.2287125949601,1.129107538538231
millet,29.0,30.04132304,63.56222995,31.83192392,3151.6978061476834,0.9820659053812957
millet,8.0,31.21629982,46.01868196,53.1205277,974.7094683153796,1.0413625746845416
millet,11.0,26.34043268,55.59160391,35.1051197,4248.205722682027,1.2294107809823085
millet,20.0,19.24462755,50.54495302,180.6465282,4078.9143268589273,1.1590477707334308
millet,11.0,29.37735586,44.82294584,172.40168,1243.8976795028366,1.0783930608597503
millet,25.0,27.65472156,58.59986279,36.94255012,1793.0635374604185,1.0385733311705097
millet,36.0,28.66024187,59.3189118,36.92629678,2850.5398986121722,0.9765123355469825
millet,26.0,25.95058595,40.58227261,109.1821183,3372.2493465370017,1.0403288677032914
millet,28.0,24.7741949,50.54621094,114.2821387,2270.624060641033,1.0093573530044382
millet,7.0,31.2123945,40.92604945,53.78769958,1125.1652878439004,0.8374816131755627
millet,19.0,26.80474415,48.23991436,43.87801983,916.6059752114863,1.1925801515646461
millet,24.0,19.63736208,32.31528909,176.4134092,4499.061347657375,1.1536577860595558
millet,9.0,30.11812084,34.13307843,157.0858232,2321.408485773949,0.9978996032255156
millet,9.0,30.39321309,60.16299493,35.37493212,3990.1269965939928,0.9423376027377296
millet,6.0,26.01630259,49.94704718,160.33374469999995,2429.504018516458,0.9573712221636665
millet,40.0,31.02215872,45.89239456,53.56783314,4189.430554184013,1.2328754087336826
millet,6.0,26.88630675,41.69617915,94.46748008,851.0375310862024,0.9661780117383237
millet,34.0,23.50222822,51.29019509,192.3023991,956.0767653382038,1.3857242908679073
millet,4.0,31.01274943,62.40392519,63.77192383,4218.528750896898,0.9165467704909593
millet,14.0,27.33580911,55.27755933,73.44775287,4289.97218017914,0.987963758103602
millet,20.0,19.24462755,50.54495302,180.6465282,1758.8697898614535,0.9992978063993818
millet,25.0,25.5042419,61.66852372,65.07981523,1920.6595479754874,0.9154676495383359
millet,15.0,29.97604322,57.03184356,44.86052932,2309.800939339032,0.9844810813656693
millet,17.0,30.06142622,45.90067655,41.0550915,2164.6467202691633,1.0213795075999013
millet,27.0,31.70447482,56.85420099,44.94317432,1260.1808638383868,0.9511701566156319
millet,11.0,26.85911286,41.81420849,44.13827124,4093.501535757498,0.9964773906347617
millet,28.0,25.16125354,55.25435777,40.89732789,1513.230402822575,1.110842542544432
millet,34.0,33.4126864,35.42910045,139.6702541,3321.089637910606,0.8941612514707405
millet,24.0,19.14729038,45.3733757,132.7748215,768.6227109398915,0.9743740746040294
millet,40.0,29.37687468,57.69622912,38.34303462,655.0053261137178,1.1982784937714928
millet,30.0,30.33276599,42.35249879,149.299952,3114.9218903076826,1.1258601473873624
mothbeans,37.0,25.79490531,93.84150618,152.42387119999995,2821.753188811379,0.5429590551664365
mothbeans,7.0,10.16431299,91.22320999,106.362551,2006.9411128341867,0.3452230912623914
mothbeans,39.0,34.89814946,63.59948557,64.72797143,3807.049439579788,0.3706101051752124
mothbeans,12.0,19.86173586,86.19740917,111.0217929,1054.3222057698513,0.36286566795056163
mothbeans,4.0,27.58258929,48.56916221,95.8445641,2213.5705833658626,0.3284498632258445
mothbeans,5.0,25.66901098,92.04670813,112.5424199,3259.047393776348,0.3866076770735959
mothbeans,4.0,27.60887393,86.13316408,43.80041104,3972.945761131599,0.37781907724692104
mothbeans,23.0,29.25649321,81.97952224,42.02483277,1978.2864254270307,0.40778803839269084
mothbeans,8.0,27.02766138,83.17093908,70.95666003,2770.982396375011,0.4552494975418519
mothbeans,34.0,23.50222822,51.29019509,192.3023991,776.559780029046,0.5550676771545358
mothbeans,7.0,28.2753171,82.76020821,56.04995423,1181.2763524473157,0.41004712788354075
mothbeans,93.0,25.86632408,84.42379269,114.5357503,776.5526498644579,0.5561803811169228
mothbeans,0.0,21.22503442,90.09877774,113.9760462,3411.5235679940874,0.33995255552952897
mothbeans,33.0,23.19305333,62.74710773,49.55213308,1652.2398748885628,0.45472027047973257
mothbeans,16.0,19.54314136,47.19188279,192.4372194,3394.981160767351,0.4764787992657991
mothbeans,34.0,23.48546973,93.71043692,191.7760562,765.5931161730982,0.4514942171315058
mothbeans,40.0,28.66086349,86.12194568,50.01534317,3950.1912016333017,0.4596872090457187
mothbeans,98.0,20.26707606,81.63895217,270.4417274,3842.1207924443665,0.9879399920228675
mothbeans,26.0,19.72620525,89.64934166,108.22872759999998,855.7149722011306,0.4201277944055766
mothbeans,14.0,20.95628486,63.68128841,52.39881209,595.0260258287461,0.37639230588795997
mothbeans,30.0,21.37784654,92.72043743,106.1417017,725.1552519279647,0.42325980655315143
mothbeans,78.0,26.54348085,84.67353597,183.6222657,3914.5206925869356,0.6182293355887485
mothbeans,11.0,12.14190714,83.56812483,69.63122027,1438.813956207583,0.3597090704206695
mothbeans,0.0,24.35193812,90.88612388,105.529185,2693.0932714327546,0.3919525222695916
mothbeans,22.0,32.44577836,83.88504863,68.73932528,2204.976812720227,0.4444213679509799
mothbeans,13.0,23.85340379,90.10522549,103.923226,3682.1021049144083,0.39577145079328924
mothbeans,97.0,26.35927159,84.04403589,271.35861370000003,2455.5932058826825,0.9668076673528028
mothbeans,18.0,25.87990287,67.55109024,47.89645224,2502.643362645079,0.4323448333982618
mothbeans,23.0,28.77653519,86.69133979,56.12443206,4456.367757999609,0.44579561349217534
mothbeans,90.0,26.91643698,73.48655995,171.4716375,1100.5182269970283,0.5939678083098524
mothbeans,75.0,23.44676801,84.79352417,283.9338466,3822.8157549837256,1.0175819984405852
mothbeans,88.0,25.08239719,65.92195844,62.49190812,706.9989824155391,0.6352741358538967
mothbeans,110.0,27.02415146,91.66737633,21.26034986,2410.595078291883,0.7068168539944835
mothbeans,100.0,25.56703012,75.94067692,102.7867717,4045.3392957320943,0.7062308052873032
mothbeans,0.0,23.20242586,91.19442671,109.0946323,3160.8558624164853,0.3471059566088775
mothbeans,5.0,27.9348279,66.45457122,145.3728801,3240.858477464532,0.3838035499927716
mothbeans,89.0,24.69368934,85.56967628,48.99390828,1553.2691290259422,0.5920410506144757
mothbeans,36.0,25.71269843,64.1123333,50.17067771,2174.299165445817,0.45817327254751744
mothbeans,31.0,28.31886863,60.19461399,45.36521251,1966.324253996202,0.4224156485914706
mothbeans,1.0,27.52135365,60.53657684,48.06491307,2585.772840631977,0.32989548060914614
mothbeans,95.0,19.84939404,61.24500053,100.7689246,2348.9117205746725,0.5972814191776177
mothbeans,76.0,20.41683147,62.55424820000001,65.27798457,1807.5934075079574,0.5161305879700274
mothbeans,112.0,29.244063800000006,77.32017166,90.66727868,1721.9224494846803,0.6423485100840668
mothbeans,26.0,30.91471455,49.92963856,90.14047759,1503.4115666204884,0.39804300349822086
mothbeans,67.0,26.73072391,81.78596776,280.4044392,1960.1889875390336,0.8313555497999466
mothbeans,89.0,25.52468965,72.24850829,151.8869972,1099.7659117362427,0.6024996473372703
mothbeans,44.0,39.23342464,91.25589286,64.4478499,3988.4172080142953,0.4258247448530678
mothbeans,97.0,26.35927159,84.04403589,271.35861370000003,2908.4775673337094,1.049926443687668
mothbeans,84.0,23.32293161,53.00366334,168.26442869999997,1035.145702375422,0.6924205300572062
mothbeans,43.0,19.40751744,18.98030507,80.25064637,3275.4373368360057,0.47713980044045495
mothbeans,32.0,31.99928579,54.1077461,71.6266696,3890.665871991893,0.4514006319134809
mothbeans,115.0,24.22984659,67.37768353,122.4073418,1450.1426882090354,0.5983294127985213
mothbeans,14.0,27.33580911,55.27755933,73.44775287,1102.4023773490558,0.3644766697737575
mothbeans,10.0,29.01256899,94.01014388,150.05003119999995,534.4690285350082,0.44279622442163297
mothbeans,116.0,24.71252544,77.7293114,85.24963302,689.0013554259405,0.6089327345862762
mothbeans,33.0,23.89736406,66.32102048,40.74536757,3549.0053932140463,0.416256093440449
mothbeans,6.0,34.93174223,30.40046769,159.2649827,4448.745328166775,0.3593602089692849
mothbeans,7.0,19.6365349,19.68751084,96.65888933,679.5212899051064,0.3790615814168058
mothbeans,6.0,28.6362812,84.61431076,48.48319335,3492.2838363195706,0.35655932210791036
mothbeans,109.0,27.66752761,79.68542782,108.66464,787.4486633638403,0.6210068614946515
mothbeans,107.0,29.42017919,83.96754496,117.229079,2868.531299614667,0.6866159594016925
mothbeans,103.0,24.06731461,81.64075303,51.75212401,3524.3011297129515,0.5849865433057094
mothbeans,85.0,26.31355498,82.36698992,265.5355937,1936.8175890709506,0.8306295554465981
mothbeans,15.0,22.52709326,92.54780429,115.3830068,543.7388844426549,0.4393143569889269
mothbeans,89.0,26.44414097,53.83876189,175.3723314,2880.7574085017036,0.6523257053266523
mothbeans,94.0,20.27774362,82.89408619,241.9741949,4464.978512560111,0.8258170285123744
mothbeans,40.0,35.32876402,91.06138506,163.9069365,1530.469691353983,0.38017354851083596
mothbeans,63.0,19.28889933,65.47050802,71.3195307,1257.9651087488633,0.48325520376086806
mothbeans,33.0,33.34214482,82.51034633,70.68098614,995.7035710140599,0.4283841386975651
mothbeans,136.0,22.74446976,80.41198458,90.07326633,2721.0224796002244,0.7689422956266896
mothbeans,99.0,21.7238313,80.2389895,277.9626192,2885.7803974410936,0.9429683579942858
mothbeans,56.0,17.57445618,16.71826572,77.81891424,3669.0833486816096,0.4853303372532567
mothbeans,63.0,18.25405352,55.28220433,63.72358154,3512.2930944820387,0.5361827347177912
mothbeans,2.0,29.73770045,47.54885174,90.09586854,4070.1659791803486,0.30096096998600147
mothbeans,131.0,23.65724079,84.47601498,88.54479121,3723.0907933692056,0.7504636925943581
mothbeans,93.0,21.53346343,82.14004101,295.9248796,1489.0683323177777,0.9664854684075083
mothbeans,24.0,28.95451232,89.07866095,57.65901369,2723.509619503044,0.4382895517739791
mothbeans,42.0,18.17912258,18.90426935,81.84997529,1689.64783637432,0.46794661956925815
mothbeans,91.0,24.48556447,83.20630007,192.2316221,1819.1415182060098,0.7550010523850026
mothbeans,13.0,30.55992394,35.29006485,178.8998611,4227.777476919986,0.4476641981314598
mothbeans,6.0,25.96308415,82.57813624,70.31782647,3227.583620268294,0.3144957691090283
mothbeans,120.0,23.56960509,50.56339727,130.3797119,4398.361653004424,0.6243297041998134
mothbeans,83.0,29.08417927,90.73891887,25.33014238,2167.650146874978,0.5750616432291228
mothbeans,38.0,33.7462686,48.50387598,92.26439205,2649.750293415906,0.43280355145939364
mothbeans,118.0,25.44926208,79.49221962,100.6619171,2448.461679665687,0.6876352342323445
mothbeans,35.0,22.03911546,94.58075845,110.9804014,929.1482300949076,0.48491408457888135
mothbeans,59.0,19.03025305,18.66725565,94.70992037,1446.8079781064134,0.5276339444595091
mothbeans,35.0,17.81564548,17.60756635,90.82097601,2610.545442417929,0.43315038825395474
mothbeans,61.0,39.30050027,94.16193416,120.9512466,769.497220532025,0.38917749282571595
mothbeans,74.0,22.6265115,65.77472881,88.17251033,4225.847717235557,0.5320803638956545
mothbeans,40.0,34.16438906,54.16482251,98.33351125,995.3747277734833,0.4566650903737854
mothbeans,31.0,24.96273236,92.40501423,109.4169192,1291.9229856676284,0.4105405674585922
mothbeans,26.0,31.33170829,57.97429171,161.7820226,3561.284895754546,0.4447201375660188
mothbeans,5.0,22.43377991,90.3396556,112.459697,887.7381671572548,0.4119481143609747
mothbeans,93.0,25.6217169,66.50415474,105.4654703,4101.112398461637,0.6072328035127473
mothbeans,98.0,27.33897716,90.69759008,28.69113835,3402.803882890142,0.4609927943909233
mothbeans,27.0,23.66682067,93.90191078,105.4004751,774.4834284354356,0.3944037218226303
mothbeans,20.0,29.5888162,89.9939693,54.96121262,3267.3882451426116,0.4781218797959653
mothbeans,2.0,27.53632932,89.92908171,45.48591922,3026.514168685271,0.3603218779320325
mothbeans,102.0,24.69315538,84.84422454,89.799462,3529.3977309596744,0.5243478728568831
mungbean,37.0,25.79490531,93.84150618,152.42387119999995,4332.3703166425985,0.5675324035721625
mungbean,7.0,10.16431299,91.22320999,106.362551,2842.4150458623194,0.45036684575914543
mungbean,39.0,34.89814946,63.59948557,64.72797143,3625.863357609687,0.47761754112495713
mungbean,12.0,19.86173586,86.19740917,111.0217929,2009.1273562454526,0.47272963104778654
mungbean,4.0,27.58258929,48.56916221,95.8445641,549.5888556631838,0.5030782857358316
mungbean,5.0,25.66901098,92.04670813,112.5424199,2538.938639505776,0.45888224320896825
mungbean,4.0,27.60887393,86.13316408,43.80041104,2528.760477263716,0.4155392480187781
mungbean,23.0,29.25649321,81.97952224,42.02483277,2247.957153245807,0.5579048943489807
mungbean,8.0,27.02766138,83.17093908,70.95666003,1858.868216648307,0.5342445872711808
mungbean,34.0,23.50222822,51.29019509,192.3023991,1499.304351238888,0.6622518633977499
mungbean,7.0,28.2753171,82.76020821,56.04995423,2610.1794979887313,0.4084301615798058
mungbean,93.0,25.86632408,84.42379269,114.5357503,2001.1125587739764,0.7936022930781609
mungbean,0.0,21.22503442,90.09877774,113.9760462,4379.727532199235,0.4005271545156957
mungbean,33.0,23.19305333,62.74710773,49.55213308,1191.7092310677258,0.5807321362795075
mungbean,16.0,19.54314136,47.19188279,192.4372194,1778.662270508348,0.5457591114962229
mungbean,34.0,23.48546973,93.71043692,191.7760562,1675.841883698284,0.6012973106201266
mungbean,40.0,28.66086349,86.12194568,50.01534317,2673.236704943828,0.5624074541621464
mungbean,98.0,20.26707606,81.63895217,270.4417274,2497.121027896592,1.2154479806082041
mungbean,26.0,19.72620525,89.64934166,108.22872759999998,3074.9618616970924,0.5068180828881867
mungbean,14.0,20.95628486,63.68128841,52.39881209,4300.007082296832,0.526937172306098
mungbean,30.0,21.37784654,92.72043743,106.1417017,1640.8843419754694,0.5332092461162934
mungbean,78.0,26.54348085,84.67353597,183.6222657,3271.086277019986,0.8453455147019636
mungbean,11.0,12.14190714,83.56812483,69.63122027,600.1608120207345,0.4564348482302618
mungbean,0.0,24.35193812,90.88612388,105.529185,1549.5538909344982,0.44125055258192725
mungbean,22.0,32.44577836,83.88504863,68.73932528,2354.8789119863713,0.47589275978107376
mungbean,13.0,23.85340379,90.10522549,103.923226,623.9791539245379,0.43986907020371446
mungbean,97.0,26.35927159,84.04403589,271.35861370000003,2970.6778422145558,1.2834543428150527
mungbean,18.0,25.87990287,67.55109024,47.89645224,3213.242433606833,0.5073375014704573
mungbean,23.0,28.77653519,86.69133979,56.12443206,3486.9268593521865,0.43045765134522146
mungbean,90.0,26.91643698,73.48655995,171.4716375,2566.298019372049,0.736213146889559
mungbean,75.0,23.44676801,84.79352417,283.9338466,2915.7786599145065,1.1100968335522674
mungbean,88.0,25.08239719,65.92195844,62.49190812,2084.261005113949,0.8292089196934302
mungbean,110.0,27.02415146,91.66737633,21.26034986,665.0121300262501,0.6916900692698427
mungbean,100.0,25.56703012,75.94067692,102.7867717,899.8074230980521,0.6837252416719742
mungbean,0.0,23.20242586,91.19442671,109.0946323,3119.9836968058567,0.5075931016501498
mungbean,5.0,27.9348279,66.45457122,145.3728801,4482.221198343105,0.5312368298710366
mungbean,89.0,24.69368934,85.56967628,48.99390828,563.2129566531847,0.6953179383138504
mungbean,36.0,25.71269843,64.1123333,50.17067771,2730.333987305531,0.5480560930316394
mungbean,31.0,28.31886863,60.19461399,45.36521251,3504.0350115302313,0.5844049028901418
mungbean,1.0,27.52135365,60.53657684,48.06491307,3807.099312055515,0.38086303207890454
mungbean,95.0,19.84939404,61.24500053,100.7689246,2680.81960489056,0.6307594584723307
mungbean,76.0,20.41683147,62.55424820000001,65.27798457,2979.6639207364206,0.671979250239784
mungbean,112.0,29.244063800000006,77.32017166,90.66727868,3286.8997810982137,0.8963263692495111
mungbean,26.0,30.91471455,49.92963856,90.14047759,3935.8649987737226,0.5127836251383342
mungbean,67.0,26.73072391,81.78596776,280.4044392,989.1581488112746,1.1486342967042449
mungbean,89.0,25.52468965,72.24850829,151.8869972,4204.7287850994535,0.8063217340412775
mungbean,44.0,39.23342464,91.25589286,64.4478499,604.06961420628,0.6145770637603961
mungbean,97.0,26.35927159,84.04403589,271.35861370000003,3844.7990038311013,1.1963990175058796
mungbean,84.0,23.32293161,53.00366334,168.26442869999997,806.961706238789,0.7357073671339467
mungbean,43.0,19.40751744,18.98030507,80.25064637,1278.5128464196891,0.6685321007945714
mungbean,32.0,31.99928579,54.1077461,71.6266696,515.5765855245304,0.47702685600023453
mungbean,115.0,24.22984659,67.37768353,122.4073418,2281.026822144163,0.8857510501439888
mungbean,14.0,27.33580911,55.27755933,73.44775287,1837.4369068695692,0.46650891535562095
mungbean,10.0,29.01256899,94.01014388,150.05003119999995,1163.9716459481092,0.49531303382803205
mungbean,116.0,24.71252544,77.7293114,85.24963302,2304.3606432156253,0.8059330827015654
mungbean,33.0,23.89736406,66.32102048,40.74536757,2109.483532688735,0.5242230650320991
mungbean,6.0,34.93174223,30.40046769,159.2649827,3570.6441307949663,0.41517010605692267
mungbean,7.0,19.6365349,19.68751084,96.65888933,4072.5212242801294,0.4878246298285757
mungbean,6.0,28.6362812,84.61431076,48.48319335,3110.2690070683275,0.5186422778555275
mungbean,109.0,27.66752761,79.68542782,108.66464,997.6415549060955,0.7874130612926133
mungbean,107.0,29.42017919,83.96754496,117.229079,1681.5631788394026,0.7858005057702547
mungbean,103.0,24.06731461,81.64075303,51.75212401,4153.2731873291195,0.8173482934558849
mungbean,85.0,26.31355498,82.36698992,265.5355937,854.9379720315567,1.0777430883556864
mungbean,15.0,22.52709326,92.54780429,115.3830068,2127.423357563306,0.540854239618382
mungbean,89.0,26.44414097,53.83876189,175.3723314,4270.018476933925,0.8359328164958326
mungbean,94.0,20.27774362,82.89408619,241.9741949,4302.659365877943,1.3124343764993212
mungbean,40.0,35.32876402,91.06138506,163.9069365,2144.81270819557,0.5277128367024531
mungbean,63.0,19.28889933,65.47050802,71.3195307,3169.5875523951895,0.618793405036695
mungbean,33.0,33.34214482,82.51034633,70.68098614,2326.982393415996,0.5709200001978955
mungbean,136.0,22.74446976,80.41198458,90.07326633,3513.842157745367,0.9368019432168835
mungbean,99.0,21.7238313,80.2389895,277.9626192,626.325322771994,1.2302759739494027
mungbean,56.0,17.57445618,16.71826572,77.81891424,1076.6285956854338,0.5910929422053292
mungbean,63.0,18.25405352,55.28220433,63.72358154,2956.7952141743967,0.6634110456803184
mungbean,2.0,29.73770045,47.54885174,90.09586854,1430.2090497722543,0.43396511290855583
mungbean,131.0,23.65724079,84.47601498,88.54479121,3164.209197076594,0.8379681406468857
mungbean,93.0,21.53346343,82.14004101,295.9248796,1904.8917098451934,1.3438927901817468
mungbean,24.0,28.95451232,89.07866095,57.65901369,4046.582232511286,0.5762089886911969
mungbean,42.0,18.17912258,18.90426935,81.84997529,3777.0375422399457,0.5458687566643804
mungbean,91.0,24.48556447,83.20630007,192.2316221,2471.3512002751286,0.7404081651077898
mungbean,13.0,30.55992394,35.29006485,178.8998611,3591.580348379431,0.4537811144571147
mungbean,6.0,25.96308415,82.57813624,70.31782647,1584.5515449403615,0.43653295468162945
mungbean,120.0,23.56960509,50.56339727,130.3797119,2477.0391072474504,0.7452134104828586
mungbean,83.0,29.08417927,90.73891887,25.33014238,1289.9282074531127,0.702172475322694
mungbean,38.0,33.7462686,48.50387598,92.26439205,3943.5446740839757,0.49730646467855133
mungbean,118.0,25.44926208,79.49221962,100.6619171,3792.2704662736596,0.7813650684076798
mungbean,35.0,22.03911546,94.58075845,110.9804014,4108.598673636005,0.5348318225999872
mungbean,59.0,19.03025305,18.66725565,94.70992037,4009.907924897038,0.6067647741223912
mungbean,35.0,17.81564548,17.60756635,90.82097601,4338.3850482379785,0.6091646087070749
mungbean,61.0,39.30050027,94.16193416,120.9512466,1413.3449265277038,0.6010061714108126
mungbean,74.0,22.6265115,65.77472881,88.17251033,4227.297163181262,0.6911428791220874
mungbean,40.0,34.16438906,54.16482251,98.33351125,2784.852765407991,0.5320554275137244
mungbean,31.0,24.96273236,92.40501423,109.4169192,2189.980335672609,0.5427357257330027
mungbean,26.0,31.33170829,57.97429171,161.7820226,2741.4955838714923,0.5430505883877569
mungbean,5.0,22.43377991,90.3396556,112.459697,1870.4094266011114,0.5024836550370063
mungbean,93.0,25.6217169,66.50415474,105.4654703,1654.2120278438083,0.6968548625697603
mungbean,98.0,27.33897716,90.69759008,28.69113835,1465.2573519101152,0.7655643909162598
mungbean,27.0,23.66682067,93.90191078,105.4004751,829.7119578285073,0.45990027557508706
mungbean,20.0,29.5888162,89.9939693,54.96121262,2486.2595885887495,0.5280888168967625
mungbean,2.0,27.53632932,89.92908171,45.48591922,4051.0467028555495,0.4997132250824353
mungbean,102.0,24.69315538,84.84422454,89.799462,3020.6078770975387,0.7616468108481902
mustard,30.0,18.28766124,69.48515056,48.60449438,2618.500963837935,0.7219682067599232
mustard,59.0,18.57665902,19.22008229,72.94940441,3326.7836852529035,0.7608840544056714
mustard,18.0,27.37659643,63.93927841,49.47371773,2801.1798105140088,0.6238348389894184
mustard,44.0,20.18649426,19.63719995,78.26039559,872.4373234341236,0.845147007355759
mustard,31.0,18.8202251,16.1074793,89.73119396,3877.634456662293,0.7859482525825179
mustard,26.0,29.87854588,65.73085206,44.95654782,1199.9113499499526,0.6416701820793881
mustard,31.0,28.31886863,60.19461399,45.36521251,3559.2480024445144,0.7801014227175709
mustard,59.0,20.36720401,16.89574311,82.2545577,1942.2604431034017,0.8212389596172552
mustard,31.0,17.57212145,14.99927489,89.31050665,3631.045392224409,0.7180357784096751
mustard,0.0,25.86928193,61.88321072,36.68284038,1325.0916136213832,0.6297130428006282
mustard,22.0,18.86805647,15.65809214,88.51048983,1246.648414781719,0.7274735201671373
mustard,52.0,17.25769499,18.74943955,94.00287214,2488.103384869929,0.7811882837417207
mustard,32.0,27.60195453,63.46170674,54.37814199,631.744058793442,0.813013119314232
mustard,54.0,17.141861399999996,17.0662427,83.74606679,1401.1893551293335,0.8019510922820634
mustard,39.0,25.43459777,69.12613376,41.02682925,3396.0490087373933,0.8006189864330572
mustard,22.0,23.7937153,68.03209183,49.73922097,3849.533913221702,0.6479827797983174
mustard,4.0,26.25070298,67.62779652,40.8106299,823.1414557512418,0.7303464224175562
mustard,58.0,20.99373558,19.33470387,93.55280105,4028.3108377524177,0.8578563919433457
mustard,13.0,19.1345771,62.57526895,36.46946971,3690.0688162127162,0.6773803452657006
mustard,6.0,24.388717,62.50453062,47.26052494,3978.7371828278615,0.5501486745773542
mustard,26.0,23.05276444,60.424786,52.60285259,3293.7142183153596,0.6620587192987166
mustard,26.0,23.05276444,60.424786,52.60285259,3196.6122691758587,0.7788861514259717
mustard,35.0,17.81564548,17.60756635,90.82097601,2600.3729333794554,0.7325820082369457
mustard,15.0,25.13163619,66.92642362,49.04015558,3111.14889796526,0.5651545117762433
mustard,22.0,17.16606398,14.42457525,72.32667516,4176.438658266421,0.716756501061821
mustard,7.0,19.55750776,64.45268309,53.04669416,902.0880056668336,0.5930533952199365
mustard,34.0,20.97195263,63.83179889,53.10207889,1763.0579113843648,0.8153510443024827
mustard,42.0,19.2582557,14.2804191,65.78042032,789.8198943834873,0.7483424807451408
mustard,22.0,17.84851658,19.09172907,76.32470713,4279.220687776154,0.6777836338771371
mustard,31.0,25.40474421,65.8567539,51.92057267,2281.061863997552,0.7997099680507905
mustard,40.0,20.94981756,65.8108757,44.23913012,3201.3778827047536,0.7017450217006703
mustard,22.0,29.03017561,64.49166566,54.93937710000001,3864.4802580172855,0.6311528188488449
mustard,26.0,18.06486101,65.1034354,51.54922825,4464.000992305954,0.6729411122584643
mustard,49.0,19.71098332,17.63879418,85.57925437,1147.129831169063,0.8356894887597903
mustard,40.0,17.02498456,16.98861173,88.55123143,3698.0504228729146,0.6510804299381885
mustard,37.0,24.02037872,61.62313345,49.78102578,4049.6915925469452,0.6534660924269015
mustard,6.0,24.388717,62.50453062,47.26052494,695.5015074035025,0.6729849849988166
mustard,60.0,19.12065218,18.43475844,85.52950164,3516.3622407422936,0.7825006807501135
mustard,34.0,20.65691793,15.84572566,65.23811143,1918.9012847862014,0.7080944902117461
mustard,25.0,20.09340593,15.11279612,85.74904898,3094.387165881728,0.5899563742389822
mustard,34.0,23.43974653,63.22011726,45.40277297,2556.192784155459,0.7009794191850323
mustard,42.0,17.22385224,15.82069268,76.57580954,1538.9690083465478,0.737463325116945
mustard,7.0,27.52185591,63.13215259,45.20841071,1040.8854480159443,0.6791316066766051
mustard,51.0,18.88852533,14.99451145,80.11133840000002,967.7889323568331,0.7372170093299899
mustard,43.0,19.46233971,15.22538951,74.58565097,913.2914308339668,0.8595181000430727
mustard,22.0,17.16606398,14.42457525,72.32667516,3051.160160538311,0.6255440182640942
mustard,40.0,17.02498456,16.98861173,88.55123143,1905.6434055981524,0.6888417151798525
mustard,22.0,18.86805647,15.65809214,88.51048983,1366.5337528234897,0.7567467538541897
mustard,17.0,26.03026959,69.55863145,37.11395801,3267.540370823612,0.686069761515583
mustard,59.0,17.3348681,18.74926979,82.61734721,3247.3982630658675,0.7677859472281015
mustard,59.0,18.57665902,19.22008229,72.94940441,2656.6731694279906,0.8039090204550264
mustard,24.0,18.19903647,17.41333199,80.6405403,4239.8312674634035,0.7502874777247311
mustard,57.0,17.17012591,17.30457712,72.78624223,2041.6569257656852,0.8873353478255339
mustard,10.0,24.98287462,66.895409,38.21370568,3843.451885077172,0.605163996568063
mustard,52.0,17.25769499,18.74943955,94.00287214,800.5576317287853,0.7734183183139366
mustard,25.0,17.48042641,15.7559405,66.96980581,3459.324376154018,0.6804177284839424
mustard,52.0,17.48504075,16.96070581,86.05078037,4453.7896553277205,0.7166679847678762
mustard,58.0,20.6543203,16.60820843,74.6631118,3886.3928651512674,0.8211654243126367
mustard,52.0,20.118744600000007,14.44228303,88.68168643,2818.6588772402374,0.7984811262077058
mustard,36.0,18.2872007,16.67921616,74.87445574,3007.0642573086425,0.7895670733317641
mustard,4.0,26.25070298,67.62779652,40.8106299,1913.1581977477872,0.6829525690360259
mustard,37.0,19.45591848,18.02235902,78.44910564,3217.9408730324158,0.7162486849379222
mustard,2.0,23.89271875,61.78779413,52.55730112,3581.581532725308,0.6045133658602413
mustard,0.0,29.82112112,69.4073209,51.56461082,4492.913924471415,0.6276414014675769
mustard,36.0,18.2872007,16.67921616,74.87445574,2469.851668001732,0.6896919655235032
mustard,23.0,18.97424756,19.5161216,80.7108745,745.2162630937692,0.710355485999484
mustard,0.0,25.86928193,61.88321072,36.68284038,2883.431802923941,0.6030806571103782
mustard,28.0,18.72963144,19.18197264,71.58010169,976.0965999286743,0.6420563000413075
mustard,47.0,17.18248372,16.42891834,72.85017344,1479.0601742244403,0.6985650944407902
mustard,24.0,22.6371424,65.44544859,38.30411077,1815.119645222949,0.7807102641261489
mustard,32.0,20.0467711,65.84395319,46.05333124,3424.1194925936425,0.7108505485010933
mustard,4.0,29.19585548,68.01965728,44.93261911,1235.232495514002,0.6950195685584997
mustard,39.0,19.96837462,15.57324389,69.15759062,1163.0117873694103,0.7159419484381189
mustard,48.0,17.43732714,14.33847406,73.0926704,679.8569699953099,0.780227804291235
mustard,13.0,19.1345771,62.57526895,36.46946971,3992.9597454155232,0.7634911425334724
mustard,38.0,29.84823072,60.63872613,46.80452595,3274.0216974242426,0.6809077754093019
mustard,22.0,18.8392908,14.74071856,94.78189594,659.785862470506,0.5713996590939402
mustard,60.0,19.12065218,18.43475844,85.52950164,613.1692225524583,0.9067829282307353
mustard,30.0,27.14911056,67.02664337,52.50812701,2734.697185900224,0.6761350374850128
mustard,14.0,27.99990346,65.57653373,49.94043064,1630.1376051468442,0.6571686532987526
mustard,44.0,20.18649426,19.63719995,78.26039559,2886.9054017277153,0.7314345348101912
mustard,59.0,19.03025305,18.66725565,94.70992037,2238.4167027238614,0.8351473437898649
mustard,10.0,24.84918386,68.98088448,41.61080544,4193.2502492410185,0.5982247476583324
mustard,49.0,19.71098332,17.63879418,85.57925437,1651.2360598454716,0.7725377860891403
mustard,6.0,25.78746268,60.2816298,49.14337177,3216.581473755574,0.6539591793850176
mustard,28.0,20.56601874,14.25803981,83.75937135,716.2172464743968,0.6500726288662997
mustard,24.0,18.19903647,17.41333199,80.6405403,4323.4421367557015,0.6390877187798492
mustard,17.0,26.03026959,69.55863145,37.11395801,4423.029871633409,0.6559075874216325
mustard,2.0,26.57597546,60.97876599,50.89110726,3456.2985160656494,0.5441467036056212
mustard,39.0,19.96837462,15.57324389,69.15759062,2360.849886254293,0.7213818477557188
mustard,5.0,18.28072173,68.10365387,48.80253285,1379.9737573090454,0.6105933961697674
mustard,28.0,24.70626432,60.26854183,53.12442925,3750.065360991859,0.6959389355735143
mustard,3.0,24.38041875,61.18458224,53.13946695,3445.416388588089,0.6060117553450732
mustard,3.0,28.67408774,63.18832976,42.96018627,1387.8161582437963,0.6115977717567719
mustard,12.0,25.62896213,63.14909763,45.49683991,2304.861176629063,0.6208207363487356
mustard,4.0,24.84063998,60.09116626,48.77790371,2351.19575126714,0.6581022607307465
mustard,54.0,17.141861399999996,17.0662427,83.74606679,3805.6421998908363,0.8724812775581668
mustard,22.0,17.16606398,14.42457525,72.32667516,3235.378737336306,0.6372007575146197
mustard,22.0,27.70496805,63.20915034,37.46160727,3072.6701741602205,0.7175925672519888
mustard,32.0,20.45078582,15.40312102,92.68373702,3099.309690253114,0.7082800674080396
papaya,37.0,25.79490531,93.84150618,152.42387119999995,544.7470123475075,16.811710784990588
papaya,7.0,10.16431299,91.22320999,106.362551,4446.503670099857,15.386028852316187
papaya,39.0,34.89814946,63.59948557,64.72797143,1389.9290085149598,17.057506447307347
papaya,12.0,19.86173586,86.19740917,111.0217929,3759.503770741491,14.244867556531325
papaya,4.0,27.58258929,48.56916221,95.8445641,1174.5795272199143,14.84217490994472
papaya,5.0,25.66901098,92.04670813,112.5424199,1634.4045984222957,13.306905216418595
papaya,4.0,27.60887393,86.13316408,43.80041104,2173.109276913467,16.029709606759965
papaya,23.0,29.25649321,81.97952224,42.02483277,1797.6226565664203,15.047202953870356
papaya,8.0,27.02766138,83.17093908,70.95666003,3693.4032510394445,15.295554445114279
papaya,34.0,23.50222822,51.29019509,192.3023991,4330.773632061692,21.639720210198544
papaya,7.0,28.2753171,82.76020821,56.04995423,4001.177934603394,14.9799345315517
papaya,93.0,25.86632408,84.42379269,114.5357503,1114.3114677910262,22.705640988108424
papaya,0.0,21.22503442,90.09877774,113.9760462,3606.754705397161,13.867705162848464
papaya,33.0,23.19305333,62.74710773,49.55213308,1091.7876532188457,16.925180233996485
papaya,16.0,19.54314136,47.19188279,192.4372194,4153.524426248405,16.810928312066203
papaya,34.0,23.48546973,93.71043692,191.7760562,2571.5143026743135,19.16889025082784
papaya,40.0,28.66086349,86.12194568,50.01534317,1845.524352226827,19.560873679192458
papaya,98.0,20.26707606,81.63895217,270.4417274,1128.101989336771,36.68476817293605
papaya,26.0,19.72620525,89.64934166,108.22872759999998,547.2363527160185,15.022961948129495
papaya,14.0,20.95628486,63.68128841,52.39881209,1491.787966643539,14.47353062524775
papaya,30.0,21.37784654,92.72043743,106.1417017,4156.0802531252475,18.04849461618068
papaya,78.0,26.54348085,84.67353597,183.6222657,3689.04876908891,24.787349252366404
papaya,11.0,12.14190714,83.56812483,69.63122027,4379.174831002878,13.992117833895835
papaya,0.0,24.35193812,90.88612388,105.529185,903.0460844854922,13.731057113802056
papaya,22.0,32.44577836,83.88504863,68.73932528,2868.714974022678,16.043028358353453
papaya,13.0,23.85340379,90.10522549,103.923226,1528.6018961231066,14.416804327200651
papaya,97.0,26.35927159,84.04403589,271.35861370000003,2671.7668230896297,36.846933582477575
papaya,18.0,25.87990287,67.55109024,47.89645224,1781.8195422538206,16.87979798260947
papaya,23.0,28.77653519,86.69133979,56.12443206,1633.86220097343,17.05323253640641
papaya,90.0,26.91643698,73.48655995,171.4716375,2795.38120809839,21.262706400661575
papaya,75.0,23.44676801,84.79352417,283.9338466,1233.2726474781612,33.43356617894882
papaya,88.0,25.08239719,65.92195844,62.49190812,2376.5337478884676,22.28364827712346
papaya,110.0,27.02415146,91.66737633,21.26034986,3103.249060176139,27.340574395879578
papaya,100.0,25.56703012,75.94067692,102.7867717,1012.7282927312162,19.632176954425855
papaya,0.0,23.20242586,91.19442671,109.0946323,4222.377083507616,14.297299305146941
papaya,5.0,27.9348279,66.45457122,145.3728801,2522.898797816499,12.794017063735527
papaya,89.0,24.69368934,85.56967628,48.99390828,3778.111887537369,21.055892477118903
papaya,36.0,25.71269843,64.1123333,50.17067771,3115.6217224842535,16.8124925288489
papaya,31.0,28.31886863,60.19461399,45.36521251,3340.003764890182,16.1463574000153
papaya,1.0,27.52135365,60.53657684,48.06491307,3364.5237639713523,13.440075111110744
papaya,95.0,19.84939404,61.24500053,100.7689246,4000.3995882458903,22.246027190798603
papaya,76.0,20.41683147,62.55424820000001,65.27798457,2954.4217401876963,19.739466182543143
papaya,112.0,29.244063800000006,77.32017166,90.66727868,1612.8686068855584,21.124521471051096
papaya,26.0,30.91471455,49.92963856,90.14047759,898.0385714618286,16.93355602379518
papaya,67.0,26.73072391,81.78596776,280.4044392,2925.002477800566,36.241837617205
papaya,89.0,25.52468965,72.24850829,151.8869972,765.4112150823242,23.674030525592435
papaya,44.0,39.23342464,91.25589286,64.4478499,1465.173806758121,13.833161561640624
papaya,97.0,26.35927159,84.04403589,271.35861370000003,742.8287384076468,38.52826931303745
papaya,84.0,23.32293161,53.00366334,168.26442869999997,2695.550356026268,23.29617381160479
papaya,43.0,19.40751744,18.98030507,80.25064637,1141.3524997714721,16.060389636011262
papaya,32.0,31.99928579,54.1077461,71.6266696,2941.629277733893,16.30712308046551
papaya,115.0,24.22984659,67.37768353,122.4073418,3663.4605234530704,24.325645730180238
papaya,14.0,27.33580911,55.27755933,73.44775287,3787.5228830874494,17.481950056510037
papaya,10.0,29.01256899,94.01014388,150.05003119999995,1738.1740325505098,17.007712499770584
papaya,116.0,24.71252544,77.7293114,85.24963302,2695.818130777984,21.373579777154724
papaya,33.0,23.89736406,66.32102048,40.74536757,2752.043040345436,20.43017745266794
papaya,6.0,34.93174223,30.40046769,159.2649827,2391.5487286166663,12.528508811443375
papaya,7.0,19.6365349,19.68751084,96.65888933,3120.455565699059,15.441432014081393
papaya,6.0,28.6362812,84.61431076,48.48319335,1340.3484952941344,15.530397681990067
papaya,109.0,27.66752761,79.68542782,108.66464,4416.972958347177,21.968756508351756
papaya,107.0,29.42017919,83.96754496,117.229079,892.3193083637298,24.3676002158665
papaya,103.0,24.06731461,81.64075303,51.75212401,3816.8845648124766,23.24724870420428
papaya,85.0,26.31355498,82.36698992,265.5355937,2876.383947804751,36.6119414129155
papaya,15.0,22.52709326,92.54780429,115.3830068,1479.4189887748637,15.601808161842827
papaya,89.0,26.44414097,53.83876189,175.3723314,3482.7000026411993,25.787802502548466
papaya,94.0,20.27774362,82.89408619,241.9741949,837.9235827082878,32.78229942700098
papaya,40.0,35.32876402,91.06138506,163.9069365,3597.6713377951323,16.10329202679437
papaya,63.0,19.28889933,65.47050802,71.3195307,2859.940888972054,20.959671233366763
papaya,33.0,33.34214482,82.51034633,70.68098614,943.0012735856064,16.88419370233841
papaya,136.0,22.74446976,80.41198458,90.07326633,818.0222523694808,27.919869856597327
papaya,99.0,21.7238313,80.2389895,277.9626192,3503.34533374585,36.50881083431407
papaya,56.0,17.57445618,16.71826572,77.81891424,1671.7436260153486,16.79153189524853
papaya,63.0,18.25405352,55.28220433,63.72358154,4057.2074030688536,18.210088592381204
papaya,2.0,29.73770045,47.54885174,90.09586854,3548.292084120704,13.249568542480937
papaya,131.0,23.65724079,84.47601498,88.54479121,3292.760978870864,27.627552001998854
papaya,93.0,21.53346343,82.14004101,295.9248796,1614.4242105338037,43.155354125675814
papaya,24.0,28.95451232,89.07866095,57.65901369,3335.7780760864716,15.811923255237
papaya,42.0,18.17912258,18.90426935,81.84997529,4292.590738059336,19.178302266473388
papaya,91.0,24.48556447,83.20630007,192.2316221,866.2393374822757,28.904198899206158
papaya,13.0,30.55992394,35.29006485,178.8998611,1804.650568014264,16.39183734486509
papaya,6.0,25.96308415,82.57813624,70.31782647,1438.6890618463767,13.605728384949158
papaya,120.0,23.56960509,50.56339727,130.3797119,2073.0005376026666,28.129033776133937
papaya,83.0,29.08417927,90.73891887,25.33014238,3469.330619415786,21.22487448475464
papaya,38.0,33.7462686,48.50387598,92.26439205,2396.9703257015462,16.653718627908194
papaya,118.0,25.44926208,79.49221962,100.6619171,2782.9224244809852,24.162525620186642
papaya,35.0,22.03911546,94.58075845,110.9804014,1756.6195523133695,15.88663247823464
papaya,59.0,19.03025305,18.66725565,94.70992037,1065.1570683484022,16.651051952503014
papaya,35.0,17.81564548,17.60756635,90.82097601,1567.7345957509142,17.36316025297228
papaya,61.0,39.30050027,94.16193416,120.9512466,3938.721204967948,16.05024232175559
papaya,74.0,22.6265115,65.77472881,88.17251033,2909.6678486136416,25.776001960175694
papaya,40.0,34.16438906,54.16482251,98.33351125,2011.9546927889348,15.132954787876146
papaya,31.0,24.96273236,92.40501423,109.4169192,3659.6239269423504,15.170020291131097
papaya,26.0,31.33170829,57.97429171,161.7820226,757.8297298196351,16.52315977963044
papaya,5.0,22.43377991,90.3396556,112.459697,1515.5643516895427,16.163427746272486
papaya,93.0,25.6217169,66.50415474,105.4654703,1420.4126162293571,22.658919518681426
papaya,98.0,27.33897716,90.69759008,28.69113835,4441.458248672889,23.94845132715246
papaya,27.0,23.66682067,93.90191078,105.4004751,3324.394329571041,14.044881664864176
papaya,20.0,29.5888162,89.9939693,54.96121262,2971.143745554217,14.734419087658749
papaya,2.0,27.53632932,89.92908171,45.48591922,519.9398611778915,12.916266958357454
papaya,102.0,24.69315538,84.84422454,89.799462,1237.2400083594293,19.829643704905937
pea,27.0,21.45278675,90.74531921,116.7036582,3057.97774196211,5.418017038523642
pea,0.0,21.22503442,90.09877774,113.9760462,3440.3217770474685,4.607217745683298
pea,10.0,22.31253665,90.03577124,113.0688155,3346.8684796871858,4.71845581487169
pea,8.0,21.18667419,91.13435689,122.233323,3933.73794029273,4.905193750036362
pea,29.0,23.08950736,90.22507299,108.2166601,1235.1682794244332,5.684631209313564
pea,29.0,22.19055385,92.43764169,121.6622761,503.2984673387415,5.176976454988571
pea,33.0,21.0365275,94.33919546,114.7412734,2894.1139561730647,5.551809933344422
pea,18.0,22.35548159,94.47811755,116.7366261,1915.4345572933357,4.940170667010588
pea,7.0,23.8494014,94.34814995,114.0512495,995.1493244685507,5.781676400676773
pea,32.0,23.83053666,90.84422164,109.5966791,1244.5550164169554,5.605552569456516
pea,18.0,22.44307715,91.59234006,102.5565807,1826.9972498368916,5.837963681536951
pea,7.0,22.96388477,93.58065995,104.64729859999998,780.9334835468129,4.795184306193004
pea,10.0,21.19852186,92.15595143,105.8554351,727.6528085138034,5.021666430477943
pea,30.0,23.76881552,90.59810302,102.2648546,4164.105019329776,4.994013939555972
pea,26.0,21.41363812,92.99124545,118.3979065,1748.4109974147848,5.216238959298665
pea,7.0,23.8812458,93.45067555,104.9116663,4428.922789894339,4.965841974122035
pea,25.0,22.31944084,90.85174383,100.1173443,4357.4680333216,6.091221307841277
pea,15.0,22.52709326,92.54780429,115.3830068,1070.2851293084552,5.197052965758844
pea,19.0,23.34467359,90.37981478,112.8954016,3359.697211584764,5.823514465983048
pea,2.0,22.69780133,92.82223419,105.0508234,2903.2195565082766,4.956178942392803
pea,13.0,22.9215706,94.89613443,105.6941544,3262.5882924206144,5.711249394735916
pea,13.0,22.20700989,93.50574163,120.1593771,884.7640000578991,5.014538578112585
pea,38.0,23.76121837,93.661643,100.825956,1254.2403145382323,6.942843296203645
pea,38.0,23.76121837,93.661643,100.825956,806.554645803526,5.602032491392407
pea,24.0,22.53779727,91.48135786,101.8474768,2916.536820868285,5.050273698363774
pea,0.0,23.67287749,90.4935574,104.2298028,4446.364303396364,4.2160043861448
pea,14.0,23.35225078,90.90054697,113.0381382,3187.938150631766,6.040151766631834
pea,36.0,23.65167552,94.50528753,115.3611268,3343.0461400877184,6.14390435090136
pea,28.0,23.46260321,91.45665004,111.7763395,4438.340166173124,5.37172700685382
pea,18.0,22.44307715,91.59234006,102.5565807,3212.046216687185,5.714842894304107
pea,32.0,22.86006627,93.12859895,117.7296726,660.7262905138813,5.940248364948214
pea,2.0,22.47420512,91.22759742,124.2179699,3968.0224034263906,5.45103524868892
pea,29.0,22.84852833,94.32130209,123.5977843,1958.7131615151852,4.853075881280401
pea,22.0,21.91191314,91.68748063,117.0761277,517.4544860588614,5.191091760954782
pea,5.0,22.35628673,91.92360477,107.7697413,2528.9367102432825,4.621274760736354
pea,28.0,22.76643029,92.12438519,120.4359949,4248.060003505055,4.63731542363472
pea,14.0,22.60800988,94.58900601,116.0396587,1529.3227487799327,5.508404516760004
pea,37.0,23.59997268,90.97597665,107.17281909999998,2466.0526922113595,5.670339972043316
pea,30.0,23.76881552,90.59810302,102.2648546,1195.107551129563,5.914755898308829
pea,29.0,22.43324518,92.48667725,119.1025189,730.7706866657604,6.573568909493349
pea,2.0,23.12652652,94.71203306,108.62118329999998,822.1797868524527,4.5883339438420245
pea,32.0,21.25941052,92.84416234,109.06584709999998,3408.0436238454217,5.397564363510123
pea,40.0,23.80593812,92.48879468,119.6335548,3956.2978829685962,5.945855507413262
pea,35.0,21.07273439,93.56585985,107.8737015,1073.1953570099645,6.117339273686335
pea,32.0,21.25941052,92.84416234,109.06584709999998,1653.2742712418749,5.332519272877983
pea,29.0,22.44075021,92.70785115,121.4977331,1280.1178705793093,5.250720093670899
pea,14.0,21.72484506,92.83975602,121.6961761,607.4231077057117,5.4837617274663355
pea,30.0,22.91430043,90.70475565,118.6044645,2713.7254795479344,5.739453473521088
pea,13.0,22.20700989,93.50574163,120.1593771,3299.68868055059,4.21417421275547
pea,29.0,23.08950736,90.22507299,108.2166601,3091.5099235402818,5.00015573238053
pea,26.0,21.41363812,92.99124545,118.3979065,2052.2141892089903,6.059423534066018
pea,16.0,23.71475278,91.53331177,121.8961665,2720.040983759621,5.322309182502956
pea,18.0,22.44307715,91.59234006,102.5565807,876.3972265448988,4.878870859199282
pea,32.0,21.25941052,92.84416234,109.06584709999998,1117.2148748907377,5.509611749799851
pea,10.0,22.16939473,90.27185592,124.4683112,4227.178478211934,4.9516303969409625
pea,33.0,22.29423493,90.69033986,122.7418744,3546.0309912795874,5.980084290754697
pea,11.0,22.98458907,93.3204487,122.1952483,4190.956383300669,4.450959995773333
pea,37.0,23.59997268,90.97597665,107.17281909999998,4166.721137997469,5.405799332475882
pea,17.0,23.87192332,90.49939035,103.0548094,3097.5704684309626,5.302022317116754
pea,22.0,21.91191314,91.68748063,117.0761277,4212.954592448661,5.261323350220585
pea,29.0,23.08950736,90.22507299,108.2166601,2166.816412329853,5.797215341093124
pea,7.0,22.96388477,93.58065995,104.64729859999998,514.4649791397637,4.3922651518216265
pea,14.0,22.60800988,94.58900601,116.0396587,750.2844633846375,5.222754923492875
pea,40.0,22.85267372,94.57645809999998,117.53140259999998,937.9493028032608,6.3867458996706405
pea,30.0,22.50050273,92.45878335,100.9343903,881.4138127314411,5.778270554857032
pea,30.0,21.37784654,92.72043743,106.1417017,1906.8095634010538,5.590949088668483
pea,0.0,22.02775403,92.96129462,121.1349176,3305.0832284374305,4.604103848640377
pea,35.0,21.17089176,90.23730166,123.6495149,3662.5952264019797,5.294262302901816
pea,33.0,22.45696744,94.76285385,114.8407725,2860.8530973784987,5.619230547902673
pea,6.0,22.98208095,93.84505029,109.5852253,1085.7446982279182,5.329168551177787
pea,18.0,22.35548159,94.47811755,116.7366261,3491.606408592701,5.14420696284674
pea,21.0,23.86087054,94.92048112,105.0241329,1919.2076765503957,4.932653476404155
pea,30.0,22.91430043,90.70475565,118.6044645,551.973394687185,5.351337002504845
pea,17.0,23.87192332,90.49939035,103.0548094,1622.3544821309974,5.272091520153879
pea,5.0,21.42177231,92.62665309,102.8045658,1822.4022165639115,4.632604318837358
pea,35.0,22.03911546,94.58075845,110.9804014,1596.9821408724117,5.922739458751036
pea,25.0,22.81212536,91.51861705,107.855225,3747.4806127503425,5.643033623771159
pea,9.0,21.12152071,90.6878768,102.8017203,3539.705590376361,5.234581313960255
pea,2.0,22.71271308,90.45261746,109.8852597,3282.2081216505658,5.251740249696904
pea,25.0,22.31944084,90.85174383,100.1173443,1056.0203140490612,5.836024412319836
pea,2.0,22.47420512,91.22759742,124.2179699,3731.335638825128,4.358137356662171
pea,20.0,23.50201428,92.21083961,107.9868949,3208.703846653295,4.89450110032582
pea,27.0,22.48403042,93.40819246,105.5473627,1279.3507459255675,5.436949613322084
pea,21.0,23.6119202,91.70293849,123.5900822,3092.3757211260654,5.116223981212497
pea,13.0,22.9215706,94.89613443,105.6941544,2434.046564014724,4.593155389630231
pea,26.0,22.44516988,94.73763514,107.1843273,2257.4002474249,5.2466214711007515
pea,28.0,22.76643029,92.12438519,120.4359949,948.4926538895553,5.2977670096137555
pea,29.0,22.43324518,92.48667725,119.1025189,2573.2171033806612,5.232460787303934
pea,32.0,22.86006627,93.12859895,117.7296726,899.7272358894545,5.488241275810923
pea,8.0,21.18667419,91.13435689,122.233323,1157.0135490170665,5.316965900067083
pea,17.0,23.87192332,90.49939035,103.0548094,1030.185257099051,5.271422276667995
pea,10.0,22.12659387,90.97818277,104.5412275,4316.43311628003,5.923286511720824
pea,2.0,22.71271308,90.45261746,109.8852597,1639.4587617755603,4.779109677893929
pea,2.0,22.78234161,94.36803516,122.1449949,1920.817294384031,4.606626315655084
pea,13.0,23.1094265,92.79630809,108.183792,1788.3224251841443,5.05825393810331
pea,32.0,22.86006627,93.12859895,117.7296726,4093.001780712575,5.746019057294782
pea,29.0,23.64142354,93.74461474,116.6912176,2751.863645339554,5.7455600030747025
pea,19.0,23.34467359,90.37981478,112.8954016,4176.639595733247,6.114188925172556
pea,29.0,23.64082979,90.95257927,116.7431319,1699.6996233115822,5.1767493285670065
pea,2.0,22.71271308,90.45261746,109.8852597,959.3386977277958,5.038814968330343
pigeonpeas,37.0,25.79490531,93.84150618,152.42387119999995,2858.4994116212656,0.9444555093956458
pigeonpeas,7.0,10.16431299,91.22320999,106.362551,3595.3990452760027,0.6703793723525181
pigeonpeas,39.0,34.89814946,63.59948557,64.72797143,2070.840234243695,0.8803609655361858
pigeonpeas,12.0,19.86173586,86.19740917,111.0217929,631.4706810658759,0.7420151726674037
pigeonpeas,4.0,27.58258929,48.56916221,95.8445641,964.3972316062261,0.7599273114813936
pigeonpeas,5.0,25.66901098,92.04670813,112.5424199,654.8904049159847,0.6218877781848284
pigeonpeas,4.0,27.60887393,86.13316408,43.80041104,1815.7746019059707,0.7647767131978082
pigeonpeas,23.0,29.25649321,81.97952224,42.02483277,2481.9653650747296,0.8056267770135501
pigeonpeas,8.0,27.02766138,83.17093908,70.95666003,1925.2699346277575,0.7721909860397055
pigeonpeas,34.0,23.50222822,51.29019509,192.3023991,2742.3979002655688,1.027276131877006
pigeonpeas,7.0,28.2753171,82.76020821,56.04995423,2422.4365939711506,0.6692520686682006
pigeonpeas,93.0,25.86632408,84.42379269,114.5357503,3211.771207455761,0.991731129565889
pigeonpeas,0.0,21.22503442,90.09877774,113.9760462,3167.8486542536248,0.6533224496328683
pigeonpeas,33.0,23.19305333,62.74710773,49.55213308,1772.256588434718,0.8885162253400123
pigeonpeas,16.0,19.54314136,47.19188279,192.4372194,1884.857821444366,0.9298501803556594
pigeonpeas,34.0,23.48546973,93.71043692,191.7760562,2840.591286565213,0.8853943791833212
pigeonpeas,40.0,28.66086349,86.12194568,50.01534317,2885.7298715633674,0.8058882777452923
pigeonpeas,98.0,20.26707606,81.63895217,270.4417274,1758.7996545485325,1.7432479759740613
pigeonpeas,26.0,19.72620525,89.64934166,108.22872759999998,1821.271543101701,0.7786241737907031
pigeonpeas,14.0,20.95628486,63.68128841,52.39881209,3276.1800527445885,0.6726028525203017
pigeonpeas,30.0,21.37784654,92.72043743,106.1417017,3089.6432915042783,0.7350545575236413
pigeonpeas,78.0,26.54348085,84.67353597,183.6222657,1040.203218719099,1.0985101300989575
pigeonpeas,11.0,12.14190714,83.56812483,69.63122027,2264.1675187015735,0.6742109802917707
pigeonpeas,0.0,24.35193812,90.88612388,105.529185,4070.824314842361,0.6347873177501359
pigeonpeas,22.0,32.44577836,83.88504863,68.73932528,645.2227044179009,0.7598657802773977
pigeonpeas,13.0,23.85340379,90.10522549,103.923226,3920.6557859368545,0.8243242552436231
pigeonpeas,97.0,26.35927159,84.04403589,271.35861370000003,1152.7126282565746,1.6854863862713825
pigeonpeas,18.0,25.87990287,67.55109024,47.89645224,2528.9945298468638,0.7702885081981766
pigeonpeas,23.0,28.77653519,86.69133979,56.12443206,2197.345715692046,0.8622552451655886
pigeonpeas,90.0,26.91643698,73.48655995,171.4716375,540.5173493658353,1.1151601897167676
pigeonpeas,75.0,23.44676801,84.79352417,283.9338466,4161.587748358528,1.7121416097092943
pigeonpeas,88.0,25.08239719,65.92195844,62.49190812,2319.7009093372226,1.207390464426255
pigeonpeas,110.0,27.02415146,91.66737633,21.26034986,4317.07310704246,1.1717360363587406
pigeonpeas,100.0,25.56703012,75.94067692,102.7867717,1646.9756039168715,1.2616916153796822
pigeonpeas,0.0,23.20242586,91.19442671,109.0946323,3965.1030936638895,0.7232918753056249
pigeonpeas,5.0,27.9348279,66.45457122,145.3728801,4189.558295982522,0.6991165895073173
pigeonpeas,89.0,24.69368934,85.56967628,48.99390828,2727.3296654831224,1.1516374173652388
pigeonpeas,36.0,25.71269843,64.1123333,50.17067771,1310.71115147087,0.888065758636642
pigeonpeas,31.0,28.31886863,60.19461399,45.36521251,3240.98972842288,0.9036514639795203
pigeonpeas,1.0,27.52135365,60.53657684,48.06491307,2695.9122661178403,0.671186672327905
pigeonpeas,95.0,19.84939404,61.24500053,100.7689246,4278.118663410503,1.1153249875061906
pigeonpeas,76.0,20.41683147,62.55424820000001,65.27798457,2257.088247241967,1.0260521734160994
pigeonpeas,112.0,29.244063800000006,77.32017166,90.66727868,1574.054590559288,1.2635571188747041
pigeonpeas,26.0,30.91471455,49.92963856,90.14047759,1053.1480059764285,0.7315942348961707
pigeonpeas,67.0,26.73072391,81.78596776,280.4044392,3294.534274746718,1.848203472723574
pigeonpeas,89.0,25.52468965,72.24850829,151.8869972,4396.4384759223285,1.1502707527647835
pigeonpeas,44.0,39.23342464,91.25589286,64.4478499,613.3750822855939,0.7057830753330726
pigeonpeas,97.0,26.35927159,84.04403589,271.35861370000003,3461.781419112507,2.0632823636245208
pigeonpeas,84.0,23.32293161,53.00366334,168.26442869999997,4207.721450238667,1.3025521561737743
pigeonpeas,43.0,19.40751744,18.98030507,80.25064637,799.1261369093974,0.9453681006750146
pigeonpeas,32.0,31.99928579,54.1077461,71.6266696,940.6801804245326,0.9077700429640084
pigeonpeas,115.0,24.22984659,67.37768353,122.4073418,3267.8283937988344,1.236086391894403
pigeonpeas,14.0,27.33580911,55.27755933,73.44775287,3091.8535035831533,0.6605635172562612
pigeonpeas,10.0,29.01256899,94.01014388,150.05003119999995,775.3096612649829,0.6282095933670566
pigeonpeas,116.0,24.71252544,77.7293114,85.24963302,3837.691008604626,1.2579860206040319
pigeonpeas,33.0,23.89736406,66.32102048,40.74536757,2593.6953913795696,0.8112717434707661
pigeonpeas,6.0,34.93174223,30.40046769,159.2649827,4128.78949334645,0.6264605580029096
pigeonpeas,7.0,19.6365349,19.68751084,96.65888933,4011.9635239708177,0.7123123501636188
pigeonpeas,6.0,28.6362812,84.61431076,48.48319335,3750.031076200663,0.7560605986575538
pigeonpeas,109.0,27.66752761,79.68542782,108.66464,2563.595584977685,1.0547967862885697
pigeonpeas,107.0,29.42017919,83.96754496,117.229079,1506.8425669977291,1.1300349417901243
pigeonpeas,103.0,24.06731461,81.64075303,51.75212401,2523.9020156445304,1.3140683273337244
pigeonpeas,85.0,26.31355498,82.36698992,265.5355937,903.2455112071202,1.6020771358406023
pigeonpeas,15.0,22.52709326,92.54780429,115.3830068,3135.3845938937047,0.8192515063512908
pigeonpeas,89.0,26.44414097,53.83876189,175.3723314,1035.9088769160305,1.1311321191588608
pigeonpeas,94.0,20.27774362,82.89408619,241.9741949,2544.6918500028924,1.7004275523452237
pigeonpeas,40.0,35.32876402,91.06138506,163.9069365,717.5278966672711,0.887769622468758
pigeonpeas,63.0,19.28889933,65.47050802,71.3195307,1698.0499610985835,1.0206369570893616
pigeonpeas,33.0,33.34214482,82.51034633,70.68098614,1428.3218426791514,0.8654281136350812
pigeonpeas,136.0,22.74446976,80.41198458,90.07326633,2980.126170846682,1.1972887698182326
pigeonpeas,99.0,21.7238313,80.2389895,277.9626192,3647.146848090035,2.0997092084277447
pigeonpeas,56.0,17.57445618,16.71826572,77.81891424,729.2118181621046,0.8536910158958431
pigeonpeas,63.0,18.25405352,55.28220433,63.72358154,3901.134740621537,0.9736296319057739
pigeonpeas,2.0,29.73770045,47.54885174,90.09586854,3943.070779818418,0.711502296685311
pigeonpeas,131.0,23.65724079,84.47601498,88.54479121,1869.0762971520912,1.3500743948418557
pigeonpeas,93.0,21.53346343,82.14004101,295.9248796,3136.0162638812885,2.055446968413589
pigeonpeas,24.0,28.95451232,89.07866095,57.65901369,2110.452126813798,0.7464914024639195
pigeonpeas,42.0,18.17912258,18.90426935,81.84997529,1116.763528758526,0.767503611173436
pigeonpeas,91.0,24.48556447,83.20630007,192.2316221,2614.6496742524414,1.3935100371239197
pigeonpeas,13.0,30.55992394,35.29006485,178.8998611,845.4386980063866,0.8158896160385232
pigeonpeas,6.0,25.96308415,82.57813624,70.31782647,4013.8886215839516,0.7951189965398421
pigeonpeas,120.0,23.56960509,50.56339727,130.3797119,4197.159037638434,1.244565728900222
pigeonpeas,83.0,29.08417927,90.73891887,25.33014238,3786.4525480456145,0.9465665340930559
pigeonpeas,38.0,33.7462686,48.50387598,92.26439205,2750.112483023914,0.888080946294593
pigeonpeas,118.0,25.44926208,79.49221962,100.6619171,2730.39436450182,1.2050697429013875
pigeonpeas,35.0,22.03911546,94.58075845,110.9804014,4438.42950640372,0.878606825139275
pigeonpeas,59.0,19.03025305,18.66725565,94.70992037,1491.6067593247317,0.894528229672299
pigeonpeas,35.0,17.81564548,17.60756635,90.82097601,803.7934636208299,0.9350195677384768
pigeonpeas,61.0,39.30050027,94.16193416,120.9512466,2747.763694404711,0.7961309934787938
pigeonpeas,74.0,22.6265115,65.77472881,88.17251033,1815.1423912404132,1.0074289189210566
pigeonpeas,40.0,34.16438906,54.16482251,98.33351125,1789.3550912321768,0.8357682721598215
pigeonpeas,31.0,24.96273236,92.40501423,109.4169192,528.3414166797921,0.7696465044305951
pigeonpeas,26.0,31.33170829,57.97429171,161.7820226,2884.957638191732,0.8147519748275236
pigeonpeas,5.0,22.43377991,90.3396556,112.459697,1556.1348091024563,0.8129294626796015
pigeonpeas,93.0,25.6217169,66.50415474,105.4654703,1251.434192770724,1.0828970893093375
pigeonpeas,98.0,27.33897716,90.69759008,28.69113835,661.7277255720148,1.1812001729762776
pigeonpeas,27.0,23.66682067,93.90191078,105.4004751,1957.4463059024451,0.6425474383147987
pigeonpeas,20.0,29.5888162,89.9939693,54.96121262,4015.8754895458296,0.7765143529242996
pigeonpeas,2.0,27.53632932,89.92908171,45.48591922,1846.6832303894894,0.6888005668013033
pigeonpeas,102.0,24.69315538,84.84422454,89.799462,3216.2968404783746,1.092131220958971
pomegranate,37.0,25.79490531,93.84150618,152.42387119999995,2712.7945261511495,7.032309495440494
pomegranate,7.0,10.16431299,91.22320999,106.362551,1876.148673036615,4.979256674483473
pomegranate,39.0,34.89814946,63.59948557,64.72797143,2576.9044171531846,5.729629772056577
pomegranate,12.0,19.86173586,86.19740917,111.0217929,1669.8708192262552,5.218199046919623
pomegranate,4.0,27.58258929,48.56916221,95.8445641,3696.429793759758,5.4563596714339635
pomegranate,5.0,25.66901098,92.04670813,112.5424199,2493.116634841321,5.787248291837347
pomegranate,4.0,27.60887393,86.13316408,43.80041104,4203.368715509802,5.444571121350927
pomegranate,23.0,29.25649321,81.97952224,42.02483277,2990.7653774241753,6.672823055738733
pomegranate,8.0,27.02766138,83.17093908,70.95666003,2557.2773324587333,5.75101495211717
pomegranate,34.0,23.50222822,51.29019509,192.3023991,3344.277415910609,7.359997313181423
pomegranate,7.0,28.2753171,82.76020821,56.04995423,2515.731857720937,5.683713036950532
pomegranate,93.0,25.86632408,84.42379269,114.5357503,4118.025401677789,9.177005619008025
pomegranate,0.0,21.22503442,90.09877774,113.9760462,1237.783843547365,5.68634109378054
pomegranate,33.0,23.19305333,62.74710773,49.55213308,4393.394734983623,7.822734964378699
pomegranate,16.0,19.54314136,47.19188279,192.4372194,3748.762207404768,6.672367271902302
pomegranate,34.0,23.48546973,93.71043692,191.7760562,3942.9334474594784,7.906802080966446
pomegranate,40.0,28.66086349,86.12194568,50.01534317,2431.631329484285,7.234726366858078
pomegranate,98.0,20.26707606,81.63895217,270.4417274,3848.8061973503895,14.774698444116872
pomegranate,26.0,19.72620525,89.64934166,108.22872759999998,1727.0963343088206,6.155476245396996
pomegranate,14.0,20.95628486,63.68128841,52.39881209,3547.792714256701,5.290382097134992
pomegranate,30.0,21.37784654,92.72043743,106.1417017,1061.8006335560906,6.364132066504471
pomegranate,78.0,26.54348085,84.67353597,183.6222657,1728.2076638500348,8.59854538293576
pomegranate,11.0,12.14190714,83.56812483,69.63122027,2282.9306534389316,4.616808251352988
pomegranate,0.0,24.35193812,90.88612388,105.529185,1789.2788725736875,5.250985684010049
pomegranate,22.0,32.44577836,83.88504863,68.73932528,2048.0684624967344,5.621792640678896
pomegranate,13.0,23.85340379,90.10522549,103.923226,3780.418979134792,6.363677744058336
pomegranate,97.0,26.35927159,84.04403589,271.35861370000003,1526.7035685686703,15.77515813724681
pomegranate,18.0,25.87990287,67.55109024,47.89645224,3481.124688618289,5.812710203983999
pomegranate,23.0,28.77653519,86.69133979,56.12443206,794.8482764466073,6.242659898843266
pomegranate,90.0,26.91643698,73.48655995,171.4716375,3562.9564300602433,7.857988914352808
pomegranate,75.0,23.44676801,84.79352417,283.9338466,3668.092971319092,13.788241372158529
pomegranate,88.0,25.08239719,65.92195844,62.49190812,2106.795102009928,9.11866653124473
pomegranate,110.0,27.02415146,91.66737633,21.26034986,3389.9112926698817,10.243443434848043
pomegranate,100.0,25.56703012,75.94067692,102.7867717,4160.553614980397,8.745050597087006
pomegranate,0.0,23.20242586,91.19442671,109.0946323,3702.8518942181076,6.065108054302573
pomegranate,5.0,27.9348279,66.45457122,145.3728801,2061.7860415878395,5.0533611080439025
pomegranate,89.0,24.69368934,85.56967628,48.99390828,2436.8540571202575,7.987033484398424
pomegranate,36.0,25.71269843,64.1123333,50.17067771,3617.4301791432217,7.320210339502827
pomegranate,31.0,28.31886863,60.19461399,45.36521251,1670.3783593964943,7.5768747434336445
pomegranate,1.0,27.52135365,60.53657684,48.06491307,3715.530961235494,5.837530464688546
pomegranate,95.0,19.84939404,61.24500053,100.7689246,1812.2845702437646,8.864581220065427
pomegranate,76.0,20.41683147,62.55424820000001,65.27798457,3723.9623295421525,6.800364958420181
pomegranate,112.0,29.244063800000006,77.32017166,90.66727868,847.2017734028934,8.021107590559803
pomegranate,26.0,30.91471455,49.92963856,90.14047759,677.5891876423606,6.441654027651323
pomegranate,67.0,26.73072391,81.78596776,280.4044392,4490.701789479289,13.281532200347153
pomegranate,89.0,25.52468965,72.24850829,151.8869972,3977.828492938756,8.086405811508998
pomegranate,44.0,39.23342464,91.25589286,64.4478499,4031.3900138648155,6.344258827908755
pomegranate,97.0,26.35927159,84.04403589,271.35861370000003,4305.11979042647,15.190008185138804
pomegranate,84.0,23.32293161,53.00366334,168.26442869999997,2253.2652376579517,9.5083166813364
pomegranate,43.0,19.40751744,18.98030507,80.25064637,1647.3422187206088,7.0782921645871495
pomegranate,32.0,31.99928579,54.1077461,71.6266696,1020.099980071612,7.158606319378682
pomegranate,115.0,24.22984659,67.37768353,122.4073418,2504.8365341538583,9.82789350653423
pomegranate,14.0,27.33580911,55.27755933,73.44775287,1380.1932819064314,6.038371796297923
pomegranate,10.0,29.01256899,94.01014388,150.05003119999995,4242.203426957279,6.397392916296462
pomegranate,116.0,24.71252544,77.7293114,85.24963302,516.0126497711163,9.09062615739991
pomegranate,33.0,23.89736406,66.32102048,40.74536757,1072.7869509724865,8.346762764424847
pomegranate,6.0,34.93174223,30.40046769,159.2649827,1485.9034123337071,5.56964763860287
pomegranate,7.0,19.6365349,19.68751084,96.65888933,1295.8268463727802,5.901736355449807
pomegranate,6.0,28.6362812,84.61431076,48.48319335,1403.113746318841,6.006754037133575
pomegranate,109.0,27.66752761,79.68542782,108.66464,3124.1904202447136,10.981895193776449
pomegranate,107.0,29.42017919,83.96754496,117.229079,1810.048313252597,9.971517915690594
pomegranate,103.0,24.06731461,81.64075303,51.75212401,2960.097527613493,8.175208002919966
pomegranate,85.0,26.31355498,82.36698992,265.5355937,4061.031734585165,15.59737015940859
pomegranate,15.0,22.52709326,92.54780429,115.3830068,2910.2270621028083,5.960533567485868
pomegranate,89.0,26.44414097,53.83876189,175.3723314,3278.1311651455258,9.494823795354954
pomegranate,94.0,20.27774362,82.89408619,241.9741949,1962.0131928854291,11.700363231129819
pomegranate,40.0,35.32876402,91.06138506,163.9069365,1138.9538704908366,6.803846677492014
pomegranate,63.0,19.28889933,65.47050802,71.3195307,1782.3362497996245,7.306329102023049
pomegranate,33.0,33.34214482,82.51034633,70.68098614,4357.130594816432,6.5057267508340235
pomegranate,136.0,22.74446976,80.41198458,90.07326633,2987.2455378125483,10.310495040620536
pomegranate,99.0,21.7238313,80.2389895,277.9626192,1610.0444777360608,17.798789077411417
pomegranate,56.0,17.57445618,16.71826572,77.81891424,2303.6610686484155,8.491834639393856
pomegranate,63.0,18.25405352,55.28220433,63.72358154,3842.0521497239774,7.658994170200089
pomegranate,2.0,29.73770045,47.54885174,90.09586854,3173.774282823094,5.605346607123871
pomegranate,131.0,23.65724079,84.47601498,88.54479121,2742.611362916673,10.086468771933514
pomegranate,93.0,21.53346343,82.14004101,295.9248796,4040.651506535364,17.42869441087424
pomegranate,24.0,28.95451232,89.07866095,57.65901369,3189.7582888671614,6.235729965799341
pomegranate,42.0,18.17912258,18.90426935,81.84997529,3070.918923164382,6.65134136257951
pomegranate,91.0,24.48556447,83.20630007,192.2316221,1259.0725488430726,11.23665252310945
pomegranate,13.0,30.55992394,35.29006485,178.8998611,925.5547320496312,6.15453559552784
pomegranate,6.0,25.96308415,82.57813624,70.31782647,4360.568468229596,5.807718741801632
pomegranate,120.0,23.56960509,50.56339727,130.3797119,2895.4334804014106,8.728211982314622
pomegranate,83.0,29.08417927,90.73891887,25.33014238,2162.7336365857163,9.012225216705126
pomegranate,38.0,33.7462686,48.50387598,92.26439205,2856.0832836408704,7.618912979728061
pomegranate,118.0,25.44926208,79.49221962,100.6619171,747.2478442868616,10.50815199582681
pomegranate,35.0,22.03911546,94.58075845,110.9804014,3788.509095616427,7.641755949063979
pomegranate,59.0,19.03025305,18.66725565,94.70992037,1366.582142257344,7.036291037859581
pomegranate,35.0,17.81564548,17.60756635,90.82097601,3718.184025271788,6.735553394561925
pomegranate,61.0,39.30050027,94.16193416,120.9512466,2637.5137730544425,6.332557239209297
pomegranate,74.0,22.6265115,65.77472881,88.17251033,1606.288054627611,8.132099475164607
pomegranate,40.0,34.16438906,54.16482251,98.33351125,620.8397929682818,7.0386918183016425
pomegranate,31.0,24.96273236,92.40501423,109.4169192,3763.3334213064227,6.801614445410189
pomegranate,26.0,31.33170829,57.97429171,161.7820226,1205.8405658772267,5.6324750388041345
pomegranate,5.0,22.43377991,90.3396556,112.459697,707.2204625594937,5.15456352637176
pomegranate,93.0,25.6217169,66.50415474,105.4654703,3523.510923303523,8.020661828093676
pomegranate,98.0,27.33897716,90.69759008,28.69113835,1900.1728894919152,9.520177488101382
pomegranate,27.0,23.66682067,93.90191078,105.4004751,2057.3360223666,7.677908712998014
pomegranate,20.0,29.5888162,89.9939693,54.96121262,1488.2703491228758,6.910736944821002
pomegranate,2.0,27.53632932,89.92908171,45.48591922,3936.7139147875887,4.794667595679079
pomegranate,102.0,24.69315538,84.84422454,89.799462,1689.3181044261282,10.412113883189448
sesame,58.0,25.25596239,61.36669662,68.64685069,2358.4103487721454,0.46663502320903666
sesame,20.0,30.11873003,60.11680815,71.72980375,1875.2638756974843,0.4299320763785743
sesame,17.0,30.06142622,45.90067655,41.0550915,1546.6196625317764,0.43439809910398935
sesame,57.0,32.34744009,66.61452812,64.55882254,1612.5869818798844,0.5199265536582187
sesame,7.0,26.33908791,40.00933429,55.50429227,4211.391607311256,0.41502645138368083
sesame,24.0,29.67892453,69.0854554,65.66436565,1160.3144083512493,0.43709276438277705
sesame,4.0,27.68515114,81.94268594,54.62243308,4452.705698228601,0.3791961620479574
sesame,4.0,27.95639663,83.52706038,43.25726752,1807.677820768899,0.36237112609703226
sesame,52.0,32.81705216,66.15665137,68.83924882,853.5609416699899,0.4047112781053506
sesame,32.0,27.38538997,88.66663953,58.29933073,1494.76152315146,0.46223786562204383
sesame,8.0,28.09568993,60.98353839999999,33.84110759,733.6575182184748,0.39614534612911073
sesame,32.0,28.6899851,87.50436797,44.56598352,3660.1190766556633,0.46694057606519934
sesame,34.0,31.49338309,63.0563645,71.48327008,2550.211650164422,0.39430044479112036
sesame,7.0,26.33908791,40.00933429,55.50429227,1847.9464754672038,0.4106547535952797
sesame,7.0,28.2753171,82.76020821,56.04995423,3148.19841852625,0.4512328012845727
sesame,35.0,27.10606808,89.89593328,37.45680611,3022.586103801281,0.4606728494062683
sesame,21.0,29.75538903,86.45193297,37.54602719,4259.48835691036,0.4152447796784054
sesame,36.0,28.36363858,87.59810657,57.99524359,4345.042066993519,0.46886129502613433
sesame,21.0,27.16159076,66.76017239,69.85112265,3222.735102661621,0.49249754650867134
sesame,27.0,32.84213012,68.68401492,73.67166182,3771.263708976674,0.3845490071574406
sesame,37.0,27.54384835,69.3478631,69.40878198,3669.700401340714,0.46937292595645824
sesame,50.0,27.10053268,63.36085585,73.84949872,2465.214130799599,0.4627121770083598
sesame,24.0,29.67892453,69.0854554,65.66436565,3317.8331521336677,0.4061619292890782
sesame,56.0,28.27265858,61.18956161,63.29900785,813.0360307342808,0.5042180090670453
sesame,21.0,27.06909959,86.89934108,50.46746116,3532.0843326012277,0.4694401647652646
sesame,29.0,25.60973447,50.7330069,53.39249517,4347.3320287694705,0.5088239896042542
sesame,13.0,29.21780035,87.93724219,43.1386631,839.8990125029537,0.41403097023671176
sesame,34.0,31.49338309,63.0563645,71.48327008,3844.463138367418,0.4282448201138823
sesame,41.0,28.75751783,61.02701476,73.37686831,4231.920106597085,0.5619881945104068
sesame,40.0,30.41588462,67.66323804,63.02473185,1404.7555592082483,0.44461078122554504
sesame,9.0,29.89232778,89.71503316,42.99498978,2599.244750436815,0.3703721411804039
sesame,9.0,30.88482722,41.36561835,55.053805,4211.432901851954,0.3301459285944432
sesame,49.0,28.56840626,61.53278622,63.49726331,4340.904018091872,0.5429911680341462
sesame,30.0,29.73013036,82.89166381,50.91511275,1011.5295374092655,0.47297691972858596
sesame,17.0,31.12896766,43.58788762,32.76742894,1896.0169022218024,0.4807730408001571
sesame,38.0,25.74095321,45.38497051,67.43488235,3292.5785646034265,0.4147910639270801
sesame,52.0,30.64095781,61.14508627,71.36947525,1386.2339975437212,0.5449345181853756
sesame,31.0,28.88078945,86.94206817,53.79732545,1799.0825145379233,0.4465402524722864
sesame,44.0,32.63918668,61.3009051,61.83876146,593.1642400187731,0.4891045195971848
sesame,40.0,34.1262979,65.14877461,70.40795007,1114.0867237247955,0.38387141043541817
sesame,40.0,29.37687468,57.69622912,38.34303462,2749.3179776709753,0.5187048838588927
sesame,19.0,27.8640132,80.4513142,42.83053902,3112.360265216731,0.44376220725568577
sesame,35.0,30.88883074,52.62696801,55.51932414,3095.647324383348,0.4451321780393191
sesame,10.0,29.83040388,89.30428305,58.86687093,3613.441883112867,0.4108557972400029
sesame,25.0,33.86351172,68.59232289,69.24464096,2161.125654955166,0.38408553377656257
sesame,27.0,32.84213012,68.68401492,73.67166182,1593.962864964622,0.39943349460397326
sesame,23.0,29.25649321,81.97952224,42.02483277,562.3228001701,0.4079568630646902
sesame,41.0,25.19857725,60.37332688,70.88787207,1326.5193042095475,0.40392001862630245
sesame,39.0,34.89814946,63.59948557,64.72797143,1749.551248808149,0.46552250273713114
sesame,57.0,32.34744009,66.61452812,64.55882254,1212.827425921862,0.5382413622688003
sesame,31.0,28.7420098,85.81675947,48.54598575,580.577885986409,0.4195049617485083
sesame,32.0,28.63618921,61.39451307,68.54877876,1129.7904346607663,0.4596051600045328
sesame,20.0,30.11873003,60.11680815,71.72980375,3164.3982142702894,0.404906916713635
sesame,6.0,28.6362812,84.61431076,48.48319335,3018.3416658903834,0.3943990716852221
sesame,2.0,28.07219563,82.9116472,49.61865305,4242.73455759217,0.3569657142497785
sesame,2.0,27.53632932,89.92908171,45.48591922,3692.673165589237,0.35016683789365055
sesame,6.0,29.16174608,80.28038146,40.16545979,2771.024467364765,0.4152305553576706
sesame,20.0,29.5888162,89.9939693,54.96121262,1050.2253899728453,0.4133120667115547
sesame,16.0,31.01963639,49.97675220000001,32.81296548,2756.2872757006276,0.4657542282044257
sesame,20.0,30.99694676,46.42693735,38.31597852,746.380243656723,0.41199880544616646
sesame,29.0,28.43683487,87.91332682,43.12063289,2223.539589643411,0.40779054261809633
sesame,29.0,28.541723600000005,64.2020154,69.68862306,2061.0345157887814,0.48335150345308514
sesame,33.0,28.57006111,65.71765781,70.0866434,2211.2552374517663,0.472442063547101
sesame,14.0,29.24598976,84.80084105,53.43228915,1619.3036735791488,0.425407473605419
sesame,28.0,29.53037621,86.73346018,59.87232071,3243.321790495295,0.47625336280154645
sesame,23.0,29.25649321,81.97952224,42.02483277,3863.777869195118,0.40153913681335873
sesame,26.0,27.3179125,51.66921088,32.55919573,3574.0679703959104,0.4310999436644434
sesame,58.0,33.36984395,65.67718163,64.89517488,3011.008383163521,0.4812435852415173
sesame,34.0,27.31372793,85.44815232,53.15223123,2653.379197332053,0.4080226898808795
sesame,37.0,31.1006247,44.82069159,70.79934452,624.3367200321215,0.440871704572319
sesame,36.0,30.08545364,69.34811988,67.1367443,3391.735994767685,0.5004124453344924
sesame,22.0,27.96583691,61.34900107,70.10472076,2679.9317583139896,0.4326219797353809
sesame,44.0,32.63918668,61.3009051,61.83876146,1582.9642026555475,0.4099955454245608
sesame,31.0,30.30260453,47.18283631,68.04039813,1811.3681554137665,0.3846378920536826
sesame,29.0,25.60973447,50.7330069,53.39249517,4242.427145878965,0.5039775262642303
sesame,16.0,31.01963639,49.97675220000001,32.81296548,2997.4489804689083,0.39800427136322153
sesame,25.0,27.73329078,81.13903037,44.17580911,2403.6497386301135,0.40993427768190627
sesame,10.0,28.7275267,89.12760359,58.52974279,2983.686958833631,0.3851220227702122
sesame,25.0,33.86351172,68.59232289,69.24464096,2154.969299942628,0.360786990456771
sesame,52.0,27.74274761,68.53997144,71.78615328,2380.7290928120647,0.5545637603543017
sesame,22.0,27.62749466,86.49366929,39.26137642,1661.2370268306815,0.4118731718149964
sesame,25.0,28.90245417,43.35365671,71.90018566,2259.413202366578,0.4764933332959655
sesame,6.0,24.21610338,59.79236306,42.24783476,3242.3689297516416,0.3900647353230462
sesame,4.0,25.97948991,64.95585424,72.19245835,659.7677003458768,0.4273120116264834
sesame,44.0,28.03644051,65.06601664,72.49507741,3680.1096291846193,0.4875736105687535
sesame,29.0,30.33499674,63.54718862,74.16699119,1631.9181634452514,0.4640759060720307
sesame,58.0,33.36984395,65.67718163,64.89517488,3230.239173729999,0.5160058274645015
sesame,34.0,28.18837136,82.60629652,37.01110438,3070.90125872024,0.4757431738478346
sesame,21.0,27.06909959,86.89934108,50.46746116,3110.5121965652215,0.43555973762039324
sesame,23.0,26.4908332,47.36534833,36.99362831,2932.5156650232116,0.42139657618332704
sesame,55.0,34.37329112,69.69366426,70.27184748,4336.40735227814,0.5478140319871491
sesame,44.0,30.0328403,64.14800537,71.21006868,2533.3766507815635,0.4372158250443292
sesame,33.0,27.89636126,88.71782287,57.79863368,3429.2764620614057,0.4515590806201072
sesame,14.0,29.12939524,88.48312598,36.45012824,3321.797324938311,0.402834272738179
sesame,28.0,34.63880966,61.38597868,72.43169115,1445.0703091133214,0.4252082148878953
sesame,21.0,27.16159076,66.76017239,69.85112265,1633.2233567473024,0.40906738516004476
sesame,23.0,32.83963757,67.99803573,73.40452716,2196.0683926278716,0.41986580371355203
sesame,27.0,28.63005477,66.770943,62.2737345,1610.7917218528369,0.4292036012329155
sesame,24.0,30.573999,58.22686794,62.74803826,1966.972395719839,0.36824829763879263
sesame,58.0,27.24766491,66.10123083,62.31842057,2063.842455713224,0.5139280367766258
sorghum,28.0,24.7741949,50.54621094,114.2821387,4456.3117401690315,1.5119588967914284
sorghum,43.0,26.87187036,61.61367264,63.51822045,4287.664913695922,1.6031194687076176
sorghum,0.0,36.30049702,56.03021253,101.6073988,924.0099700797715,1.1020810017566909
sorghum,4.0,27.95639663,83.52706038,43.25726752,2083.8692123614746,1.2786708643579283
sorghum,16.0,31.24021696,56.67369054,122.0146733,1762.1469836113572,1.3252075803380727
sorghum,55.0,33.39438752,62.93692886,63.57445989,1018.9124276196222,1.4498463702585562
sorghum,33.0,20.04611791,48.93905624,122.4564203,3279.1932449950436,1.242182037328879
sorghum,26.0,28.76794904,37.57792132,91.72084869,1595.393457440947,1.3963481322916917
sorghum,16.0,18.33124824,38.40975482,139.64833169999997,1879.4632125011913,1.2991736711257578
sorghum,34.0,33.4126864,35.42910045,139.6702541,861.4355068056718,1.4684941571388777
sorghum,32.0,20.89342749,46.24856523,195.5697875,2491.870235114662,1.5275182720577407
sorghum,40.0,28.66086349,86.12194568,50.01534317,1132.671454608226,1.3518537350942315
sorghum,52.0,33.66855394,66.60416867,67.32520551,2228.361694317957,1.5303714914247826
sorghum,6.0,34.93174223,30.40046769,159.2649827,1073.3688884132062,1.1201106163719936
sorghum,57.0,26.23773129,67.88521396,73.58663968,4315.399559800583,1.3603539434212353
sorghum,4.0,27.95639663,83.52706038,43.25726752,1079.9301327885705,1.2260636424166529
sorghum,13.0,30.50420876,35.48885969,162.59277230000004,2587.548615402533,1.053174202235152
sorghum,11.0,27.33684386,88.50229102,51.09802625,1287.9193012759501,1.1526043013922205
sorghum,1.0,29.34594634,85.60472562,59.03629954,805.447213890437,1.282910159573047
sorghum,16.0,19.54314136,47.19188279,192.4372194,1309.2344753683926,1.683080493154139
sorghum,3.0,25.74679443,40.7192594,100.7791633,719.0964295617443,1.0752537970818994
sorghum,55.0,34.37329112,69.69366426,70.27184748,1057.5895324839553,1.4453323460834644
sorghum,21.0,25.09737391,67.72837887,74.61649888,2473.9366310528676,1.3336878846281173
sorghum,17.0,27.88352946,86.45147631,44.64407105,3107.2620842302968,1.4731053455364147
sorghum,38.0,28.02952623,84.8845732,36.12042927,849.3592602871338,1.3905092629750493
sorghum,21.0,29.75538903,86.45193297,37.54602719,2264.074495617074,1.254321888999699
sorghum,33.0,35.45790488,68.75810535,108.6333046,2824.988091413408,1.4707320794146093
sorghum,47.0,27.44003279,67.10464369,72.50669768,1436.9027048442458,1.4743897292290258
sorghum,20.0,29.36358721,64.98742947,61.91208707,1988.3136460641015,1.3755228291279094
sorghum,23.0,29.25649321,81.97952224,42.02483277,787.3394789344345,1.167498204847119
sorghum,39.0,22.99774444,60.24218572,159.689339,1380.5243209323796,1.441576067609492
sorghum,37.0,27.54384835,69.3478631,69.40878198,2367.01170367576,1.251699614421441
sorghum,33.0,20.04611791,48.93905624,122.4564203,4461.76871570129,1.2743013414620268
sorghum,40.0,28.66086349,86.12194568,50.01534317,4485.060251756533,1.5554010389153143
sorghum,50.0,28.81460716,65.33538112,62.26242533,4418.486724497152,1.525479009166656
sorghum,48.0,30.28496619,61.69295127,65.62859526,2192.3455452013104,1.4616467600894905
sorghum,38.0,33.18184225,38.23184742,198.8298806,822.7215136586601,1.5671556433704432
sorghum,4.0,27.95639663,83.52706038,43.25726752,1794.293748997334,1.1693305368658518
sorghum,2.0,29.86860065,85.99127934,58.41394143,1450.8575014839091,1.1885998520781156
sorghum,19.0,23.6734328,47.2879691,141.12507219999995,556.5062996394183,1.4150460009311543
sorghum,9.0,28.88302142,50.12323801,179.2155874,880.9344411535017,1.04829635627232
sorghum,13.0,30.5753044,34.75591197,177.5764304,2312.767740196264,1.2413156897096698
sorghum,31.0,27.23924995,86.404241,37.31236904,1858.649855217188,1.417302925453827
sorghum,23.0,34.600824700000004,63.11296779,60.41790253,1221.414886537932,1.242481486099867
sorghum,50.0,27.81326852,62.50460464,69.75555541,3364.3998826349884,1.5898878561292702
sorghum,27.0,32.84213012,68.68401492,73.67166182,1928.4623835864743,1.3369189635904262
sorghum,5.0,31.08564994,66.68832981,175.9303271,3907.4714229861775,1.2176356538081214
sorghum,14.0,27.96235681,83.97586797,48.9366954,1463.9086410524692,1.2127583011443106
sorghum,14.0,29.12939524,88.48312598,36.45012824,2653.573960346499,1.2326650549339333
sorghum,44.0,26.42333018,64.51136845,63.46546487,1236.5568685967298,1.640277464549306
sorghum,11.0,27.65280218,89.80650642,56.52558045,2481.202465543368,1.172296800922871
sorghum,31.0,27.11026483,84.96771717,51.52617423,1109.8660359135447,1.3931287976828504
sorghum,24.0,29.8596912,80.03499648,50.66487502,1146.3144974860877,1.344912150543616
sorghum,7.0,22.47253208,62.56532471,96.74706956,2948.893508168063,1.3672502821078212
sorghum,5.0,19.04380471,33.10695144,155.3705624,1555.144168703067,1.143817916205738
sorghum,5.0,31.08564994,66.68832981,175.9303271,1189.4689062569892,1.343808550654341
sorghum,23.0,31.07508973,47.19847683,91.31256412,4219.073000540293,1.4325398346083957
sorghum,29.0,28.28511547,88.4393979,48.56690235,672.0130029602043,1.3704689080234487
sorghum,19.0,27.43329405,87.80507732,54.73367631,2760.5924507835484,1.285168624011959
sorghum,6.0,28.08657178,80.35005927,38.14476781,2693.055367333061,1.1729902069010698
sorghum,27.0,28.98039357,57.23265151,120.7435664,1502.435497612239,1.3288362996153797
sorghum,35.0,28.70562673,81.59200689,59.87065439,2311.0869804512713,1.5163948366596494
sorghum,20.0,25.54960633,63.95425534,63.1830529,850.9511323305419,1.3455979278209438
sorghum,1.0,29.34594634,85.60472562,59.03629954,3385.0805836955424,1.1795125886314382
sorghum,19.0,23.6734328,47.2879691,141.12507219999995,1386.7885935072927,1.193794557249322
sorghum,29.0,19.95991719,59.33157782,195.787103,1273.5414393062238,1.489879370029291
sorghum,52.0,27.74274761,68.53997144,71.78615328,1759.5139131100123,1.8226741361414862
sorghum,34.0,28.44524991,82.67639542,58.18713162,4109.479681052568,1.3939365970362465
sorghum,21.0,28.14448546,82.1193047,46.75690086,3685.8665931341707,1.2362628736119043
sorghum,1.0,29.34594634,85.60472562,59.03629954,4287.569164535031,1.2902656488021575
sorghum,27.0,32.84213012,68.68401492,73.67166182,3107.8493841323416,1.338413026688129
sorghum,4.0,28.79728147,80.45744422,44.30070517,3151.6860441283507,1.2394572230110992
sorghum,43.0,26.87187036,61.61367264,63.51822045,2420.123997704868,1.4762109090408309
sorghum,22.0,29.87888063,87.32761241,44.75215854,4120.745293467902,1.2768897364397886
sorghum,23.0,31.07508973,47.19847683,91.31256412,2543.508597081316,1.2863264777688173
sorghum,58.0,30.94908189,64.23364112,62.78730907,1920.2402831800987,1.392067556088017
sorghum,13.0,29.21780035,87.93724219,43.1386631,3061.5000396706605,1.2402798795199594
sorghum,14.0,29.12939524,88.48312598,36.45012824,2684.557973603854,1.287137356346108
sorghum,24.0,19.3479443,55.96805489,194.5921148,996.0792612395819,1.7825799475722075
sorghum,25.0,28.49538735,60.44848407,74.91559514,2070.901655649718,1.3548607082114732
sorghum,5.0,28.36291385,88.00989267,43.05130077,1753.30164437792,0.9721173803909096
sorghum,16.0,31.48469278,35.6395615,100.546816,3887.3351000445273,1.2377499851083171
sorghum,27.0,29.2114218,87.11497805,51.53848218,2015.370227892435,1.6513152475065813
sorghum,16.0,19.54314136,47.19188279,192.4372194,3786.2209305555707,1.5704614500752196
sorghum,56.0,28.27265858,61.18956161,63.29900785,2269.558375603782,1.4793339261176146
sorghum,21.0,31.52104732,66.55723677,61.71111448,3514.00225378244,1.3442504681877823
sorghum,33.0,27.89636126,88.71782287,57.79863368,1041.1277140447596,1.3268991373973393
sorghum,30.0,29.73013036,82.89166381,50.91511275,4198.60087863385,1.223222558468558
sorghum,5.0,18.72987676,61.33186249,139.8710041,2422.2395631956733,1.1358786205080955
sorghum,21.0,29.36488409,89.1886954,48.30159325,1539.1929825052255,1.3174722973933652
sorghum,34.0,29.78416743,85.16906976,40.77872823,1465.9584254592276,1.19132986122794
sorghum,6.0,28.08657178,80.35005927,38.14476781,1560.3091542998877,1.0939515000336726
sorghum,34.0,32.97030511,60.18122078,73.44678678,1966.8966916718707,1.358905888867549
sorghum,42.0,27.45853567,62.90020977,69.46020927,3370.078130702467,1.4334610385079196
sorghum,21.0,31.52104732,66.55723677,61.71111448,4298.412171603174,1.3240940381413755
sorghum,29.0,28.28511547,88.4393979,48.56690235,3176.1497204945285,1.243638675506137
sorghum,24.0,19.14729038,45.3733757,132.7748215,2688.665083776403,1.389256409435015
sorghum,7.0,20.5591255,60.54880693,191.0895109,2294.3912320685386,1.260228186313804
sorghum,39.0,25.65842532,61.18235808,69.28607828,3812.777868150466,1.6587901524322073
sorghum,26.0,29.10713092,67.90577375,67.83345933,3898.62880978428,1.162898576628038
